1774826711	3kbgxS64jib78e17Mshr9tgNgnpRJyW1ECVbiYrNJnUi4bn17GmbGMweMP1wk3GT3bixsj7LbUMtCFPtZWGNRPvy
1774826493	2kGB1YQ9qYeRbrqqAF9f5niHU36ASWtxQzmJmpZSkyZp9dqpRhABaMAwA8VCTs7PVpp862GTRWp6B4uPj6Ev9WJj
1774826493	X9XjtxPX5GrB8n1VbxQVpM3RVFCTdp4gRHyewczU6ufxPYYPjHufZfqmxFXocxLi3EFrgKxFAiYneokRza5o6EJ
1774826476	5iSHoYumGTd4LLhE1NQVDCFmrBSsfWu6BUE2AaibGCLcGyQwNhkbyPRhjzgG6E3N9e49d3staQVoX5c8axcYmhLi
1774826476	3doshzT29zMP3GbGwbHSE48qS5A5CTYsirfkdpwgfFoHvs4Ls1pCpfpQbfrPaMvVftvvNiwq14vqiEKnFEakCLAD
1774826474	3s2aWD6RSrhroGsJZrqZVtKAojtzszfyWh1ZLHB3BHtAACc6ETWgvgzk4MmnuyqMALMz8p2U7x1HvJgeJokobzzF
1774826474	2tgkqVFU4cN578z11Rq9K9th8FhgfRxPhcX3Y5iBndubotrgX2QVHkrNZLL8dMmjCYDXLz19WDKQbCdvvfvAbH8r
1774826472	5kB9PCrcgmZPKuRTaKoAdE3p4mQmzjfVA3G7pEMrYQKrz9pygbjVxsQdTREgcUzFg4vyD877TttgXass8ydVqiES
1774826472	kzHZ1LNr5Ch9KWsp68JqUtG8FPrdSN5h9Z8RywCjSvwdmwq8h9Uxzm3JLxQjQztpfCAviiqRAFBq8tLTUUPfsmX
1774826314	5rF3T3GJEDsAvamB9u7N2dpgLtbfb1c7oZEmxv4PEcta7c7GZvgaM5Xuz4BNmVphqNV7mrfukGUEHDY8hCyq9gM1
1774826314	4QFXpLMfsocdpyy4cEuKoYYeH6nhTpCH1uFZwGW9XSVuJNgUxFQeA18gkCzvRL7W9CepoWWSSsPpU9AaT86mQJwt
1774826313	4SyCezGu6CWEo9MwHsEMpqvYrZ2jQFirTSqPQkizW418Au4bDHcUcJeLacpVyoS4q712X42sZGdRFNMhJUF8hy7Y
1774826313	5FCA17ymVRryJoQSeeVH9a5MC78wwwqTwPPuCkPysmnL2zw8bKA3reFBJNei16YCEVaDsgYcG99MyKTeNdySaJe9
1774826313	51CiF2TMQuL6eGb49ZasnPYPwob2APdnHJjk2S9WiKzquYyTDKWVcqSBKJ5ZgPmuvJRRoTX3fjDuL7KZNRBE8jeN
1774826313	61LiHwp8fJoATQDncqwA57iMYsensnFKBZLDDgdJfA1zQ7zoX5LtqiEDocyu3PzcVEnWxAZ4siQ5N3Sfr2s63u1V
1774826207	2HwgHZfzs3rYV4H32pmaG2f5RruGvmXtjFcYG7G4CFZBZ2CdhC43oKrgJVLBobvDEy2z5t6Jic4f7xR2nLmdC3zT
1774826207	3HxBskB82gdtc4gWR7wU6YKAVTszKta26nsprAPq3A5HrEE1qwRtBuuP3JwHBxp3cNUaXShjDWtJYZ5yrfQXR66k
1774825265	5oeUowd1RpwfZkThEWRdFN1XrHL66PqNMRXD6Q4YZz77R2LWGP1NuXTAdN9wfzKdxQBJN6qST9M7H5wKFC715oZi
1774825265	cVkgjEDC1UjgJC3mLB5bCFK4E7Cwr1HDyajG5BZZLVhFgBfPPcB4uZaEoPLVbG5zDP254naz7TKSCJcNNZrRFxG
1774825264	5VJDGStjFb64qzkGY3d8YJ9QUutcyLgAkVCiUnkG55XCCZBaHfteZDWeEihKiQeKzYVZDejS5YWnNR6EA9Jr313G
1774825264	5hJi3G1kFm3n5PrzRrbAK7Yf4ky9Fq5enJhW3Ja81kxJBvdbxKQ8iqWQKnLfPvsmE9ffBEkwkXfrMTcNpPguZZud
1774825263	4vL6GdotdPASHzXnEH8Hny86Es7ELkxGd2fKkFZ1e3dkfzKtPa6WcQRJXm1bgw11xCTdqd1a3C3tqhEr6NUMCqMa
1774825263	4UFKizGUChK1gEECsg9kyazf5uJ9gyFKqtjmhwCoAX91tqcWoCnVN17n6eSK6sYPMGAgj3yycRpqYdjaB5nveoZJ
1774825263	2ybMu7CV2MW6a9hcYFVPUujmWsurq5cL5gVehZVFD6KfXaHqFjJFnx3Zqi1W2kvRhjBJGKtjZbxAc5xAQ6kh1PSk
1774825263	57BWcREYSTw4qBoxJ8HJAGvPzEGWspAQboQx2vtskndrWLWi9v441Hug1ZYwU1XhCAXVhn5xcEsEHgVizUcdB8PY
1774825263	3dwNiMtDqLcvkjQT5Zfs5C8jSs4yoED8kfk5PKvPpyf2ex7VP5Hz8tYjdySv8Luid84hcEdA4v1ymS9VeWw4BShu
1774825263	3kvtcwTr4HmcthmCPhSRiFff4iHLppJgP2V9QyynCxe4crvrGtVfuuXRbS5hBZmbNzDJay5LMxNgLVCrxEYcGCkW
1774825226	5YeXEPTxPGWxzAZCkozh919umBr5rFqFtDgsdvRUj1iRMiEGXxBpeVwbjDMPruWTMD16NuCWksNJo8PYMnChHJxF
1774825226	4ab8wnR2WxxViBpL9JefWE4eW2FtDAd4eZA4Yxv2Q5C51nXi5WsFd6PnHLM7ZhEJ1sst7PoQ9DRPeh6wJ64ZhKtE
1774825097	3j2rSEZ7RAFNWhpJMPcWz71Q73LehqjB67qMtSpNTdBkfN2gYPwFgTqdpzhS37nM6XSwixGZ4JxRHhZeqnr7K1m2
1774825097	3D2r1d2rYB1j5xgnJjw38Qc2edUzEgbxB6FTeFrmoyXDxDMiLWw3YFyzW9kEKS3SfPhWPm3WkYkTC1xS6rc1RPW5
1774825097	4GGer8KeNr91dwYc9EZ5wXJn3BzScmvjJoN1t4dnb6szi2YEYGHvvVypGEJH4w5vwqRCT52o1AC57xvWows4qv1k
1774825097	5PdtwFKtBLSASPxEFb7WdvYsNJVNZEavk7QN3CUyMZJ3Rwa7Nw5KnRDkKaUvGVNBxKoEyEh3hFfoJjt79LLurzip
1774825097	4L7aPj87s17QBmu5T3qcdfL6GGGerWN6uioxT61u8QYehuc58QTggCH12S3f4GbpV8eJB1jhAAg7aRqcXowkSHc6
1774825097	5yX7tTiQuEZfwih7ahXJb1P74z5o4GB4jrESe3XHbEP6bX25auj7zDmTfwRBuanUNHWhvjYDi8mfw4ejTuQoa2Va
1774825097	KeyYBNkWsgT7jWZqqyxwMTjqRYVHgxU14mtemS4hXQkxAdUUv8JE5CAnhTY1n6Z7fQjQfWf8Zym23CMQ3Nvsfwz
1774825097	3JzoE6WaZxtD3WZNiuZwWg4qfuaj2Xh7XwtLDfVsnh8Hi7yEWZQRrKaNAVqta7FyhXUkKvnoSJFtVFMMeQyk73Sw
1774825097	5qMAk68GZNjLUhQwituvgUZRrtinKqNdRaujtga9apsubjw9xatewK8kR6GWc1RD6aiQUjQVbGEQ8pnkvPAYiGDv
1774825097	4BD7irqAk2K1NeVscYQ4FwXh6WdUD7vMf357GHYrCWAhoUYWkdrfcW6iJ6yQuyDevZy75NEjyAqnCHAcx485BvKA
1774825046	2rbnNe2vDHUoDZSL8nCU95xkT6ncqfND5HWrP5YEv4axfgtMWWCrb5r8QdRnWaBgc3vNdqejUaQqGvU9ow3KmSST
1774825045	VaCBQ8z3BBu6A5vdjLkvWtHaWK1z1j2wv1Ax6nQnkPra3oExh8g4Mq2HmpcWSarHX4SJTyEKGJoS7fj2CShrgaA
1774824967	RPCabVBs7YSVsLCPzZayHiEh2bHhbGs6p6aRjPNFr1LZzsBWrCaMdw1nfRE8kDAa31LhmBYzqgyZPnofweQYbnX
1774824887	5c47pK7vbpiqXeWa9bPnEP3QQFnPCJ3LSAyWZHmZhuCxhHEJTMaZCrpuiLacP9c5GtuXdWqs1gaigM5vrbhuT3G4
1774824607	392jEopZM9ZWHw9pUU2WweWsKiniia12LdJw9HnB53rrzDhfY5YuQE2q9k67F1WAvD3gs6s4DmgCqoVYndHmsrce
1774824607	4HFZdrYccKnp5T4NfB21PYBTvM97uMc1qVQz3xeE8tnz9Z1wYT4HPRQhaabNDCSZXJRhxpNcN2o4Ry1PAinXJWCN
1774824544	4SYiA3TAB9TYkJhoZ5BUu8gcphzgadf7fn3XQDo9F1G2qFhKj5A91uabhzdL25NGV9HArSQvUuibBM3XYHfKyRj2
1774824544	49jJY4sobXD3xZP3yFnrNoBWxy2f2aREmsDnHjMMC5WcNF7wLxoUUdbvRqXd1x67NjZUiKrycwk61dy2eTdA9uLZ
1774824378	UsBjtit7wML75NWzmHEgqA3HZ6EoaVgQ5osCFSzxAXxL3PghL8WbqHp1ks9gZ99HHgMFHwjuzZFL7MGQUJtXiCC
1774824177	4PKWt6PMXECmXjo5inpV8z3vmAG9PVrQTB5BsyEropSZsKe87unFHdJi7DTYgiJjL8NuMWWYWWNufvo479CwsVmQ
1774824175	3tcFuK5QZNDA2gQCcSHCv8z5FgdJCkhppPTgHg37yRDfhF45kYhzj56tynZSeVY2k4TsoorZD4x65MBFrqwdoq88
1774824175	2UPnoEoipSuuskPYWup7h9s7qzqv4mC7VBEnuarkDKSnEUkfAKo3xkY1Li5z3EBFhK9xonhvEPnXjYMXpMkkuG8m
1774824175	4Y27esopd6cKUTGwJ1qJQG5pQ95H8s2vXsTLLFdHt5MRps6MQphKEk4SJKZNaJempdoG3PKxSN89rbXwzQMS5iwX
1774824169	4m3DxPRjDv1VZFjyeYxnZBzRXuxboZ4VLQiYFqSRN7t7ApRTtMu6eBF7UoFm9Sv6Ka3bgAcYhbbN5x3EhDTUpori
1774824169	aL7LxLbwRJWjnStLh8TXAEsFg7iTDEdeobbkjPmfnEKiAG7knBvc9TgopK3d9RjEhCNaPihvBgSCQt1n3BQh6BZ
1774824159	3AVe1cBZm3V533hTHn5JU2JgZGL2FNRcncFb4P1TykCt8g3KnrERZ6qMV5fd9EdjEe85ov388UBTdjmK3Fy4TT3j
1774824136	vcTopUieTCG3xhsHy4zkARetpq1w1Nqk9VfP6pbtRwzHHMjCHYVifPjs1EzVh1DiRNonZAa9kxv9PaEtS8szMca
1774824136	2oupMfkgemeEA73hrYoqhXLXNDkv3FXZzVUysA9eNFGm7brgjrLCRSF2Qak7MGVZfj16WUddhxjCzsPfss3qu8vf
1774824136	4n4nDDEFSJYPkn4Bifqpjqt7MBhShcdcMVwWQcTwGN6NAwB2ZstisExcLFK6nxuBJ9UKs2wctxie1SVuNSi4mQV6
1774824136	2EKZwpZjNRcdAtdShi56vEt1TXzYWmUbgt5LTJn9Ka1DkE4qsXwb5HDKs5L8B2mRCxBsJto6Ek8wJv9VDXF2PKtz
1774824136	3MTuiCBzFhY7BFCtoekRfwFS11yGV8M9VmKB1ci1ctEtYWcUif6kKRRYUJ8y1zcP8MpmV3eyba8agkprVapdDCSP
1774824136	3BUvYfsFFskcnCE13twWzS1us6t3dKeaGYh7GquQYr3wKNa8yt4p64hNsy3baQJruSTW6woDMTt6qpef4UzYojco
1774824136	mih6qioNCTepfMExoMdvfxT8pNkTJipBkhdGGokUrxFUKVG5J1RFzzHz6G7erngAiLaA2N3skNQ49ek5pGc7ybm
1774824116	4EyDoWBt2DNM32kWkf5GrHMDbterLYRzVkVndujykp2f2C99kREKVKXhin7faDDkFKinNsTnDc7Mrq7mY7Wfi6sL
1774824116	62SquRvhN8sYJJnRyPkvsuVUPa8YzCQqrkJ1xMYjDAVfXUxQwUWULwzaJ6Vhj9ytHm8cBikMUF4VGg8zLggb2zvL
1774824116	5edYGT3Rb4B4hXHMmGy9tBbm82quX6QsyNBJ1YfzTYUWB39aYAasYprxnkhan39JJdXnLDtqtfV1cxJ4Pt6oUPgf
1774824116	5XU22bV7oH2TJYvEVY1a58B3tgmcfgqptfnCNf5y84h3cqkhunv9BNNMikPTtTykHmMiZa8F2ZL8oUVuRfQt5gyp
1774824103	3H876938Zy2eWXWvnnYJK3ozHBxP4w4hdhX1R2kt8CmK3r5dwoSY9RVhA6KfLY3zxEoEsTwdM8sD8JdpzF6Saiww
1774824103	2MWjTTbVhd4zY9kQuWN6wL11e4hCuRpyX9dr8JAqTh2Pkdr4sBXBqjzh5dBcHodfm3dusnMxwLGbCG2Ss2a6RsmL
1774824103	3fgGuZ56L9Yc7qYTJp2GdabUodQ9gNj6VLMH9aSRKW4so2YyeV75C4E11Ea7mDfaHCHJ6bPEwBbuMTqf2bk5Fyyi
1774824103	2oJr775w1NYTMcSsjKNJtq47C5ux9T1qWuH3dB1WEAXhCBhugwoH5dPyr9U6iHUt636Ycxd6dpFR8M4xb8mPJAZu
1774824103	4Fk59UyacbJ1jRhNoMWq6zc8s7ZFcAtzGkyHn2uUsCfe15c4iKzuU9LGvyJBmKewVJ1zM5upCJKx9aWYpddvnMJ8
1774824103	2YWptognTnfPStpL5H9o5EYkpW9jCJ4KYGEQtfePfLm5Cvmb71rQd3LvuzbXW6GjNBuHjbEtofnjRSQRVp89mvEi
1774822975	2vDW2pkQYxTDHMgWgLbbg1K2ffdcMFmvggnrC3Q4vZcp5xxKDN6d1MBNqDCyYGcZN4k3kM9p9H3dhwfKBKpw3itg
1774822975	3MRWqVFBZrQvdynjicjgpWtc124zzu6UWkkBWXt2QKPhpGLV8XbzXZTQu1NzUns3qTJ3u5ieThJoPbAPBBZd9o7s
1774822774	4SKczjGgCgyxEGR4k5RYwHY5vUs2EiXYTz1Baa7hSjxytdKb96q7NiAURYEXbWrozCghWUZQFhhk5Ntim4KLFXVW
1774822774	3wrmRv7uS6mz21TeWg8t26Dmqs2L5Q5njZJ2xcSgXxYVWTK4nknWFyPEHpfXV2hWn91ffNxNekep2vtiJwpP4kDH
1774822774	KKatZDQcgngEFdsUKnfwrZmFvZEcSVfgxD4diLBuewXuPNjhjsyUZZRknkjWy6Q8nayfQaiGessiYgPJNDQZ7Vd
1774822774	jv7eJD4uf7SVJK3Dmeqrx5PMBUG1hTmaLiBD9ttYFWrMX1Wn4B6utf4z11BaRepgAYkzDVdBPjovgDWE6m7jwnE
1774822773	5zfNPnUyPLkXTAXgdFLyxHtA5ono7a8LYWaqQB7DUwcszwghPdDb6jdqn9gTqDCXNL9QJESR3hbV3pCw9fwVLkcV
1774822773	4PnixsS8NxvVhA6UtEQZDdptiD6CS13fML9KXNJNG8SzvRZwS6dwJu1t7x7pmC2qPnmA89gmsWi3gT44QBCvY3jx
1774822773	2kTqPKrREVmQDEFqRNy4XMWK8H5fE5PFVqVdBTpxfSN2LwSxiUrWx6rfJMZpiRVHViLfsCrbADXbfjUYLVQPXwst
1774822773	2WBBtp58bWp8wUHuQvZmBmyX7Wf9KfzXPR9nutTDF5SyLoRT4b7MYmTDDTEuz6aqHLnCyS436WAiiSMhsvoUfPL3
1774822773	3PJtAyEmc3fxPzvzzkiYNUDG879qz3fSn14FWyPf8PrKhvyT262JcrDF25PeniqFUwwM5sMV5K2Wk5dwKSk8hsUS
1774822773	4NtqFt4eJBZWz9pUAN51ZrTannVzEyWR6S5RpUet7D1A1GdDds6Sm9TRwtDm21QQbURkPprSjUXdrALDcfRYytKK
1774822773	ZMwXdNoXoACJvx65MH1dEUznDbCwTeo8e8vk61sP2somrFGvxdyhTjJRohUds6GRFAknMg7DDNFEoPJixYXeKra
1774822771	4E4T33zZqEqFPZ36LZaTGkZg8TGDyLhk8RjwauiXhxyStuZ4GL73NnZn94M954f9ztYkesFBgryHjLG7VtWkejkC
1774822771	3b6H9PQaufQUKkXU3xXboibrFfba6zibUB6cGbLFakxChp1zhUAKmYvZcizZRmVEuy8mHg2bncBdtWh6ErAVTM5X
1774822771	41CHAqXddhZ4NUeQ3rC9otF1E8hAi6wHuFwjc9EfFkBa7siVEXUsXUw784q3zsPWMyy2dH6gcHHmvNPLPLL5w4H
1774822771	4vQ9RjxJwCm8cgM9TwptxpWVpi9cmv6BCavJsCwJDSgMZGYN8m4zquyGFm8qGB9vrzpXWM56HfCPTX28yyPGS9ZP
1774822771	ZsBGBzCqQXcKSyi3cDDygcFtkUWQHbxFFe2dBaFp7RMkqrvRrQ4dQZTbe4rd4cbcSv5erapEtFfidQCYoy5UAL1
1774822771	5CK5JXtxkwfhq88N7E3PKZ2jg2qZSvFxCjruQaXG9oVjJCQP3VUFB6bfCoEsnUi7YxN4yqtvLWXQR4Rwo2DJEHTG
1774822771	v6hgG7b6Hfta1oevJ1hCmqe9UWjkkuhrqW6oTkJNbNv31VVbFwvLJ9mqWH8poEwzoqMN2of9K4ugajWVG4CjCW9
1774822771	2oGoFs2K2EkobKNkupP4CEBWrxp6opWTQxadt28B21ihW7wzLQcZMhcEG3RZvHrb2F6EkC6qcxrDWaZGDNZ3q8KK
1774822771	3Ri6anadL5tz6YMSu1mFwTb8NfzGr8A6FYQnrkgZRwWYFiWkKhS8t64qdjNp89jZh6kHdRw9bwVvU5t6CCi5zjzt
1774822771	PPHgvKFgM6yZH5ggdxZzjEFyWUTvGHiLxuN9Carvk5du1fVUACeBk94ZL4eVBojS1FVHDm3XMjBfxybHuBAhEYe
1774822771	t5YHnRiwoeD9nuRFv5wZa498VW9JNuucxPigFQzD7pte4qUNYqywa4BDvmipKAwsfqApcaMxdS8zXHnZkW7EmVr
1774822771	4Nv3ARL3ZJcFwZWRiEwQPKm52f3AqFKSTRZv5fBBS3mqpv54nEUd82E1tYBQyGnrEt4855Q84xCYX4LyC25tqSxP
1774822771	3KM9nCSbfaadVxUMr84yL4FeGea6aavgi8LMLEpUf7pHt5xtGDz9wQMAkvhaq7hgUkK6L22JiJAazEx2R2KsXsWV
1774822771	2NMYhLb9JWjMXehExzMXMKs4q6UXo1KbbcwkAkYg6PxvyCy2ZEd15VYq6BURHj3MkvevxuaRHZj5QhKUWN6JeLCd
1774822771	NfeKiyFLBHTEkBBGdYzNTjVPZZaouxLAx9Szgc9fv1XviAHpkjxjieBJ4xdiswxtTV44oM7iswhpCmeDCHfEUvN
1774822771	2tPrvLxEoYxRgMaMVzeavEkpwtNUYEKJK2wZ9UHgd8HA1Vur1wpmRKRPNU75TLfT8EB6GNvq3byaYJX1CXL67xn2
1774822771	WQcEvaXcwdaSAEcE3UesuUMFZwGrSPzgr3JSC4KVMchamhTe9BUfLBEqN4pXV5YHf1JfS1LRuSE8866nfHVm2QM
1774822771	261Z8sZfh9uAVgt6qWgV4hBjjfiWsnx6j1wPavj6RoWjxqYQjtYpZ6d5VZQTRFDPvyTfkS4P7oSUPc1E66HwzXbQ
1774822771	5oKwBsCaAS2KwkH9X7AxBFcwL2XEzPk6DHyP6CvYFLvqZWTE3GdT1vjXScCgBjVAR6dMqSDK55Xj5fYnFccWKvFZ
1774822771	5LEss5JYMHX4cPSVPCY5uqLG89EZNv2CfjAVUwwdAwWCgtqzVsu4zmRppeW4qFAUvdYqoaN5Xagedzx9RKsvvSdB
1774822771	61xfnJ9UAacGRHuyzNojwV9fWDmpZgtVCFn9ZtYcEbUhqaYcrCPSon2YFHAky9FsvGk4svVQ1x4RPA5YrGnwz6jf
1774822771	3B1abfWxCV3phMZD3QwLCEZEASLumQ7gqQmDs26c3WLU9wVB6tqZ4XkciX7DekrLAj2xYbgdkeTL38URSa44W1HL
1774822769	3N6Qz3DibgEDXb9D1DMCts8r4sSiPruPjbXG7x74o2jTky2cpkDxtsWQVUgx9ZNrV8UVDwJaeNHhCuLSxtwapoPq
1774822769	2PzfvzFkFq1wxuo1ZuVoNaR7f52FKX3qMxMDzAwHUCN4Q7STdcTP8krnMA3dvzA4EAT5m6zvtygLgx2hXGxKf2fH
1774822769	Zy5VaWVJbURy3QHt49FvHapZPGiXq2zh827nu5pNBuymJQfdgzWDkLgmTktjaHpP6RMsXumZYRRgW5iSSZweUiB
1774822769	22caxq4gnhVuJ1JEZsqNvBDC4Hsd6qe8oEbQNEYXG81tJNqUnP9j951qGspYi1ARfphT6h4XmnRZCXg497STKKDs
1774822769	G3tfS4StxHM4j8sLLBbtL4B9nXHWaUeX1sVp9QDNPNnLn9DD3Ga4P6TEym4gY2WwhC9fiRrWywmJ7HvdRutbP9V
1774822769	2vCEKErxZjKdBdmL1VXyYep1hXtczWBEWqUPoatowFrhQAmk5as7fGhFkhqMWrkJdK1nQ1F3CP1gAd3oZTP7Komk
1774822767	3RZN2i5w1UyNZNqdahjbYCF4vuydRVHHgNkxNTKxCAzwuwvQ3D6XASjkUTgHCQZeFEqMGejqgE857gC9J3dJ68y7
1774822767	4bLWABS82uB7BMPxotBmsQKUp5idRqJHxqFBxxw7J3ggnBpCMk4PnUBsCDa9boT7QKmwHGGVnHjEyhfqaEDuEcaT
1774822767	43bqeTNvG5s3eanwRCv73ocRd4yimxe1u6L9LnxZVEMu1e1zUiCU9vZYidKaWWm1WX78P7noeT5FSiZsz7264Cgw
1774822767	64Gs4ha4YGD5YH4YnnuFfrneFmRC1w848duyAP77KQnPum8pdFhuEhWtuDYCJLRJ9XhgZTESfQt1k6HMLyKBZzMU
1774822767	4evNpwC66FNqowVKnayfQ2SFap45RorGNkVEqe1zms2H29rwpfEkevTE6A42fYD38Ad87VtgVS6dp9ehnSmS1FdN
1774822767	eMDwcvFt4xfQh6T27pcMubT6RxaG8JD9w99grfiv2rpEkMoXtdCsLQ7tyRWJqQnDn8BZNk5Yj2C72m3aTccK8UA
1774822767	5c4WS4edy6HU98m2B9CKv1H3TCRktRaBnx1oTxbUPbeKynEAfJqkEh7rHepKgHgT5fnom8xe5jEhbujni23FZY8v
1774822767	3atLUbctDjDgHwdmTtCYJ2FgAAQHJLEHP6MgULt16tNXhuABDTVD9rbnzwb8G1p2zz6aABZeTE54RWKQVqVVt6r6
1774822767	5FzYHC1WbPz6DxFwv1LVKgN7LZ2iFLwbBEkEtyixSWkZY3ewjpJ17DLJebVE8hjKBbFJ3T1ZQvVN3hhdPGuj35dX
1774822767	phDKRuibrfyfmGmCSyUP6ewi2EHzffpicu9MM7XuV4UwUSVmdyWrd5mF2yRorHLnFQV55GEPNJ5Xo83MG6hUucm
1774822766	2CJm5VHvF7iJZtX6qTDp6KEXuMnHi48xJwESRizEjvcada5BEKHyAE2YiRYHeHN4HZ2NWRzRcSD2CX842uFkiZ69
1774822766	457yybgbm8vsKU7wJQm8D8ReUKKSvWMKUN4dWLrBd561bNeaLd2M8n9FgpKZtuB3eyHBU1hiUCzxjcYVVe4aDDL2
1774822766	5EBQaxGGMf1Bj6z2UM9dRav1nU7mxG1pvAGEH2UtZPyQjMWghqbBHXEiaTFufdR5e3UcjXsiXoFG5iW6yTkettKY
1774822766	2D8EZzhVqmEmxDk8KA9vvBippL6mWxefRQFGdKteAsFpUhHBNvNLqSmh6mUPHv2J3EzXh3x3S7qVMhPdVrgxthnt
1774822766	2WjZrxyV425jAUrgSJGsdifA1pwJZmvzQsqX6RXyRBoUiGUHtndBXRunjCQjmGxAgC3pw8oQfF7Z9gZA7kiqpLxi
1774822766	3gAr6jhenUJGJMK6DgqrQrG94XF9KyRtFYRaqta4nw1aWB3r5bAQhkXZkrGfWtPCFXEnomzEkdZVEU5qWeUiBPPo
1774822766	5pCnZoputTKgcYLMi99hyWetckQvwFuN6J6BLokAxSMEWxiNNMGHvs93yNuvgwVPToNBMH5E4EyWPmmfJSqGwicw
1774822766	2WA1DVnQgqF6DxuvBz778RKBnjimY6vJ6kdg5dSV5532xFZKZNX3MVhaWAPrHUy9qDHV7TRXc7zsyMk8qaSLaQaS
1774822766	3gcDRXeNQTcH6ZK5w8CweTbBfrMGa24Tavp1TuWTDKRARJ1jkq9egA2uXD9pbnHKnGu6XRDv9W9ELRxFXujUaed
1774822766	2gWjtpCJsrxDeiTtD6v1koHvkQvgNKVc169ynx7nKWtTD9ZQZVYx8B6kCExrA7ViBWPBztNtNUpgqhTeY8upzDD8
1774821983	2mjtazDog6t7okvWm9MFSg6Qx8qZpuTE8aX8gxJw7ZqUhYwncRr5nARSAAYQTUnQCUbAPjotP8tjvmzqHpRB5gVw
1774821917	5D2Kfqug795qk4D1cKPPS2MhXLXSBKej7a6ZJnQttMqBV3q8gipKWAuyocNc3TqFKoCTx5AC1LvuBBZoDyA8351V
1774820805	2N6NkWcgrz3YptFeJ7CwJbSjqod4n8ZJj5aGCZgFAJPxHGdNAU46aF9pUtUC6aN97MqRYSNetwkrfG8xvRojDuTU
1774820805	3t5WA52VtVi3ShALAhA3w1xfEPZqbuZV8CvYNBr94EEr4GjvBxe75pLukwzd4g7aaBwiTARFUp7kTNi1XCWnK1RK
1774820794	3bGf2twy7yAezkcj8eA7UhUN5VnFNRBT1uksD1tax1df13Y9946sf5YvV3QmrUMwScAH4BYEsv2Uq3pEfWkgMT3u
1774820794	4NXgPSrcWs2ecyia1vkBDMXkao7TgyHfPMdM8VQUn8RtBzhwKa76G64GqSYHfY1denrRGZFuzNwC9h5sDneqs8Di
1774820773	2vbyTuBKjdgfvZE4f5webhjJ41mjcgrhoWfWZLTQNmmmhoBxmDDo5ApoDWtuhshoWq7TTN1YEh1GzrvqvZ9q1r3s
1774820773	2o8gTXzsfgZyKVsH6iP6ySjbpt84EhQWeZHXbzWocjSVgDE77oU4ESw976e82kAeoqebA9VBo5F9MQoiKXg74D3s
1774820771	2Hox4ThQMpxNxAjUA6VGN6NCVoaxFUYXkUcPkehUFWGgxGA1sx5nm6PGMEzQ1DMJKHv6SWz2fopEWAyVTp2WnvwY
1774820771	2WWyvZdMW25B6cMvYZk8iSnYruaBA6UCVAWrVhEfGftfEF3KNCLmuwATca8FNeARRgpALotf6Em5v6i5ysC7nfNd
1774820355	3SbCRvdfNfQkCq51ucmsnpGaTWJAHudXoYxGCeQ2tzDp3KZyd1VWReG8q8XeaNoRA4xiC5h3Ge5rQaAqiMTL9Jo9
1774820345	3HkMJHf7xMw3JBH3fqXueG4dZevpgPcz82UoQL6KcnDCMkkYMjLhMEAGxy31Wir711zcMshpP1ze6qZyu3AwQ2X8
1774820345	UddFJV6YFzY2P51X8WGf8CJVkQagugZoZbZ8ktfAJ5VNTmFUD1AtMrT6b6YGu1CNstnBm1TsQd6GBA7191Ss9M4
1774820339	2rq1woStteJLiCKbv6ghy47F2ASduKtN6pHsfd6SMrgme57bDT1XXEhb2yNVyLYCR3Rhspqd1ksii1a6Awwi82sh
1774820339	69EQVWSA4Tbpgsbj99kbsSUmBw7kuyinjcr7NYRnPWv6Q4A6LPDcBzQBGSr4uCDq2fvarFLHFsi57CWs7pZXsii
1774820323	5CyXp3ivhyT8uqu2sfpXdBEB3SLHGNjRSg3ZrA6xtdZfLjWbCorfeQj1nzhzffmmuG8GV5V4zvBtech9WHb7Bj7P
1774820323	2bwvzCmjUY2N3bhr4QdRKTyE26smKneP1gBtKvDgMW9SDTRTaGAbr7pjo7RL3QGR94TgZYVRqvx12NzrvN3KC3gE
1774820323	2TbbR3YsAPpHX9uJdNgU2wei4JhVh2TYFMu8UsZD2QLDiKcRx25MUXSzKraxizDwimkgku8GAabz7ni7ARSQWGbY
1774820309	5Z3drPbPdc3ykovrrb3QHEFdgZ2K4M3A6uomW3rFNDEkq19Bh9x5Jofp5dMy7YWZbfs44YEEnktJFHvpNqqBodak
1774820309	22GQjHAXk6G3jKsBhPApS9T39oNzeYppyqoWEUgCE34N8hWr5n4AGF7Byf85PZdv46jeE7NP7CDkrvFfyGksRj3g
1774820306	5SnhPAsAJez2bhz9tk9Tskac4msGoT9q8u7CzuH3sT5dJ6jWYCAyMhUwQV6EN7h5RUZJ2BPiVad6nkusgBhTFSSB
1774820306	3P6BWXfFvirupRd23LQ3BWPd85nuM2pXo5uaDDkfi5Cnur4MnHnp9ZNjdv6gdn4ajn8jf9XqTVS6qpuTFjaL37Vt
1774820304	3doXe1GgqmXaYzmTCnmMQri1WnTDu3nGGNLxFMoq6AUS7iGqwwhjXij8JqXm3be4pnxsrQcBpBtJXdqPhKDaL2NP
1774820246	3NQoGD34fCM1Gjg87mtZLZY3Fac2Zc7XPkxQ2fiJ1jZZ4gtXfkjHWBAc9PD4Emoj9baZwj3HmiiB3aJoVoAra7Db
1774820226	B7GiiGWquQSXkitTiT6dtn1zjLXaCGKiUckvxckBLbZ5gFjS2e1mTpeQNt7grhLzQFpoht6ZPT8Q6JAop6G4MqC
1774820171	4HdEvrRxdQm7DzuBa1jNB4PbVuBXLvV1yyT9CDB89TtLjFKFDpkU8aZRmQ7SvdNeafSVMAnWJagMea2jHQq5ZS7g
1774820171	3P3ckTJrQXVkWrxD3TL4uV8RoAoib8d44hTj3LwwtKH88A5z5zkphnQkm2NycaPKqUKeoFhMQVn3pjYKHzexVHCN
1774820153	5jk2v5vcUJUML5iNpyTKe7aWbdwEpHY59GSLKHGLp9t7rsJ3iqdpggxfkkMXDDXBZqCSsgPU4GM92kWn2WxeZ6yt
1774820153	41qXAwYXvCR566V3akkFE9DvHnEWYukLR1JsPqP3EBb7dH1bcT7bCDEt6XmfuA8nvCJR428pa7fcMtuLDvWxHS6Q
1774820153	61xtjDACcC3b6jxB2vcpejHXAtYDko3LaPP8DtNwZi9fD5ZhUmmzAhmhgnG62GU5aG8ZXXehVrcobYWUd4adDxHg
1774818295	2ku6yCE8BWdYxMhvAYCcj51emJpyVrP7aqE1UfR4ZaTje63BBAEZS8NYQgdFozdpmjWKykNW84uYMER9Bjqqw7ri
1774818295	2wKZnEUNUTi4fqHwXGqnaQVSbA9Ryxh32vp7h6JHDTXAtygQv3H7hSPaiAFtY1hKXrqP2euFWYh3WMMkk9egmYMv
1774818295	4WBja58tSFUdJjGoaXMAPVXMyebFih7XNrqmCLCjTgagDKntYjCx8un3ADwFynkGNV8TvoSAm18ev6vpTNrUrphe
1774818294	38qDadZ9U5J2YhcGLo3wBMbZPU2hBkLT7JS6NzqdRrWdxBKcvyeuTxALRAA8Co6BNUfE1kNHQbpzpcd9rCP7UJqd
1774818291	5yKHSYJ4TQf5Eyew7j6hdPQmjSNScvuA9Xnpm44Ny6rbiTFoF2ryULnBxPEv6cGma6VSZGWSU8JvZ2xtj2bYE5Jh
1774818291	49s3YP4H1aKLDwU5aXd57GF7vYdtU6X5KLRR5Y5iCF8bAU1McCmFsLt19YfY8TKpEdDyUV98tN8937SYHu3LDWCm
1774818291	3sEe8nAPUBWmSQWvTz5BkfJJRaKjmEbujuTiQS5ccLXKE1d33EVC3HkFmSXovpW7h2eF73M5XfinweNqAUT5oj6B
1774818291	5jmJpBrW4xNhLhh7hmvY5XZFdv87ckDfaeLDsZRe2daTXB7xLGba9LouerZC8Wn6vRNUTpXfVRNgWVTKt8wuEaK9
1774818290	5srThMF33kBqB9sTxQXohM9iz5fEjqk3Sq1FQQQqgXjUhZjCthrDi7mRkW2pPnVFVatmdhL9829Qwn53PTr7V4Cz
1774818290	2BneBqxkXdoMYaHKw9czpbr9CASmWRK47ZtQMD5EAgvH3ssDMAU8kc4UY3zPabGJKQpYo5kXZic5MAaPuMkJtBpJ
1774818290	2Fu3oZ89jVww1atrJtrx37QR5c2cSe3dyoYquj1U1P7G7XXMC2wPrVxnB9KT9a6UsQNns9j9Diur1u41eXpW8SZ2
1774818290	4zrqtf1NbYdh8V2pcMCkHsBdGBo76hVacAvuZhtwjWseFi863wX2tknSYfvzHyz6z1tNnmMPzP3CXd2HmEbPEzU4
1774818111	29F7j3N9mGS9zAsv1iLyuqajAUmr1jUupcGpEZnma6yA6TCGo8mnwsAZdLXZvvA2zcHJepvtm8qX4k5hWyBVkFDf
1774818111	23iFg2NuUMQHzWB67ZHtrTvS6hyDLqiTMXdAK8TaMUBF5QMi96FY3VD69GjmtxgrTDDgtjaCdJbV7vQtydgUWqMp
1774818099	5UpU7cqXemfvBUadpTqgaobM65xR9UmgNvk5mS6FZubhxPyRYywyFBxYPC6CupuCrkUFxqwvG3ZrGmTiqZWgBhFY
1774817873	5QWCKqpKqCPxoGfXYw4UpKBFAN6YKo5LjA8Cg5DdbEqhUucnke5ENtt5pvviqg1fpcMpi2sEBS4pds9LfGbKDkcL
1774817873	Arwf364qEMWMuDntuxcBhiR3pqnaCEdjGUBEa9fyjbN6NAHi6yRN1AKCAZvcX7TDS61yJaCubs3Y19x9JuG8VL2
1774817681	3X2sPwzNx2eiqQ1nxn5s15JTyGtYpYb54dYyEqnNQ8kdLZqGAQ8vwECzLDcm1zDyik1g6VrfSLriicmJwb2vFobv
1774817681	4UMENcbHSoJFN73JGYBinc9a86djTRJrAA5DHVXbZv8pLd4kpMff2o3FxbPvjMHkoLeZLu9GhFp44wtnhsnC9PBU
1774817667	32YX5hPXEx5TVkHrXDeDXtE737JkF9grxReSUsgE5eVJUZrqhUtuxqWgBeu6ZoM2A8aq9QXH6ptSUC4JseWCKQqC
1774817667	2AbsHuNmzTJ76esuPd4i5BvGVt8qRWdzW63ADwndtGEnNj2bKE4R7jpVJxt1JH2pnsgmvXsdLsjJTk4toiPNERiA
1774817250	t3V2wWhuv9uaDqjUUrigE4Z6S5RDYB2Hm4z4aH1wiaooQJguAK8mSyL2km9gQ5hiwgX79uR8yefJ91muS54WnKp
1774817249	oc9ZwHFAmkUzrYKY4Uw7LNWPKX9Rm1SbHzujtK1EweRyLb4dj8rHvsQ2dc4tf7xQxqZQBicBFC3SrgUZoyCU8WB
1774815869	Ai5SkJywCCmYuRgkCdyNRTTYFDudRDBZBcUPz4METNSudLVgz216a11dm47EsvpUVP3CYPSkQnhMRuYMsDM5qZo
1774815866	2AXvDRQXZiL64ybiS6Jm8eAXXNh9papSHzkwoYWa2mAmstXsdjANjEWTGmQER2sKtw1JrsKxB7C2srSrUmvfMCZV
1774815866	4oixhgHwqj1iX73mKHbCdw5BTwXtfqgxZemY6Q5P3r9WvWB5xrkdzSGSSjzoiaXnmNMMtG5nfFKxLCwxZ84KykC5
1774815866	3SqF3qsF19xGQwTxWMnSivEPhePkQ77WVkK1dMQV6SpazSpy8oPufFEHZD3qb4GUDZw8seGdB5vzSzB7wyiawdXL
1774815866	2rn8oy387sajYH2ntZ8bY28bxdR1aov6sAUtFPsPHbaAocfoPesGDkdZXFKxEafoNQ5LkR4ZQysCLAdAWGKjV78Z
1774815866	5QTsdpPEX9E1bZtzAZYt5kzDxFhsKYkV9ZFm5q5dQFKkT6FECKAa5qfzhAN5AwVWiZFt8ehkGP5sr7ZKLnbVhUAv
1774815866	2BwmsSYtMPwYHVojJZxuZtj3oKy7veSphtnRFsRSeNV72FWVhm9oZdFKE8Po5WycN7VMKPok36U59AAnwhCqWtZm
1774815653	4XjPdZirXcYtyHtYmnXypVKE8eNGkmD51oGYcP71nVuxwCQGPBgZ157fN6eGVaCEtva5fD9od34KnhihZz6owMVw
1774815651	W9Kprr22BJazkxwL4t7h4pAeXDzWoQwj9KYpy3WHcZDBMXBEcRFMYtReQpnX8nLDixWNKZeHTxR2P6WANPVRwws
1774815651	2X3C5yFUqWYrA7acntG7R5RecsQWqUeZn2dRAkmuf5RADbqnV6scrZRuDAkdRYAHHMAnGSPiMU44GhZUDcf8MCBj
1774813520	47ThJcnQ7sUWyyrxgmWpMu1tmhwDT2De47WF8DhDsMjpt6VXMggoZjXukr3QwMutkWRSxAM4vx63oCDoAjCNfuMQ
1774813520	5TCSVKrwXm4xhi2rKGiQqba6SFEPcBuASzgfBf4dsSbBStdgsnqJbqN3PT6CW31WyypbKQLYndADDcGa2z3JNVD3
1774813520	4uVnuQ72UygcvMwQ8XR5sT63nHbuA1JnvmwD9XKxCWeKtD5WTB7jL3dS4Ny9pFhQ7opZ4HewEXuJvh8NTGDggkUW
1774813520	28UqgziN3hn3zJpMifW1ap2AHTuknFqkG5xyMLsUESm8tpuzginJJRo9WimAW6Vv8oofcKky84erNWJaJY4Hsdgv
1774813520	5pA6h8tmSQTFitToZUhpKc4mcgZ2U4ffjmy1krWyb8KDXgHdg3XVRVwqfxqn7nL96RWn1bESGCHuc8DCt8RcbaMW
1774813520	51o7C21djPLqfSi8fxuuTSo4Qp7oPciwMQAXQQnCqTbYsLomZLfn5dwwNLvZMG41Eun6akQdM9h3aJWP4QJo6Nr
1774813520	597yNRjYwsNTmuhKGkyabpTJ3vvHMWbjVfLvmv4xo5H1GA8nhpwcs8oM3vMrpSDJ7ZiXdXdSG6pcfmessTqPehpR
1774813520	5wzsuoDJxGGu9dhhALZ1iAHf911dKN8NCxq9KMpCoMSpN2a216c4sJBeU1iPpox7kejgbkxhYcasom1wYxLqgzfj
1774813520	5egRnFZdNFyHdB9zMtu6j3tKNv78akj4ivexfJLUbArPsVwCPZoKckLmALoZbGp3MKwchUwhhy9qGnJKwSDeWTbD
1774813520	46Rhm1YsCG3W4q8uQ1cdn8n7euyd1hB9Sno4emPaovjH5i9FXTrzafhDCbWUrrJjXQGXAnay5W5x1bbSNRMtFdaZ
1774813520	5NWUQzweBrM4QJAdp6UTi56D2TUL2iM6Cpo63pdA6DcQLY7MWi2oBC4jGnziq9ijnvinrBBPG6xKY6hakFYFzmtZ
1774813520	2KeLzTUrRcVjDyppMVJxfqapS9NeALuQK9te3aBFpHuRhQyzNrZmG8xVpcK4DwnK4YqfFuajJAH72nowasEANw7c
1774813518	5wugUJgGTezhkUJ7m53eLRWPUmYekSDzzMScALVgRAnnFxmotQs73EwXYnV9n4rkN2gWywk1RFPz8kXZWyQGgLLY
1774813517	4q3TnJudi5xkiseoAScnMwJGf8in23mAMXsinqWuXAhDAit8JPWEvyRZatcdaocDQ2K5AHT1j2sUtdaXu8PY3UxC
1774813517	3NWBXA54jricpr2NL3cFKrqwdDotd91dvVhR9G6h9BoiHiKfRKo2uEa6kjPaNW9V8BmgnP3RnnGwq94ZCRii5ESy
1774813517	24dd4WqpiSMVxPHuR7EL54RgZzZmjcvGeqmETaXcHPvo79kF5o82f9ae1rFfqdzFDx6jZipEabMaaMn9rqtrUWUs
1774813517	4SC8Z7WPoCMujmov1DErUKp22yKVsPAmFvTot28KeDARJx9TZMBDDanrvDiJGxxhgYJpMtEBrHrJskGL3w3FfRYS
1774813517	5S8tU4hvqVtf1ZfpXGFPwysnXvTc3iUAii6ZWaUAw9kZsvZx6AXoVvD7Cz7eBZ6CpkGw7v4wvVWpFKUPyp8QDcCi
1774812251	yRF6pAgmkFxaMNLMvFK91N5MEfQEZpX2EvvpGMtJHJCi7mYTNHcV6j7cJXZC4nUxpmxSCmR19YLZScK5opaBEfY
1774812251	5teY3BwGEZBbW45jsY2mMCwmqyLJp1Qb9JU8pvaUgVyqFccBtq1eyrw25ccLS2bYXWPrQFuVn8ZBHkFDVp5kMVY8
1774812198	5L4U7cExJbAfbz6wXzYxtis9ThVM6CKrHau795GUtyMRvLTxRDjKLhxc7iZDJGSKV5tbrubUDjKdsJrYrsZCrFCt
1774812194	2Y1bFTahcLccHFvW9RHQghu1MiA5N8d7zndbS4WSDtMB3FZ8AobuB16P8FqJXzMohjf1tBntGpj2g1QQ5EXoBAL1
1774812194	8UVSrmGuwR5NVTLuE3n1Kkn4F2tVLGzhdohLtr3Q1NnDjiAqcGD3h6CTFAQkkCP9zqDt8NBWU6DB6ZRi31YQ9sE
1774811842	2CqFamzepm9VTTHkUJiKiXpeMapewiXXEhd8QEaJkCpB8zaudCyJrYnFEBZ45E4hqD8gMZMPWJVE3TUFv4z27WEc
1774811842	3nBr8GHfRVgmLCDBcLnmgvTPALynSYWCGfQYkJvV6THpsYkckimmApuyKEWdbNHZd9zbpPqLgTJN2SMCLzoPMFPM
1774811842	4PQeUHmWKi3WoNov9SxTKxBymKYWiLH2JnrjMsfg5EqgA4Y87RmraTUvjx7cedPVodHLanQoL9oZoeakFf6XFPKt
1774811842	3Dmz1mx4zFtp5EGnuP2bGCSvfsD6m7fjPqrenhroXxk48BU3FFweVJo33q6cZZz7H5EZoG2M73wgYDexvhAPb6iy
1774811841	4PtvQgseKZxkvGnkfXBUr9Sk3RrdCt5jtgmWoUdnzXDkchhWpyNW6tejX7Vf8pLJZT96QEi8MX37DnHypTfASRx1
1774811841	2HzMCAtEwxdc1M4uhkb1TQR8WKpCtWPJQ74y2XCTp2PJ53JNHzr5XSaoFAhUhofyDUoUGu4RBteDrHJEUMNTmb4
1774811840	39B5TbzpXqQhD2cb4u5NsfuFjPZm4ntCDXuDK3Qo54inuegxFprtv3tS5vXKvGbsgiYqhX976utbHZqE6NBKf7ck
1774811840	61LHW49Z8VTJ5415Rp3tTgxMyQyMyq7LggkQtdtcNGHs1t6U9cMPGyBLzibDquu63RLZSKvqpDuaPXYwZmC5amxX
1774811840	35TqHjaKtb8KHHK1P2vDwGUMx2hQaZyRbpU8VN5HHoBVBT2qiRsqKki2ziv2oxkcWjguPnp6GX3TdmjnZD6CKR9q
1774811840	gjPcSEQGBsRLb6uHpSXYqK6jxjhrCowweKvG3F3K2u3dZgrxfnz42tbCQymdmn6LSeTwMrMviRkPj6d3Ewe13Qt
1774811840	5nETNtxshr1h45heoEje4LESD472kGB11umgA9puYmZxqgcCvasCnDyrzYzRavKqicUw8rLVaoH3fNSMjEbFmFDV
1774811840	MP5nXu8bpnRLCwufHbEAaGqstgocDSz598SSEbNE4TXGoPAAE1svzBv5pBxPQWGf9NCWDGVUaAhT2m1XhjUs4J6
1774811840	wVjdNqDxHNgih5CpuA9G4a6THMqh8qAucuqoTsSfvMAcGQtcQjtKjvFqniputbPGG2KQ4nXxUczZ5ephPqPgEdF
1774811838	qhLEf8QCkWVvRqjbuipTNxdhR8zRXdZtfWb4wtRFmPYc5ccKgu9hsDjxVeJQVYUHmqr7RQFjk8DQmwUWPATi3qz
1774811838	5mtdvnKnRwCtTSMK91Fzgg1UiPrLU1mWgNaX8muwW2hiUXhYrNEMfVmM6jv3PXskepeGKpXH2xZUo74tLQnCvu74
1774811838	4ycEqrcQKtBruWd2kzrGTNxgzRF4RS5tCpVWGxmFqaReFWf7kbxPDZuxZXaWTjSjMECiz9WKJBJyLeZ4o79rngqF
1774811838	41TyYaQSCoQHq3Uhy7sSFk4CBEkBjqsn6fVM8rZNdSMqbWaEwKZ6RK6nrK16nrvaESjTk85imjZgxh6qpHTiG87A
1774811838	66TAtpQA3rNC38re1aQYvEUtZLMifB98VKrgHCivNHfngkCFziCGMTKBdc9Ewy2fTHeGLbebLafsATkC4CwHdqCf
1774811838	21Y3MDmrMeZ63HWFFnoDbZRoWqhhyVH1URhdzbp88ZhRPNR72EmVegJm45fK5VQuFF8jbczQCxfPPRmTuN2Kj1Bn
1774808296	4enjuMtE5itNnWqHYmPyiPVz3qUHXDJji731c9aLzW4qoh734PneeT8BSkKAVJmKN9BPSo1Qh7YnZ8MoEEbJs4HV
1774808287	3L62yEYR8QzFLVNgPvuNvzTEVgxPtnSxuamepZsjBbZ8HJEAnRPL2j1XiFuceKiEswv9JpxU59LdfaXZug8T47c3
1774808202	3GASmsbRezQExPvVmjhkmo6biPC55whYRXM43Vw9isnvANupnQhVfDBehJJFt988YxqsyjJb15SvNtgbtiGWoEYB
1774808202	5P5hc4vYj2QKxfVVZtTJSxY6LpiF61BJKcQfiq4d7T5hbnKBRBd64LagmAMsbejBuf6KConYKMQdFETiNZrEX7RT
1774807958	HVz6av655XCPSztBKYPHv8LTrVDy6kFidzrEbTwHRsfFxZh5CX9ArcLXjXpqpt19ksvvtsjoLxXJZdLjw31sRPS
1774807958	4eNYqAQoHVanSHNeQaQsUVCUxpmCxowhUdKhrQntYa7yRNSBqvxgg4kYvrXfbuwQJ3XMEe8uA58DR2ofCrV3nHQq
1774807844	4vdKxEA3FejJoEmijpym3Gq6Z8zeQwYaBtP8ccHpUyHT9k13TdzojuPWKHnrr4be2RNXHjNJ2MRS79zKKGwBSgec
1774807844	51i8bcxJxzZb5UnqfhWbE93iAMMAFGshbdiBoqYbuC6h4SrqtSVVQMZg6w8hrPgfPYuneSv5xLbHtiibL7ijxsrA
1774807843	4ny5U6PK9om24gR6LNEbdu2ZSzfCvc7hN2sw4ug6p2tk6MMvidAdhNCzTT7eZjxfd19t5jfrpMq44bkGKG9an5f2
1774807843	4YBMdM3Ej4CPh85sJeYZR5F24YoGiyfHmfws98QD3svQ2LEhbX5WcHBpfRzVVH4Ghgy2tTLtdUUMmbgcpPC1czHF
1774807843	2wYmKns2iGJeLzLcA3xT4ktr6mwrMS9Z9qRTtGdTmDnSaMhGFLANqNfhhPrG9BtBcSkCLosmwoRctCJj1iGAFJQB
1774807843	5Fmb6Akmdzgbd9pyJwSDyLmubhnX63FwCFSyd69Qe648LsvpUdydFYTSKYkX56cWkva3AmvtN3UNY21Ksfa8JzX2
1774807690	5FRC835bVeCFtvMvDQX5nPbS7qRqWUWhAanw39Ry3nnBNcqvEWfJWXvwS78ZpnoPHijBmEnWTqhHrFngsUmj5hTC
1774807690	3urqN7EREjK9PcvR2j8SSLJjVBfuzN3XDAudGXi4jpKMLtfRsjGRpwahS5Ytvh7mEPCz8RbTB5CnZmn6QPRPmjkd
1774805376	31z1CofSAMKyAoCcMECQbxzRaib9EeddjqXvtLYr8ziuaEAR5Bsg4AJrbJvCHZVturJqEaT19sKDTX8o3jQWDLpn
1774805376	3KwESuDQyg4oGuxEou8fLZBxgNieXW33GjWsMVGgZzHKgxbH43UaPGBv99CDvra59wnXK9huZBB8UMB6faEF8bJD
1774805375	32BSQGTTwkneL5RfuEFF1oKoYptg7iNQfYzUB9Z65JZGKrYnoEBFMQHVhvJygRqL6a5XniVNRCn8GQWmmLsF1HXU
1774805375	3fmUPMfeYxDo5EXGtpq5cqF3gtKBwjGuCNYtAiXnWApQ8uUSUAp5TZb4jpsXpkDrdDUkwdfW8m2pG8B7oyFxkj1q
1774805375	oxmwFhrDade4CRyynYcccw18N5Frtaaw38fiEL1k1DjLDgmZFMp6ggSi9Kd6RDiWeTM3fqrsaLbBAVGGXRYr9Kz
1774805375	4c5sQXoprfGof46KC85vXBWSr8Qmd4z3ST6Vqs7WugEdFK6PuXYbGxFzfsSLzMUJLkQvg3LhEps7FFyYTTKcywto
1774805375	2jt2KQoAZ6Szn7Upuzfsmi4rMvUvM7bQ2XqMvXcWXZkekGszekf5tTEqNFKv8UK1NWiVpyMciaeNzpW7pYwTtd2Y
1774805375	4pbz5yriQ6dmFhv22a6foKPaaHAgigB9XB42t1z5njLJMq6JKWyKWBsXxGTLok7a2FZcbG4q8PLTi5mQzrYfzEyb
1774805375	7j3qEDan1EW4SoS65e25Cif3oB9z7ZrtrBHYZFouAyTUTbaCfrZiQE3zL1Yr4eVtEgX3ZpMoKZP8LVQmEVWzdC7
1774805375	3535Qgn44RG6jg7sRPJx3RhkksXxnYYfcePX6pMEzn9LXXfb26qbXGEky6gdAcXQdeTpfeHDv9JV572mDyrraBDL
1774805375	5NsRirTs8PU7kLoBdtv35WxZpDPCwcMn4RfCzYqTGAapcsRpqe7Agqx4om7X9MzSpjLktdEXYfchowLY8A1MwFjY
1774805375	2nCYNnDoKRdZDRGZPgQ86cYfRLFcR6dMVNcyGJ6CD8qc95H8sqeZun763vfqW6haHShdWAydCn2xU1fL5kYqaENb
1774805374	63L7FYQBsAZatS8KFLVjvdWRVSS9MPzmi5y9Q8ER1jqU6XZPDZTvqtFo5GGNP44zSD4uuuZ4a9pSTQHRG3hwcVYy
1774805374	4A1odSb5MJhQTzuFbhyqAQK19NXds6JazAu5aRQZ7gMrFsUA8dajRc2DZypidJfAdGtPi3GXC1DTyAF76EZkmPWF
1774805374	KDDk3ggWhddEHUnNep9sUvdhSTJCA881JpT5UGDFG8hKfwTGWYeN827VV2GLV7vSjVa5VKjGgArKMpKFfDsErgj
1774805374	4p1LrXBg4SATbLoWARsQXXPpYdURqC9QJEenu2haczsBGasLC2rJ75XmqP6K1wo1xMag6YiWXWfovpA9ahPETThi
1774805374	2AurTNBKKTwGSpux7cuisoYLBzKMFXdd8JvF4QY6mTV8titPajoiDrCZvDXfKJjn7MkWWG9ZPXJtNXBBybtoy99P
1774805374	5cykA87Rk5W5Y3QUL2BDs2EchzseyT69EWkqvGwUrqwVFcrGKKXm9QhdChPXLraEuB7XfPJPFS4iDdF7R2q17PbJ
1774805374	2o28NnkqFCDHUP7zwcCTzAgrTWTJ29PFC1gErGxYnXfJk9iFpSfXDkDr9TceCpAEH63uta9kLXw9tMpqhbDku1n8
1774805374	3hHGjPFZbu3Dfs412fqaonbPb5x6GY9N6MVYpMRDhdZNRqXhNVk1QFw925MFpwdHDFk89py2mQsMMpPGoKs1Cyxt
1774805374	yP6bFP5um2gLhKKAkDz9feDDW8ZYfK6xtbXfPd8fZ1kH3jBSqxnEF3LRjjVoNsSqPZpn5nSNwJ4bApEiPw8RJ8X
1774805374	FgCTJ9ikUQj9xBTT7UAHrzc5dfLdH3LNRDTt4e5iRYgh3zonZfTdfqFcHfkq1d8DnmJfn1RsJ1wywdcZiAPpqfU
1774805312	3YRysQhqR4gQ4NQM67s4M225SPm5JPS482XBWoTp4wNhjtQUmg5vkseKWaT7ncS99NzUp24Ef1ZCmMnZsCyYT3m7
1774805312	tbtG4jf8kVQ5nBfGdrjtnjtWhDK6X44VnYU4TSXMKdciRoCqex9ok8GuvD59TGKbGBheRS53e3Uge1cANeRkHfJ
1774805312	3xJYKYPVGFf8iJGys9h3TSgtYdRAKgQcZJmT9JurvwWNqRpE8tuxD9QyDagpmR1doswWMZfJgE3XBFbAvUA3VoFC
1774805312	Fp16L4q1iCHFtYfRRFkeXTkRzPMWRT9JFBYzPCCK59G9hM4BtbtqKYXAGiV5RAntqHsK1pfyDKkzxQYv269xvjX
1774805312	HZr3c1A33makYGGRoD2WVRNzTfLp14mc8kURpfu15XsLDxDzBoGMF2hQ7vb8CZU66Sy86Gd3ndzc4YNfChJxhPB
1774805312	5sn4mEV4DXc8pwJog3Jdo6Gxntr3fCduXdHaLaArhnyrJU1JjgWSL9uGimjYsUwAYGHeE1X576RDrDqzKe87wJKS
1774805312	5AYfeKv8g4N3TTTxaMFh3NcUJxhW5mVPvup1exgaUJZgd3aPy3YPPjEat8dkaoJB77Ed1WnVRAe8aRVfLRA6pC4B
1774805312	42WQeY4PRZ5fxtHDHFCVjQHgna7U5XcPgGY4eqqRtsXxZLW9SFF58uxkUURUFRt1kzTQz9yj7sUwKYfXeijvqfg9
1774805312	57TMm2FcnNHdEuAobHfde6L8jrmW59Y1fGvsbYGuWnH6LDuUQNCUefBu6c3fdnqHHQri5STghNCViGQec84qgigo
1774805312	5WYQqSNXQW1r8jUJ2n3SoemFFmoF6vEWb17RVJaP8QdGdFHqsf2y6zj4nRj1XcHPZW6xLNb8WxLHS36aTMpSAiXb
1774805311	3xAvTaZqCiS4YehRBeuQ3ifrhRp6pSJ7HfE2oqMeq7J2QCGo1eC2JgVJbivsKfig1Z8RPpPovgNiwFKGU9L81mqa
1774805311	426ZTywqdWWZFRxi4B76rmoMi2fQBebNCnWoyYrL2a1YFiRE8Sp8BaRhUxUhWzbN3U3HAvwnwCymb4TCxmm29NSQ
1774805311	4T8EH2ZcFWztfFH3BLQ2mhWZrHNBv3hgieixreH7ZB1A4LLDqGManvJEU8CMEwNqntL2tgtNxQFTFWmWfaqyVZBe
1774805311	4e6bzm9b2oN5widiukneBUYUF1q3ki9hwepGfkYMeKwRUmCv14PWcrnjukEP9SAN8ZiJfYWLB7WcXRLHeZnFnQhw
1774804934	4p1RL8T7qzroz4dY2D7obmPuow9AyTfPaejFLMqJydndjEx9hnz9iHXftuMMarfJsJqp63X3vUiS3JT8QvPnKaUX
1774804933	2oeS1gRfuHezFySe1bzCR2coaMxU1v8G4AYCSPGq3iG121EdDYH3bZWTj8PgYdbzC3SZtzVXkyBk8EJFT94cQra9
1774804933	TrDM6LRjWjjEHwrbTuFrVdJZDZsWmc3NM1RyksGeVbX8Q8vcj5JDw76XCb5y4BnG29SRdCRaVTNyyGRm9fwinYZ
1774804874	4jQCtk226DJxkzFpeWXCD3fYhfQrRkAjwHA6suZ2iM6TNiJa45uhCqUN3KM7U1zBuQYMqBkEguaEbBGRsH54Kj3h
1774804874	5FMTTCqX9wh7VT7mrQvrSCfQmymiC7SsSWGWzAksqQ2kVJGSdXZAJrcrAs1jnouFgVLosVokN51TmDteRS3NufMq
1774804872	35JSGpZjC3VNzBQ5NbW8ecrjft4ucSx8ikeiQKQdujrJjpChaCcWahLzWc7mSvCKemCwvaYdyCvEZ2uVxcsRG2xU
1774804870	4XzDybVWLhEDQnoRp1pu6cEYwUbfXRePNFHgM8sbXaxMUxA7qzT2PQUU7HBYY4o2foDLr43zUohJWdLBkqkWfwnX
1774804470	4UggmEBuUnjvwgGLo9VLrgZYpExhYyn78aNzQJFxKWcVocjP4pEayhvUqBCpd1srjhQ2AqAeRrjRXPHbwnLb8ZrP
1774804470	cFKzLfcJpuXfiPQE692oKvYmSfytZdxrCEwuHpifcEHd6L1nr2yDp2RyXcMdUk89qPYH3AuTTyJdEHNpCRoEVJG
1774804470	4QwEiupe2mgMBh2t5kpuKtD5z3FgmSELf7Li9pkvx3xZXydJxFkeir9PppYxUZCb38QFC8q9BDFnCR55XjgATDyg
1774739521	2AWxL73MojS6JqgWuTEibpq9Ei8JboPF3nZnYYgwDmxTQkXGsUjXmowWG8CeN981Ayen4wkjC5vNCFUdD88SNub5
1774739521	3Sb9b45CRqi7vbhJMivBmdipTxrn6EAm9EsPfRmmVoXCTgHPaqKTFVE1GpoJZGXFnAgcu5Wrdg4bqVgR6BuchaoB
1774739512	5hrWGkKVyny8kxQgyisyD3PXDeKMG6PWJnjf6unwEN7eBjLgk7LVfwA5J67NhVcadMcqSu18RwUdmLnoCuycRSEh
1774739433	51kipZ8THJteJdunjBzbQcZKhU3ugHk28kdwUSfBeJNMQCAxDB2qcvdVJCNgJz1QDhksbgcHuAsMtQih21HKiUd8
1774739433	5eYQLUE1t1N2wxL114XTnHDAG7M72Tmz4vH13y5jAA6pkZzYhW4L2JgU8URcZUEujVuS5qBT3M9c9SSKbZwEbGEK
1774739373	5m6f2AmDnsnpSE5MTtUjrjxHdhEfdvQHpHoyFooZouC2DsorJdk9CPD6VRjK2RnF2JsNaFihmoiqzaYwmfZYAHyz
1774734819	49UBQUu7mPEGKTVWYDdE6UvJgaaMb9DjK5kYgfk8cT2FTRyLw7ujmwYXLdwtjg1nFxg1tHtXU2M7LW92BNdTMDym
1774734819	3oaCo9jyZazhewnaPqQK89VPosKgKeq8En2NDbeRENp7n4wrmBXqkNEMp8Z7N19sEcB6tbcTPuwZQNcYoDDb9dAE
1774734818	bxJBS6LHn9xmzKPwbdTMWgHnKAXWkbMz7weRsaQiJmShTpgRgSZ9rchkuhe2GyiQxdZeekvNvZApQBc5m7L4dVt
1774734818	3uumf97Y6fzGkahaRyvAZ6Tkxkf35uGuHymeFCRThkWaGbCrvR4985CX3dERnC5mSo9Dr3uV5z6qr3X69FdqS76g
1774734818	55gu2r2F4NwXifdQxkbqhq3jJxhRKLui7MX5mTcy8hoQQir4UYV4uTg3PjvufVUY9EzNNunY8Rc4APtxAZ1uk27A
1774734818	54MMEtBjDxXUf7Tiyyva6KfejbuKnD7dJWr78r6aeEAbX1tD4Vqd7FBdmqhp9DevLgujFWTB9pjMNiceCVjCRsfu
1774734815	4uHqqneUfxuTejFn1QsVhSiG1hYJmEBTPJg1dGGig4rFRLXk2d7QTBpQy1amQEv4Ebsq2WX8fU6L7JFfN4TMLk6U
1774734815	66QpYcCMrXyL8iB5fKQ9MgmoaWUpr3czPNos7XUpt2UQ8VfWoxreRkMtS4GWwghCVrQyYVgBJFxaFVp2UsK8bgVv
1774734815	49n7BLKpsjmfe5Lp8yfqiiqyuFf9KvwQwhDMyVNxg3EUkDzJNsgc7H5w4KC7KMQAo2cnXGDFvp2zuqHSPYcqFF27
1774734815	49zUfqNVxJvoyxa1VNW4gYpwbStPuUecYNSQXEQc2W1uJBocPUdoeGToJZEMsTnJ3tt78HupQxWMzP3qvJYhgDtL
1774734815	5We1bmknzHRyParFKyGq3BdnJzZaihvYiQCkw4HqndHeT5Qc6aDtegGTb9Gs2NqFgErUhjcLWu93uf6oPV9PKKQX
1774734815	27VRDSbeimd5XmQmg9HagwWEEbvhedxJxJ3KaDfSf5i8QEUAEUzdPX5RruyuZiNNhsXeXpQ3ev1pJTxxPzPuPcie
1774734815	5mFsngCGMBYuNqnFnBUgmL6ZcvRgdaYZnXkhN9a3mrXG7NVraNTAwjB1ntibXq76DdP76wPqQPknnkQkP8ikT2HZ
1774734815	4A3Ang4ovf7BA3pscyS7D6Rtsbk7DoDCKZhshaVN1KpVojYUZiVZKJA9MpnX4k18QmBY75RfbSdz8bqe5SeR4esZ
1774734813	3BoWtDAZGCw1791dePPKZppTYEcfJ3HXVLiUeULYNVXGPuibX8VpbNqmZM1kYtpjkVNp2Rt3aVNKXvivZroXyTfe
1774734813	5MjtJFBcgXB8m9n4T9veDeTs3j68i2Y79ri73kMnyGfkDStNKpBdJsDXWSzHUmy7aUmHjifAMqHCxHA23A9ngdpk
1774734813	4gECY4hfgkj25whd6kicKYA1USzmcRkcRjctWAy6piubFPs5ibgpJbGfAfToWm5LCjuHJAvCbPNvnCbCwTryua8B
1774734813	2xgXr4gg6XKuh1o7rWLCcpqg1CeKWSVEFp2jfwQB5XmHG1A2Pmf9aUgykJRz1bQLom34FiFixDMmVUXauMS145Z
1774734813	4wW9nZWcBp3KSwxWyV32xFxWtKUhp3x4DNWDAj11GZJvUNJZ4EeSMXmqEmDrnVKFTDCWG25F4ggeT6qiMSRMEQZ8
1774734813	21sLiniTk3ivrAqDoCKJyHa8QUrnNUDL7arFCQBfu1tpsGvE9BZepVyMhTvqe7uiNVewjXx8d8oNH4Sj4yt33rQT
1774734810	31oCT7RvhB5hbmrbYt4YYZjuyQkJDrLPbsLsHoCmTShB4k4xMz2bwb1ijpwyRqUDy7RJFVHqqhzwcbAwFshRHNaW
1774734810	4P9Ef6NgvfByoPuDS3bRak9RJLYJJ1KnoRX5zgESDKenx8qsXcjwzMyg4ewNaGtTzzVQxrTFDWbANyKVQmZ3uemM
1774734810	f3SE4qP1vnNzh4iKAjuz2EFrnkNyAKF2DLjjNn2fY9k4Ma7sE1AeZckRjvj4eidg7M6ix5W5xgTPG9YjVtZvm8P
1774716223	4cZapai77raos9nmLwdhSr35fXjG7zvRceeCJAtZ9J2H1gXNNweLZRdWXv9rfBxfvYc2pBFg7K6kqLtGgj8biZRn
1774716185	5VVAk6Ukxy6MYSptqxkDsVSUFpXymhsKTrJUgXhBh1FvgPd5iy1snipC5QRVq7NRceu2wbYu1cMBX8yceL65WMYA
1774716060	RKiN8uLGZtP6ETmYXUvzAhhGCs4oKDKkhHkjR5x9TCzomZjwJHn4fK4SRWssBbSSxWDh297Q6nAve5p9whHE4PS
1774716060	6267WtRHvpRQYxjTaka4jQ4VXJY14kQn1K2rQKYkyn7kV37gvLn1gUTk5VoBpfVjberxYkyPU3pHkY8q3DkdHyea
1774716060	3L7dvwjaNicJjcqQv999ZmJP37s5dX4tZeMfvgvw4uNS2snEvzJNNprci2cL6HMdo4jC6NfXh2bAv6756eQLzYwv
1774716060	YVEd236kN1SbRaYLh2no8LyYuZMbCM3QoQrr3kyGnkhiANBzznH4iJbF9oZAmXMvuNVXoeT9Ba77y9hbt2Sn4WL
1774716060	2mKGhLTbuYwpdAiugK6qJ7mWESErvAaRM7re7LKgaZKVLwKUQCg1g2XbMNPm6znqJFeG53VMrFm7gFiM62uh8h3M
1774716060	5ZxxLL6RaKGZejVAAnAvHedFVH8jrb8gZErfhvEMkAS2Mas9vMaDLucToj7GDxnWTBAjVauKd1byUz1pbKHx7xeF
1774715982	3caAsyH6dwPMuBEfGnMtA2is4bbP61n6JpYFNXnvY7ggCaGr7Me25gMLdvov38mAB4o5YcD6bZ3ERSxGDGM6x1gB
1774715966	2AgfYTkYy8oB682S3sDxxLYXF6QwWzi8ThPjHKEFyqRfWsJi6qCkCc1vVSxM3MrAAL1z4oRiRDVCDc9z8QCEM6nL
1774715966	2GoUx7xTCUzDayqe7jszptfAibenXbDjP5F6nNBPWosM9ZVpJtZdkk7FSzrH8ghduG8TAeMGs65uNWNo6GxKC5Jj
1774715962	43Qtrca7WKMZKvkHsXquSBwv2LKQbyipRikYYdd2eATSuJJjEStKFQ7rbKt9oYfzL1hQW1e2c36oicttJei6B4dm
1774711225	4V7zasB71CCCmt1EBiNmFDGkhGc6miNHgc1bGQDu8WtxYMsfeaf9e8bmJwhbe8RDyKRpaESuUUpTVqmsKeQDU49p
1774711225	55ynPLwY7M8XiR9wmfbvFabzQPvMUmpAKJWUiBSfsUB2ZiNjV44wzyUuKZs7BjDzumQXmLkfWweEmhNgx5xpxwmF
1774711218	2RC77XANURfF8XwuBNX5dok77H7HxdLDJp4Cnme5WqyTLdsYdUN88Bq4hNEPuMeHYHK2ug92odzZ5hVTNVQrQY68
1774711218	4qB35UfN19VmhT11H7PUCZyJSDwb2DgRVJrA6Xojd9XN9yrpvnQTi5NbQ7dCZJQJdv9eBPvgKPZdyzXcDACaZbzg
1774707502	44yJboMeNyHeCoFzWekD3A9wJfucYXK5jgiT6snHUojiWJDWzQ7syvZ8pDzU1LGJogEr24rK15eW5ShdPx8PrMPT
1774707502	5GAMtXDiXBPM1PhxSmPeMsgAvpqysghgKYEZz4tEXyjTdhWDvcHHjqvm9mPH3Mfd2egcM5iTtnZLXPvRduJecTTS
1774707501	3M7jcCb9KAAXPxe44Pi85kqtP36W7QPZv91JNHFRBF6qwTgrouMcqzgTXEsZXJf7YuL9nMAh6JG3nNh3PxxpQc2u
1774707501	4qYLe8JZi89pKxZ14mgWZNnCmyxifLsXtXwAxUrHx5iXZCdpQd2uQhGU9H6Q61Ht48mzmi5nwJ7Nkd9aY4amwcA6
1774706396	3HSrG4MeF5rM7kdcshPMhUVxksmL6osMNy6qtmwNWjZhLq3oFwYtSdfXXquwnUYNyBJT4t7DkjNAaS5DXabiHkwx
1774706396	3cx6wMYCQEq567pFhDhq1Qj69SsNrXY9VFvY9ZnMBX3FxAhXCSEX8aSVMQr5xBiRqgCGLoEYgxzMgSqrvVNW2mhx
1774706396	621BJzuk7BCKyW82Wmwb6gHRnSG7MTGiE6BRHD14xu6qeWUU1Dqz5QoyZNHx5MkJh6UScPU1HRdrnx1jUZFZr44B
1774705323	52UdjE6pozXBp4oCcVpQSfP8RPuwgd8Z55qR1UcFjjqhEUSYvWsPtm54QKDYTzwwyDgh3mGeXfnRNgt1i1x1QdxB
1774705323	4USmTNW7Ak7ETcXawfxCLEZwnEaWePtGGAgBpS8BpxK92p4HqWDy7VJMAt43M8RHC5Wm7FwjQaSJiqx6kBnm299A
1774705323	wBmeuFsyJCvzcd78QmZcP7dV1Ci25J9Eq41d9zokzok8abKzwqc4fTGE1TwgxcdG784bYSqCbVszFCdUbWrVoJX
1774705322	5unyQpxQs929j1cdPC73sTtV6qxqNM3879bNS5DJvQsASsqVoZ9EGGQehbDn3nwgsCaVZNhiRMp7f8u9WFKRCfQ4
1774705315	4MPqoNXgdd5xvrJfz6GEjqwzxaeJ6JTk14roZZUbo6LcnwZEyBhGkajQbwHWwWR3ApzjN8Ei95nUcDZMz9khaMFC
1774705315	qoisCGfDUV5Ugc3rUJuiQJeHm9nCZxideW9XrGdh4yzWUgakqdKzU9WoQdLGXiA9QnVmtoM6L7ofhAwUWLAMnFq
1774705314	5C4xJXk25pd5UYQ3HfBgNBHiQAjG2htdDb5WWkhhWw6bm43wiEoWYrTvWZxGbjoiV2iVL8qP29YePAKUZNZzTB8i
1774705314	Lwu5dbdpnxZ5SQEETXTMUZJjRzjXPQhhhjseztFao4yoC72DWRi7Apy7j3svFmGFawG7DPJVXtEcymgWnjc3QwQ
1774705314	57aKqnXbpzhMeS7pEXXTsTucb27pSp1GAHm9EmZNsKc6RqSEtrXe21qAgDmMj9F3Kt15Wp4ucZJhzqBASV84d3YH
1774705314	dzAdJMrnH3tZpkXQp8jL3S5iD3hdFgMs2Ts1ALpmn55ibntnJP48BCBwQrpzDeWzj2hdm5B6kGVwENd2Q9wvpCC
1774705308	3UDy8DKt2kk13aKfuPT6XYtzYpWVJf2VLyHkm6UoiZXyyCcnXQi6cnvgpRj2gSiZXzcK8hEhzdLqEnwBN5ptezYh
1774705308	28wCkNcXSPzsAjDwrnxCoDkFdJhM6PEoRixCxyEHEnD6dF3WoajUXrLwBnxgMMhfxs98ZtBoJnUVdfdcQWKWtZ8m
1774705308	4Fi5VxdLk1uFddm3UFAH6whK8ebE1aWjgrVLqMWxJ74QpcWXUkRiAhGJggGsoKWJno7bGEkNqCUmNuGeScSiFWiC
1774705308	X5HpfpmUYgoLsfcTBa9SdiLYrpsrwaxKCsXiUgBC4Y3j5obYM9k8djurn2PLf3q7Y9trLhF9PKBdozdATBF4u5w
1774705252	288YgAhTrvqUfiTnrbR8iMGdTj7zG4gRUh1PX9okYdpfM51XStutkcvDzxRaQb3ocmi43Nhczc2dZyUTMKUyrWii
1774705252	2s1oWy4RzCbpMBSFFnJCkJSeJLrcdQFtBMkKiUt1NJQRMhmSD1JnBh2MmKffNoMyGqzrPVWjCqmeapYN8o3MkNNW
1774705252	4MjYsd1h7W1RDeB3xzA2fBiC1XLFSa13eA6PQqbNxufWMBnAkjib9YVzudNu3raTJ9QsJnWpziNztV3zKvc5fDA
1774705251	2LRYohvNTNbvJ45Zfp5rmiEzAvixwvwf3KEVHERWYAD4kE2Kmg6sA4HAhembVB2RnuQcGqAgqNHXUbZfATdWuk7p
1774705251	sjBq5gHYtTAHPmKCFEM4DzQaw53q86BjrUgjT24hUuNEDNaFGhhpAsfHc1mzgh4ZRv6Rxevu3Fp6Kn9w26TvahE
1774705251	517FsFkRXz53aNc5ss2ZqhCdXH8kLYBhtEkToMRMrPCLiJeJD1Hdu5o9wZRNMbbwzobn3Ciy1MTJjpMZHwFBEgWP
1774705246	oaoNDRRRgjFjZ7yKUSho5wF7RBrbavMiUY44b3P7tg2jVmXhsTYFgqZmnB4kxmnXiHRBp82AxFVyxZ3sue65wV2
1774705246	3qYfpFHZvBBStic5DhsXjSdNzhzqQGo5xLQYzhZXGWK1Rjw14AFYVqCJPRZC5MgnUH7zdqzQsELnqB1i9tUC3jsi
1774705246	AgsuBw44t2KA7zLugzcpt6QGeVZUH8VsXDwmYHrctPcJcvTn53EXCsTBq6AWHUvWKhaqB8Con8PkrQgZPUPTxLs
1774705246	63QP5skaVTGC1TjW8wv61oke2JSjv2rWcmzN47Fqf58ntJHHJu2Uyrjx16aUmS7yNVd3JqeBMgN4ZYgUKPqWwajb
1774705245	N6GhVJDDGykViEGjbiXYs4eKbvqThFzTzbwerzjE9XvHFgFuXKRArgqnyJbHe8sxZRWtPfRuMDYXhjKrhkCJhS1
1774705245	3EEQZPqPHa744TJcsvJF8ihaiUNMJ4HnH5CYH6JwZxDfxYmRD2ogWq1YxmaTSaE2LzZTrRAXvgNHj1aFc6T2pAFo
1774705245	2wuXuNBsqKMvjndk79gGYioBEsJUWBd3ziAiwDyFKLGz7mPg8MEq8hsr9sUjeaKr3647apVBGFotoNy7SVJrExqz
1774705245	5AD4WSTKLcoFB6SdcBYtYoqo2J7Z4ZYeJA7U4uKZSThkgKayqeEYMH9Dph4iH5QLwSawxjuazfNK8jo2mQQFQehq
1774705245	tV7saST29rzaPiLpPYPU62Pu1Aj1r5jAN5u1ZwceTX6HBsKfB1KMM6etZ6Yw2fEjZSyn29oUEwhoBbtyZj9cKFM
1774705244	2nC4k439Jiv6vdcw3NAD7cwUyNQ3677zGP7eS4BCuExt4LG2vsXC314aKjHjWWCu8e5iAVa5Z6PKLe3PWc4mMaBf
1774705244	H3aRQMQ8e4TVzSiSXSFbPmR11MeLmtz7Xk89DmnLBUeaYYdsDT6fajvG14NGfR3qsd9ibVp9FSbfkPDkSCV7j93
1774705244	2zugh4CdN6ooi1x6Vyu4PuKsDckdb6WN9LEbrt6r7K6iE64PZ6cV8WJwRVv7j37tNsoxNjX2mmaLpGPY4HvZJNkG
1774705244	2ZZuHEvJ5cZ43RjxrQQdhzwdT5ESnWHnjph6E9NyvUKqgu1NFbtzkGKk6HERvJU1Z51Rw8PdgbHhSHdXwAz3d4m2
1774705241	4zGLFi9yjrTwkbL7pa2nZux9zkmtVPPW6jdAcnc7tiiRjuqTdZ4T7qCcUgTH6HTfxozVEQoSHwkRgG9ZVJB1a77i
1774705241	jfEjeMGmC7G4gYEcQWkgrN7WzSw4s47ojG351FNM3uFyR82X2xjoVQa6Nau3amrHnVXBnKzXNdiaDcJS2Yajo4b
1774705241	4nPK8VhMten6mrb6iNbSXusDRjhageiqFk98XPk94bLHjtW8bJuaER5byDT6TY7qDWyCB3D1xSvY8KronUoJ6Yu5
1774705241	yZUN8xDqvzWGpoEHb3iwDfxZ8WpGTjHzvD78G8ragZ5weMMYs2BY67EppPYhRn1tRE6oYHzvbBazjCDwbGw3akL
1774705241	3sqrXcXusn5bujmqayN91TeTvbYcaNAFy1ZGJhXAPHZpNDvb1enxmQJe3GFqV89E1pUiUGGof3jkPaAjWWUnDVfq
1774705241	29F4mGjUJ9L6J8UAdktncyVPodqXR989gv7qv2YaF7HH9sVqm9FWkVJ4B44praG7oASX2QqUpCUEghLHtZy1a1V3
1774705241	2KFp67JNZRMzV3dKx5E5fRvssFi28CSCCECh4KudUXwEHLfp7WqHGuv6Jpj9gHCeen2ZjShJPXMRFs2EJPz67H9J
1774705241	zfs6xBrQp7J6wU2eRuWK2rn5sMW8dBRGEFnKZiK3yEPLDzukRk3QivkwZiosCgB5jKiGZu7mY522d7w8GJtXGKP
1774705239	3ubhteFDCCr4iv9eJMK4tSaz8p7Fne5Ww7npRRVZoAgWLcAWBt1ceF9BCJe7ikx79xo4d4NQTPuGr2LmXYH3hEYJ
1774705239	5XdesRU4grh4CH9LCHZ2r7sfKezqELWm1jSiiJrv6GzMYiiVZXo1xiXyNoDxnuzghZSYR7wqBqwMdZSXRaVNxaHR
1774705239	TcY727RvLSeLEzdtwR2W8etZ2TXJRCjVpfEq1pGUnAmWqDPre3XdSh1vHJWaRECefvNxP3ioJT4JtXAA3hufnC5
1774705239	2WRR17i1BsrZD8qeiBYhatouygvSwkQJA9Pk5nX7f8P8iRQ5z9Qwdh4bjRyZMMrn5y1WcY4SaVGXPMvcijytCeXd
1774705239	M6vzkmMhAFxWFjgaXno3gqeTwXeDXnMqzuPpNL2wFjXsohUsknSxFQUA9AQz25swkNtPx4cySQAZT4QyHwAGGAs
1774705237	5L6wL3Fk46UHojMkWGT25cjPcgaJ7AgntAxxh53SZRNjrzVpJrVQXeLzAWT2XB4o8eFufKwaA1MbRx5BCzHG2gMj
1774705237	ZugbL3utpcciaZKjVKvjtt6B7vYNDLytwxHG5XNXQQpRPQQR179svj9GQ5vL4XSMUTn9qMVXPmxfuYLSrxoWc3c
1774705237	3Ytw9GDqsRD3WqYEW62pYvp5NtuKFgv29iK6Yur5h5s9CmxNA2eamQZDh8nD6AUjYieTb2zdN8P83ACvtgVDifHj
1774705235	3UMuZpZncKRGaufbPkzip6wwQA1B8oJEgkbuyLeoUUs8NCXmVcoctCy1tE6uZvL5BhD4JjGsAJYKUny4Ahnu5wTD
1774705233	4JKgEhi6J923rZZfK9fzpJJoSXr63pMRTARAEYtHPe1UdsiMafYUNe8YvY62Lpzb5dsSQfWrbtU6bJ7p6XaVLaYB
1774705233	5LkBdcdDjh6GzDrnwBvRY9i1mxQWED3Avz6ZmhxVkEjvJqnbFhDQ9JPX6TmmhGHoudvATtd45UpuDVYtMsniaNth
1774705232	2w9YBwi4UVY3RxA3bgumVQDusxiVMK3R7aC3ajXFTKuGTzXZJB7kj9xtZe3SZp8iMHiGe3NAoN9mTFSYLtDRPMst
1774705232	4mFeAzFYdDE6Th7SvqXFTEMDnJqYSeuQbm1VzQxWDhdxviWtGhfXVaK3W83aGzzk6rX2AzKysEtpR7NyuQ1cdvP9
1774705227	5H2P2qURhBLXvpWtazBguSLaauKtYizf6nTHTxprFk34spwjECguLG16ndwXP9pEQV1Hvop3i4HFrLEwQeJEbfPt
1774705227	5LyqCUJ9tHfZaQiGuHVcRqMnLwf3LXvnFqhdpfN4hGgzwYE2918QT7dsVC59QA66LBjvyZbB2oMYPeaPzXad3cT2
1774705226	5Gq1XHUWNnLKXB9ZdfamBpZtvgDYUGo7o7Gtmf2xQXvoUHVCRRyjfj23GnKuoZ3bLGbVVZuSx161abJaMage8t4Y
1774705226	2RbRoiHKdvsDu4Z7s15sm8AAnAZaiCuW7o2gs8VXSwKXdAxWXNP927AmPknNPrLaqZzNXYk9whFvRPS31d2rVEKD
1774705226	5vZtVsSWGoCD49feYvyxx9uFQSa7zSPrkPUDq3NCbnXGzRGUcrKssj4EpYT8eTRRLaB9WhAZSeUcnDaDecJybXYR
1774705226	3LveFJQcgxmQiskYiCGRuhdwwKVo7Qs9AZ6xpKqRWsNFBz2BMkomuefmjGioW3d659UySEWJDPYZAThwVyUd8WSP
1774705226	4cArqQVfcohxQp3Ym9R7wBGR9ENqwXMs8PoBagFT8b31n8Y8WQQX2MKbb1qYVmAzP69pz69vPGrJ8UfzNEdpobNV
1774705226	5pHtCi2XFFCubFhT73Drk2mjxNBMJPS2SYKhotwELTamdT4hcvMonFNq6nB1nNqACKD3aMca7GJmsCCL3P3Rs9Ss
1774705225	2iDrsBMQLWm47AXZTePr7pADKVrwjYgxCzWBBcKehgdsA6DwyWDaabc5onjPqN4LQNnLywyxhBMmQxWh1npc1ZSE
1774705225	AtVBxWuerAZ9n19vrko3XxoTxrcJgbWMz8eM5FUtqTAhiGKPzyLuHHHMiDAeZbZG9PtLZrPtPgfvTyBeRE4ybMg
1774705222	5UmAdCN6YKjxfpc3r6SvXrNmqZD9kmuqzmiRJ6aT1iVPRPJVbu9jM7hekzPBnJE8cU5w8hh9ByZX37QtJNiuUYNG
1774705222	41Db9TpPMNDjMkYB2cbBxMUA8Ntc5rEtzecCLtGiVHLzk9tWbXipBXYzk46RAUG2tbL1XgVY5tKxp7pYFj7YYcTv
1774705222	3C69jjyDZEGSWnyJPoi1XsRTiNa395MhrMqLwf68XNBBuzCaPdDZheYFU51gDavBX5BPpLiZUXzjunR4125BpG6D
1774705222	5K5mrvFqfYEN5qLWH6wWU7waVc9xr5fwY4Wjrm6pYgPynrYN8geFR3mGfdso97qS7jUnFjxH36BZXzeA3BbvP2Qi
1774705222	2xpN7io3qJxpw4qfm6n3obPcsgHVJ8jF56yhNjVvMXUpfqC6Yx7nqT1BsP3b2Y1sf43htVXgHXdduosK6T67pZfE
1774705222	4bJKAeteaG63u8VjUz5kZpNG5pp5AgET7DCvjNw4MQHxS8Ex8qCs3N5yf5WgNkDE22uDp963vdJd2MmtjQE8fPWQ
1774705222	4kmoKDyEfePZq5Epc5PBhkKPyfk8NnYz24yV4rFmaDv5NFg68CtvoqGdq4XK9AvzDc5K2J6pBCcwLTMkkV7wsgcu
1774705222	3RqG21QS3zCzKrmKdF7gK5CNa7ZnLLeDwAjzyAZFTiwCXqS2aNVSPVMUs51DMTw9pdDMQjZsWRS4iGo57DXJQ8MW
1774705221	2m9PmCzkqhzrrgm77cUcRktVkW9qZbfJw9Sxc279yXNkXLnTYZZ8cXd8ooW2VPgZuYaWSyUz7DH8HU3GdqFN9R2Z
1774705220	YUYLQgJEtFwfxDmVStPpew1zJD3bTmHLC1fpTYdEygcBc7M1jnbyPmNZe9ZfrepVRZz6y9izNzxkdizbP4iFmk1
1774705220	mESDB2BWXoV9yKFFp7D1bc2K8G7kcUJJ6eHq3FotgmURbRF3ktH39odrYW5RPadN3Fom9sRYrWdKhaftDHuCKgt
1774705219	3U9GiHxU42yfF3UVHexccbTqErxSYdeGrZhveoMLw4vJLxwszrWX5ZTN5iU1xZkaoprCqGsXsaxS7iGEtieH4Uyw
1774701846	4gWJpcFynvEPFWwDNwgQ3pHEvhghC36oJLgnM9SM5F5yVQcdyrYuTDm6xcZ1dzwQJ3XnCS4BPXMjbse4VoimyuTr
1774700675	49v5tnSMdLk4j7z4iRsx9YVsAuzse3St55sPA4NP1fykakf7RAbPsWihGKsuQ8KFdBGxpGpbBeesSmYHJNS79hLM
1774700675	4Cpvrocg6L9U8gSAX5jASPcrw7oWCQseoxV2Xm915ecTt4BRZR2FeyJCejEARmfgWiBbBySQgXJL8tnbeby4ru4u
1774700675	2wQ87mAYXnpwsCc6QL5xf1QbcjTDSHsTUUgzoMCqc6owgDRnkACugzvWwK3hDD8icngWy7mT28Kt8YG7SFYeQgw2
1774700675	3cE4tTLXzTMofCfM3jBkxUoKuspDYnxpzKpL2WsJyaiz68TDo4RyDordKkiKb4DFuCszCcqQux3TdXocqJjHjXHY
1774700674	5WuENYDXWqndhpYZ6zFzDpHa2Cp4jZUU1JTexRKDag3RTMDeruYFyLwCF4PQAKswshcsYqXp6AXojYZ9h6DJcGCj
1774700674	2mjmciDjVdFAdvQkp82TCusAP3WiTYqceLDHQNbxy5cHUSsi2oxkysogDUKvLx3yzZpVYhwuu89sDVMAeNaGbhMy
1774700672	4K5B5Qecwam3kXRauGyQ2crBh24GieXyuf1tVaq7g5whMygcsToxMVwe8GR5Rt29GntFiTAXqNuNAF461AzQ4DRe
1774700672	5avkSvi8sTMTYkcmWuwBaXDnGyAQEmAny4LTLGvZEJS2EYTCKAPCf7a6R1n1GRmkXdEzf3vTsgbNVFFzhJU31TU8
1774698974	3xTzSiMqYGWgnuRyJKevx1htTJ8DvG2dGqL6q2QZqZ7xaos1BEQxQoPmHZmJdNN7v2VoXb9uHjCqGkU9MzxTCyrL
1774698974	5nRGqJWBA6JkNtnePhZeU9okfjKKQuYtN1E8oDCFXZgZcEgHgVYeySSxicpxurx4u55xxJZ7nPCb5rpw8EePs6FN
1774698973	5voRAEjimgAY7wKGgomEC7WpNATozcx9A8d1xf8LfdMmExqASYu4HSMQBSRR6DaEFt4dSXZQ4orQaLybVEsSk2hB
1774698973	2XyrG4arQhZvUnujXw94ctMoREWP8kE6f8e7sthFx235LkoNrbdPPbmEbwXXcmWSiVdUGSXRUwzJPC2hxVWYW1zE
1774698279	3rixR8izNEoUYKBy8NWP6DcdPBSMEjL3xjLDikmwyzXoZTCRuAWTcKMdwGrqfUgiPRXwsSvzgaafiErrjcA8QBKd
1774698279	4W54hsPdyABnigkw9mDr7kAZhMmZ7Q4S9Bsyp7YFwmaxdVauHYKUYEphGwz8E27EQrCw9VHwDA47M3qBfZyxDCUE
1774697690	5Av5ZMTwWWwWsbvEB8yZ2stkZdmCZEpfQeLR4oqpVP3gScaFLnwScncFjV1TVqz2R6uVQYvvsvTLWVzbpDxCRcbS
1774697690	5J2MF8DF244SnpdrSibGyjZUjTGeiRBsU3yRNax8zK2PzroY7ZMeGA8HCqy1DYXHfxsVqV1EcspDteRr8okXhRox
1774697122	5oFiWf7QFaZ5hvfn46UT4MEe4hTbWydK9iHJiTdPYrBJshskunZUd2dJ2i7th8dRnuCfxoyBdd3xc5K9QasTypEW
1774697122	pzxdUj6E22o8Vg2dYYR5EMGmGzXpoXYYaeV4A4DHiJc16ZLC5Tn1nWgeFW19qHfaJknVZmHizdpekj8yjDNBN1v
1774697122	2FpWF4YtZihVwd5DSKcwpLyn5tz8CvmexmnbdhCmCHJVggcfRZXecNNKnnqvpkZn3AykKyV2JdLaKpuFBkR639C3
1774697122	31Yf2YqBxfgS1CjruCoTwariTzoxno3fvo2fyvZEVMecTm8qDKuU5CQkPurUYFhRpAZUZyMRbfcUmUS2AgkCjoF3
1774697122	yRwbeaW31VJuzxSEQ7B7PFxQsWYGGNRujtwtmWdeVCrTT9accDdkXxkuL3eXSxhwCbGQ9Z4M2uEr4EXjmBiL2vR
1774697122	5QYuD8F9YvuVstWgdzn8EcCJo3PhU6RXtXKBp7WJUvkY5Qu11ejzN8tBi8C5WCrtmv5CWiDjrDL9CGyU1nKyzpeh
1774697122	33m687sp6oMFra1EbPGgyLXb7cnx1QT4x4K7rYJ41JUKrnckhxuAkvegxxCSCcrohtyUJKL1Xx2MgTuZt7fY3Evk
1774697120	5dNd97m1hHN3GZiuxZvQ6dJy2CCP7sWqDvb14qyQLuMP1RmkikU6BaWNFTEnuDkL9vjqZNdXi3vTAfpSFW89VWBn
1774697120	4aajDCGJCUx5tjEhj5ZVAMnSYuuQSbFMTRLXFRsG2EV5sNEZUcHR3UfrZjFLrvv6RQ4W5kNQnp9ZgXEU2UmeTjY1
1774697116	4Vjii48SKDMyQdi4a75GJe9UdBuQWKwTdFpT5KZyTG66pa9iStF7JX8BpMNwcodzE6YzzMTxvZy1DMUaTknkkBL8
1774697116	tRsKmUH8d8eSm1BPoVYPUJPjZs32MrhLDVBVp4uR1PB73GJ2AkPX62E41PtiC8vShz4UsDC9fD7jWBPJBKBdrtK
1774697116	4Hew3M9mgSVNb9GrDM2K9prxr9ReSwmKd8QTYPApMh29CUQ55JJkvwALUWYTqCfzFKtWf1W8cAMRkU9Y9cMKVXTf
1774697116	3dGREfoMbkdZvUHGMzjKtiCc7oyGLFvGaHHR3tdvk61fU16EdvgFgwH29JRLCkc1nCTJoWXGoAz1XRViGyMenWaZ
1774697116	4JfF7TrzDPozidK5zuHEN58BEPGojH1QNkq9x3ZGCCALstfkFno4UEmHNbVUX9ijvdrNeae6SHjrbXHMqxeMdTtG
1774697116	pjFiS6KGJEYqfeM9EKQ8rNazS6zdkgCgnntaVjJ8PgLZ3ShdSCVmchDmboHyFW1R8r1PxRjiL6SLWHx1uqjpUw8
1774697116	2kgFv2quViPeniFKKA1tN1G43JkM4EnBKGJNBDW3sN1vL54HwPGy5PhrxAc7v1xjLyXLaLzKr4pZdpp8cpopgYtJ
1774697116	2of4rDQRxSteP2mQpP51pPtCyVcvfV52GwatrixJGBLqLKxPLrQcdYsooTcVzCBmHssqbyj5PERfeG5SPoSnvuZy
1774697115	3M22Ept3bb6RoYT3uVQS2ngwoDPqC6N2J8XJg9v7ipimCR5oHXjTYSgEuohVo1uG1riyxVXFvib88k6uL9bgrRfq
1774697115	3XuGiG4LW5SvRY4RhQPqiGC27o8XWqAiFPSQdLkozM8qKwNqwbB287GNyB3wBrkJncVpmpV4Pr5yRMP4EHudPBDr
1774688475	5NLU9QXEoVyNkm7a6u6WegF8XhfyE9dYBwxPP953QwVuZgmemuq6NXg54atr4xy2ABJAVxMUi8hJop2AsuXQXy2E
1774688475	CHEhcvsYJhzozef5iPESowCKroHmj7WxDULEGU7BRgJA6P5WbTyq274kVtjS3tU2rEvfguYFiuTeAujacBtdbNp
1774688474	yyTtYUfRgrhZd483DGfNzmkc97iJYFj8XwL6gmK31C4QcHgJZRJMaZn8JCvQ1mHYT5GNk6jDpsUjuQY2GRS2UZ3
1774688474	5D1bJsvo8KUVAkzMNWXF5kC7TzZr6QKjoY8wCuv4KZuEgs6U94WBAG48BZCANxBGnJwysUPhY2z72d8K8JTD4Fpn
1774688474	iR19wo9ggGJ1Pc1TMxCWyKNXAmxuVyVnmds2cut693zrfgcHiXFpyLLA3Xy8ZqPDAgWrXKfkgQVM64zBbKgfv7Y
1774688474	3iFDsEg47tbVsjtWofcMcGS6Go2FfpsNjkjKr6fzux9WnfNYNLMLQ98nEftJX4KJKDoXPNFjHDdM14eEf6e9V8pX
1774687032	3GKggdKgfiYigsDGx2fhe6eK1d4F2u2ccCvZrka6s1QRPcYphnjvtvrAZKjLUg4CqV1JL74s9vfbjStFKMSjJ2mC
1774687032	3Zx6cdeD1u8qUeMR7K14kZf7o7U587iFgR6AfAw1dGoHDgjc5q6GAn74vxw6PPLcF6nQJ5pWCJbtuhDtTqQZYvZS
1774687032	2KbqTvV3qiB43BeVQeSoKzHqLbK3ocHVgMCkDCpqhveq275ZG18tDH111u68FBepdU92un2AzVmSHepoMw9aUePL
1774687032	2EUw3De7SyHuBeFMib7tHeFEqoLuEHUDxRLKrPmdNx7Zk52AabLKSELmpeyDCCUvSDF9v1Gfna7YGnCz9yzKAEcQ
1774687032	SR6WZfciwwrBXY1PnQxWpkiq1YZbfSbQpzJKz9TzA2rnLvd3qyhRqjxyfzzjkokS53Bvpw7eXEYTQMCiLprENVA
1774687032	53PT95ygkECL4CU7p1upkP3UnGGJtMiUbz4SimQMQzGw3VSCWwC1nhoCJaoLW3EupfA9m62gS7GtHXb2YNaK6GH3
1774687032	3FEoWo2yoYs53VyTQHqsAVgK8wX5Kjs7q2VF9qQNfJxAaycHmRW1VyYx3Az52GzzJ4zPZXsbiyNpi5xz7igsN1EG
1774687032	Qx52gH4P5Lm1BxN4Cmx2ed2AkLKMTSsVfpsnSTAKtJNQwBjEgFHmajBbvmSmqmwiRSdhRCtHN6peJ6jBgFUqWQ9
1774685954	r7t7dNHCrefu6MTSxrRAKDxD5GDyvE3mwTJcimZcDYLRNnxQuMsP5jeAV4ZEPn7fU4ecfnKjxpWF3zPbjQvokjH
1774685954	o99YC7paheFLXeYr593ypDsLifbPBERPhyPZpSRKcmnEUe9Hnp1vxkS9nNcwidBEq85EgDtouEZeQyZo66CNzWY
1774685879	41kcj7um2GeReeEzUHcc14gPc8YZopfBy4j95H51BqUXZvmZWk3DRNfdggyAS5NEzLQTiqm8XNStTYTEWQTZ5yv9
1774685879	5jqmNSA5uY8qyYHRUfHEYRJwWu4CJLnaopkvARwJz4VVEXbXiM3cMJsB5AG8CsPLh8Yy6RMSLj2k7jY2VtMGH5Wo
1774685878	2zU2jPWb7LGCGRTpQUKtRVzwCJ8qVsGMGS9bdqEXKCh2zfqe6DTDq151Ryt1mZNY5nQyQh2kbyuPsfTWEomvavf6
1774685878	5zJfQxZ9QYBoqBXcuSTMDvem117JJsZ1TzamCTsnzJao52KK6S7DoVyHiZhiHPATqDhZT5dKHEDXaL34EtsGz7Sp
1774685878	63EnXdX3LJYUeSUmB7K84MdZXUxRSPHoxHYayPvuGMS221LsrTorjVZySxMkuALeHprCFLD2wKSLP4MLrinfF6kf
1774685878	23H3WMDCB3wMRJwizxK6Jcbcti1gbS9anAE8ppzxTcNaQeFwXkKpscjyjTJiXegC9nsovsnqtBCgwYWomvRy9gaH
1774685876	BCm9Bo4AWtVDGCYZTE9yorFhZnkSRwPxzb34hRw64ZXjLZXEa3xUAcEm8toHRRGmTADFT1YJvfpBW1s7XqKNidr
1774685876	42vXxfhEjF7Grc7XqJJfqCBTdhJXiYAMFUHQsvCVCYoekjpv2JsPxLbgpFAR6FMfeStdtvJ5h36JQYrRj6ujT41k
1774685875	5qasx774JVAVcE5m5S8bknckQmGwGYT9u5vYhEfQ7n9f8Bg4Qr2mWsH2jjAwefmDWC3Be26Y6Fb56FWadjpQKZ2o
1774685875	2rexhh3bjpfwkH7cvKYJoj8E8BQLzCotRf1uHyHcF7oMpmKSAxMkF1Wv4meBM5N392sJfTxiEMnQ3EHvbeSa4jMt
1774671625	2W8GtmhNLCSmtWv13Z74HZv3wCBmUEUqMsquEYmx9BzenF1mgZVdD76V1skAK7etDUgUMATguMgq9RejAheGZH6J
1774671625	nm1Can3G8Bv2rkgFykH3Ngmin93Bj6kVjkZXCognmVURRxn653Br1VVApwWgVwrgr3Nn5CtkbithtNCE5XEXTop
1774669436	6648JfngUpnntf5hsmQfCnPDPcCd6QSHcta4hfL9hYdxA7rZ5pDPnkxEdVNZxN3aza8R3GEZZR7RunrbJKczJxYu
1774669436	2yenN8xVRVjCxS2U6ReQibveMWapcFBEf8emqvQak2jEtYxdZaZ3P9Y68CB7eXyf5QQH7ou9Skcqh91KyLW8pSys
1774669433	3NwG8fSo4gyMLGiansbPjFfPWquwbL3ZDaZB4AqFghX1paV8VNVCBb6xEBwe58CWQ2CfK9LLzEF5Fm8rgEpciUiy
1774669433	5UMGxSnrjfkKpeB7BrgYRDmbtMrfaW7Qh5Smn6yHBAQL4h4onXWRfN7XXxzvzAPYSrPieVWzdiuSqmQ4722UV99k
1774669433	q9FgeHWzsTBdztCyN1qNsRWsMq6n11hGh6C769opxwkmGrCo1HLjJK3wDmFg3yEwKzKSPcoAUBhYCqX3FLK7Nxr
1774669433	4g81bHdUx5HPZy6Skte5r5runjbfn5AJwvkaZpHPVehuQAxphs19kAaS7pnKgUagPaG9wCcQ5SEqzCh4bnB7Z9gn
1774669433	38DhLekHs386mLu9uCMUXudLGj82vLuVpHeY7HGX6XW9Ja1MrYCmpBBx2VRPkoLxLLHTbVgu2ZDUnMFdjbgrKHm9
1774669433	52hhLp6MFpU8uFEYCMX6B2Y7XP3848dy7tviinZZ1A4tNFgEFJGUTQMhnc3RCKkHBdPXoeZiVwURNaXQCSgRrdHP
1774668079	3jqbfquKogF4etiXjhthykeCmphAbSjmZm98r3E9LzciuAVqe2KmYHsZbPDjPw9eXaa8USFp1L4jhH6tPycSU49g
1774668079	39fobbC7Cd5biqiDjY98qmZq1tMaTraz6Cj39UfFTerpC1K44c6LcWe1Wd9ucSJV5ksymBiw8P9S2jK1Uta8VwHW
1774668079	36ZoBxaKK6TijGHtyzynuBaWVQ3eZT28aMY7Yf8RWhUxumNszLqoyXYQCT8UQwU3vHRC3GLZy9YwLnkYfk7TQnE9
1774668079	4AtMpJJPHA1PLAFVp3EdJ44b4QVSLMquwDDJEz6TUbvrtJsR3DbreZMvRopraB49BRF5EQhL2mugGJdEC1cihFuU
1774668079	4KzqnTtc3tz3KjeF5LZczWcYVg3LqkqF4iBpM5VGgofVRFwL6yVyxeT913gnuovvJYxrh2JdmaukquT2mDaUg2sp
1774668079	4aHf1EaucS3eQYBXNxiDRBVsb6HFe6K7eX9JFHqPQcR2v84UE8tU3BLPcRfi14WFbDGRV9uCQnsb4Xd71sDW61eJ
1774668079	4mm8vqBNrNh8AXQqNorCWir1BNqQ5EaRxsMWzpg9rsmMStt34zhRAYjDs5HsFX3vu29Gn3YHRCDnZ7R2CGxBZcpo
1774668077	21zo7pZbLGzSFy6Zor3Exs97kZa2CeHHWvr3AwRM7BexvraqNn4tnVNuXuKHzT2LrYTJFz47Jdo9ga7haJ7nDDcy
1774668077	3GWtvxU3283z3uGZJoAdhyPjiZoPXTCFnd4YmDCapTkz8LZuupgjgHeBafniH7Y1tkpfqAuH89TUC2aoS2eXiowm
1774668076	4YwLKAKbURtmJzFr2CxMNPKYwHcu8V68kTZzPSYVCbFDXNrqzrPWGHt9BBEj71L6R9RxcWzupthLmhxHbRwqawsv
1774668076	3SoGnv74H71NGgtKm9wnSKEo2iPv277bUVFvJvm8rpWiKpcDH4vY82ytZgMVFWYJrfJs2ZKbcsPPe1ZVzTXEUfq7
1774668075	FELwtJWzWhpa4d6bkNj12boBGbYFuJRteyd8ip9qtyQEVh37xX5SVTJ8w8e4zcPfS5y5nwV8HSXihdvNzuhU2JD
1774668075	2M8kFGnva5cC1FJ79AXzYPtMffYVDQCXwWE49ZH2UAdqnSJXULDZfd9dAkMEhpwirF5zNTwgGFSPMDTATM3uiyrZ
1774668075	ZC4hZTV2T3ExJZPjF8FcE1626tCzExyq7BfECVpeYBbnrGgpWcpPeCWrB4cUZ9iBTN3WciALYzjF5AWyUyQFUkS
1774668075	2tA1gxyeBrJZYHxoaAehhFEPwJHE3nqf3phez8mrMWDNZSJNqQgtUZXcepMMgGFP9942QjsXkqCudULsUPjDA7N9
1774668075	4yYap1gGoC4QdT1RGaf2MYoPSNWVF6DQWRoRZ3qTraXwy3roTBFCkFwQwP3agbM3Hun3SxfearannQKsKMdZSctg
1774668075	62jwqB5DumoAxzEtuexzeCs9ySWEHpLrbgsRVFoPNLsesT24YV6PkgWnnE4q1fATsehVS7XuCgbpRwJk28DH3iF7
1774668075	3S8WYPjAjccoYbMYTkPRysxmG6bWMZ5LgzPRbrqsyq9v9Yu8wktEhFCohxAKS4YGEp8YqhuNGVWoG1vkdQhG6kxM
1774668075	5GX63dPspaKegNezY4dWKrP81R5n5du15WT6x58WV6BacUC3SxRmk4KhersJpGsdxVd8wqh2ddYDzeVthqrLq9W4
1774668075	4ParLPKZVP4wE8jMxsfW8kNtXnC2sKuPmhRHcgzvv1j3sSxr1rKNwGardVrKP79SMhWZ1m6CTeZqHnfp4qeV3ugn
1774668075	3dP7C3Bv2mhCLbMNR6jETrHcgUJ3SXiQ84BPaB1t8kTLZoyqnjNbzS8yVgr6MaRc1UCRLyqdXjhxTGTSaWs3w9L7
1774668075	2vJ9c85oNP8hr37gBsu2yLGrpuByegyjNNFQcfqw8xTWv5aFLdvzX7GmiJYjLRSuLQ8jMxJ7mhx819Zzx1WTuV4E
1774668075	3AoaxW9XS31uiG5KPTovgeCjcPLxLJhPEBz9erVJRHERSTCVqpHjXCgVTLrzfaLnL4SPHVAFGS9CAbSui3AyNC1R
1774660778	2xTMVMqozbnmhPHVwu2EdG5kgRYEU5teTc6w44RfxUHxhFrZR5E1qpppsqPQ27M67ruifznKtpy7hjeZ4ZKniKVu
1774660778	473rkjAWTNL5AW5s7kzkRMZzFYSpUTqc1iXMGaSgvT2BsQfC3CUmkZ47SSYHwAs2Ls9FGzXnqoik3b4LCTYvfSyp
1774660778	3C9kawxuMJmUYECeLxNUALWhdDsib6EYhaXSCwdc8TRMJhY7DgCTxxZqaX2RksMwGXvwZCkLKkks5XTRkith7sqN
1774660778	2Gu8TQiJWtrAft73Q5RcrqJ7LiUWgNgi58ZJrj9uBthzzRKq2x7SaXwrFMzaKDmk9Pj4SCMGZKq1zsP9QzP8Kn5B
1774658058	3hySDr5swRAawoNwAPMMMPR4ysKFkThVBmxh6LVsWmr8dcQDDDS9T178BxvbqFfKFd17BRys6cr3Ag4AvPGF7LPm
1774658058	3cYKJ6PgeHurbfHX1X3adX35gnCayufSJEnDDcoEG21fYCnv2LnnTPzWhxv6ePeHoAVANNnUo7VPHFQ3PX8zN3Jq
1774658057	KiiaSGd2zbboTZUViXnobsZRcthq93vzmcfMkPRwt3rhGCV3kNwJfUFJBYX8QzcGsCKVAUj9BC6Zv2Ayqa2usAi
1774658057	nnHB6T7TRSvGwEDw36uHnHisrk7Bd5QFTE27LV6dj1busRVQ8yvFUZgrCwh3AYtMfw4TYokGmjPkrStcj6VM7Pw
1774658057	UP6TokfxUzMScnDeGNGwUrJBBjEkmzp669KsskdF1MbRnLjmgXbaseBHifp3Xk3UXQiXt5RZc1QgUbb3bNq4QMf
1774658057	9WqVtSG4pKYQG2MAmf9kHLaCpUNE6nhBy12MsuDgpn48yxXyASxgLhMuDEGDyMwWs873u9q4QGbpLpQkmYsaSdo
1774655788	5aJP7Hki1eUvxQhpkxT3mHeM3VVYiVGoJej88AxhBAH18tRJ97TPP4hwB95AdM3KMEGYGaRVB195PHERsWMxvSmF
1774655788	52zgzYPv7dUNnJEb1EXVTueDtBs3CTxJ7R3GQV6BXLeqFuGdHqi79g8sVXxcrbVHDd9Uw4fEjwtFLNdpEKrWTj8H
1774655783	2xDRBFaLmptAjQfjWnYxHyZFkRkssdnANyNcgsa3jnAjWmX6cXWafevNz2kvLNctbGmo64F9XKiKXJZWLqDuMMuG
1774655783	RX2SegvJeh3ftUz99DCNbvSu8wq1ZWqiE63M826XrKkJEi1sujcnyggcAamvCa4g4WJbbRMjbGc9gwiur59hh4y
1774655782	NEoGm89WgWWmAxwSo2rmN6ZFD1auXbvPefDjEUDFAkR1vVLcoA6Yw414trdrVKED4QFGJ14JVei6125JtYDBU6d
1774655782	2cWWnKnBJqFZd9e5EpYjqMrW15m7bYaqvekwpoymon17f9sYqeosLWt8U77Ud6oBXyC6XTXdQSrFe8V7wXhTkgMg
1774655782	4Y5oyEh2cj6q668NLrFq2v2dmj5ZDV5VDznzFGDWZqjzKXy99ST6u3pzA7XLMxj7UoqRB82E756PkadLiHKo9qQz
1774655782	mxW9jTM3X21WmDMyagMRs5b7QkHCCc9HUWNHEBdLPUdgj5EhFcbLJMXQnzngKupuJqdcwNMQTU8uLjdXj5atch2
1774652573	48Dsj1b5G4uS1Veo51SjMgfBnPwWznAKxPcsbM61pNobAXuYjB3aqtt5ck1ajLjB28gG2KbfYZoQHnpZ3YKD52sw
1774652573	3Wyx9bffteaEiWsAM5x4uMycBkmj2qteu5YrktuPKyzKJUWbePhvNXgTTBAMdLdHrrT6ZUmHsacnNdLw9MyzPxUk
1774652571	gBWXZg2LzdLX2YDUoyzoxoEK6B39mECi1pzk57vPy2abgz2Wx3EmVQP7DYFcAv61xhJSj5eHfZ2uKDMWbgRLd5v
1774652571	fn6FkCz8wXwQdomiQwuTvXbduUF6w8TkYRJdcEMVzqvPKER4dzi5yiMcQcndsQWrgj2R1aShiLN3ZKjZVsGa74m
1774652571	2P8fejsVcBBKqCfiCA4B44qybx7gSYohLCjdonVy57NWXFAhSEiFz5NY8CjBk5iswtrwcsP2Faa1gzhE3k86FbfB
1774652571	3ok5YCJvti5SYtamh2pLcVt16NTEy4GLpmTNCpxdSiPpwCxw3b7V7ifQzGk1Y61QmfFo91Mpz4XQqJLonKaGXb9j
1774652571	ZwkaxFMhZW1ydHoq75h7bCSVjF7eahzHibAXQGH5HKaz8v5EyKNAWUGjgsX7dXhuvVeBcRrink3PjJSySb9D7nQ
1774652571	3DkoVhrnmFAXJHn7ZueSVcP6LeMgx4HUyUtCjKT69eRheJWPi6ULVMRea4u18eVkVKHVaoJz4MmRPG9yzQ4b3WBg
1774652571	5tTusWz6D9bYiSpLbRh3q4J2vZMjj9FC1V5K4fjhvseAgYZhpgFFqBe32bKUJg8Jzxu6D4spuPkbu3kJ98c5HHLQ
1774652571	4R215zocbPBCxrip1YbqnwW4BYjJhuzDYT4RDkzDxcdTJ8Y3zbgiU2GGwvn7V5vGCLXu8PoUoS6ckJkDJo8KnxN1
1774652571	5ECeCYrUK5EHun6wnwWZzbvbGSzTQx1vabcgFWgYoZMsQ2RdQxWquGUVvGaNH1uJMPFDzHBy2vUdpt5TXd35mewr
1774652571	zviakdGtd9sW5oMUnkdoo9kLSdCeTSjXjUt6M2ZbhBetF4bJ7rxU1fmaTU2FWp7u8HgisCW13i7ovYWFP4yiRFr
1774652571	51aB9f21uDAqBSeTbumiwUiwWSUWGEEjaaDXMFLgxKA97j74at7FCHLwZe1TCakqyTyaAz5bt5bntzdBZvNBYZjf
1774652571	54vh8gXoYaWDN5LVfKohX6bikPStwrHCqp3VDRmaREVAtX1pSfkk52ApzgB84ijQJfadRXdbQzft19amEE1aMAHx
1774652571	5c68HcN9qVRCtSty73N8F4HDASAvw6zbGka7SUAXwwvTXPpRqfo5YV8HLnBqLd9ZNpTup8rsrqzxm4zLeHtAU4Bm
1774652571	5bV5uiKKSH5SfpKMxorwXVJSqS41NvdohnX6squPvFxehkLaFMyznAYeZCCcxkTU8xPQCDaqUaQjp4rYHX61ok1i
1774652569	2d621x8B2CR5Js9iywFjsAEGE4e8zpmgW4x7jBAr4soch9u688YJbR5UGyDkQHCUSfFgeeaNPBZkdnkB4dKcAYQT
1774652569	2sogKkcuyDftz77LQNyb7bxcCgz9kzmAWSyHQLidvm4HkRxDode3G4UnqYJXXVWHD3c8hFbjUiU5Js7qiRJyMUGS
1774652568	unxcc4oMRDYRxACUSf2k7KarTrkXd1uwBWEFiL8sRobJMR6cWwG2Qntqq27EX5NFFDfxa8YU9ZNdc9ziHc115mZ
1774652568	5udHcrwQppiENbBd7zMNzpFDeEF78VS3Bh49QBTmgQL5wydkVpsFJuhjcc999hAGwJ99xBgqC9SyD5C7Ddqo6qGs
1774646910	KmMqJSDHso1aDGvAwZ2LypxCfqXsS1po7qxigpMweUCAGWkjhKafHQ5dxSmcsnmiUy2Xb4YNBVcXCWpc7nHspGH
1774646908	5Wt36WQjSdBqGQvWozr9GDKFrmseHx1U1uWeh7eAbpQcayZ9aBFbPPmgj3ihMRpTDca8vhg4Rj6kvgbGSozBhqHg
1774646908	3ct5awudEM5CwDWs3v5FiJinMbHnJNeZZLJ7wSA8jPf1JisFmk8fWtoTuzgcn7ZA7pjyLk9EYyhpAymJ57T1VTAv
1774646908	4uL9qNAguEbeDxk9516JU4rCn4ZcuuHsFnK9NizDgHUXM7Cci4WvxvyihyTADdKskawDKUCd8NooNnvBrJfyKo8f
1774646908	5ufHDjXBQtXdddpPPBDWRK5GkSQBQtJSJ4AUns6ELch1qgoM9zZf9EExrsj5bV9WBVkfAMwP2HutA7c1MEgYB2tr
1774646896	4nLg7dYfNWqGtuA4Wc9TYQpitS8k8159qirUGUTMK2pNd5LipTGKrkcszEHY6DsHumCAQ7hNJ73F25tJj8nmyFCy
1774646896	2MUFMMg4EDBaJwsP1LaZZSikzxzh7yn2rE4jfufqF83JxH1hMPnd8Y1ydzqAr5CgXmaGBzxrUvHr3Ny4UwD9qMyG
1774644520	5oWAUpP59ZWivS3ZNuwwR7d6aiqH4kkV67qh9TMHa2U6BmPVcJg7pGZXMByra2BoZQvJdLNneJmGWVGwUmy4zRAD
1774643991	2NeX58jD8XS27GELj9ZDCuBMH33fAg6fUUDvfbn6T6FKhw8gg1V9LUqngao5iXBR1qkhbz9G8XEqirzqqCnCEKT9
1774643226	2rX5A4Gd9QbXbEGK6YGh7nqDFZZFK9JBjaGifg6LXkFBRVUdt2N43N8Rz9QFxGkHM1d3bsVvXQnC8DpCEoHgXdbe
1774643226	3evirR3f1QLD6B2sWZsXCVeCzKbzQb6oWu2c23uzea4Sp1txS1c4kMFMZpCpD1cs1c7fsyUANTQqz1yadcrDHsdv
1774642123	2AWCL5T77rVV1wFZDrScpQ5zztR3LpjVDaMJv6nPMiRso9Z2UPioYSY4NjXUFq4weePqQgKGf3cF5n88J8ArfSMT
1774642123	43ZKu7wDmXudf7kroM5Jdxf7sdkGEWEm3bACVs5nqCQG7HvhkisbmB9sVwgnumZqEWbmS6sQppf2Y8kAbwZJ3XqJ
1774640439	12732m4JuM5Lm2WzT5HNxEcCWxrMfDFfVqMJQvnizLh892D4W8bCQoe55HEKFSAVF6vj2SQ8c5i4eayHSURpH12c
1774640439	55CZokRCTcicMVFcpQERgnuLdNmB3bHmqcxV7DXSQxxpdQtmqF8Af4LesVPCDTx6XzaxAehYjr8pMZnEyEfMvza2
1774640438	4QYifhcVGTJcVjxvSKtGmYnMqKF1dHQDguuFyX4FEUDP9JkCqcxPARbgtgzstZhddsaa6PaQz7QfEbrq3CbBgQzi
1774640438	5azQ5UYCfe3p5YEwLrprCJJNtogXcfumE19xz8Vg7JFX1p8XQC2F4KaVBJbUCYD23vS8Wjm3E6KjV2WnHq7aNz9Y
1774639903	2uWbJycpQ3oqAvq92AaDAbWMLSbHNpVLd4TYRrWym7xcKVjyiNQV6ozYZtUCUv9Dm9YQ257bvQveYEKaPqikm9Cy
1774635923	huTmumTdfoAhTuPbZZS9owpcFVkpzwcnwryY5cYLQxWkJaHBcLpZY5k5FN9WZCFbRkspkVZ4DxKAnorcmbzjnu5
1774635923	66cobzszzE9Rjdsi4GN7pVFRxqDRbWXKUWP3efmbV4WaqkyPzJTYNTL8cBthmEkSnkrJwmGcmgVqpqkysk1E2Nni
1774635923	3k4ni8FKMBybcmHRPD7WJpoTQV9q2AfwrffsmfUxzfkr7fV7HG9xrsTTJNpa4kEyJYijsCLHmeZR4Hn7ocWVyzMQ
1774635923	5472HNuky6shsTsFSR21HcXHmtKZYV4WYputzkn1D4Cw12xC9tjSbMzx1wR2hXZNtqvLEg6abUYLWcXE4mC6kFf8
1774635882	4MwzvLrAbj4xqXZvGdAnnAX49Umn3frfeyW9sYu88ekWGNtCK111xsxBYoDWwPAF56KcRrYBeM8qesCCwALvbkUe
1774635882	4N6fa9PC6kg82mRqFThCy1PmHfNHEBV5gPKjZEZcRXcerrFz5q7EHBRcU3DFKCRAvTW9yozrRf4k1pVHHmBDwkj9
1774635882	3ytcTzi2yf5VSf9AmvjAeE1AvaiaHVgGoMx1Da6v8MTSgEKuLbPVPq7dBzQkzfJMvK3ZhzrTnbhPTxPaucQCnJyQ
1774635881	3P6KpRu2PCnqWxcZB4sLYsteBkgXMtUxuGtLpQfEcTNJV6RE2XvARS8xmj4LdvcqPhb2YboakGA4np1h1caQ3xF5
1774633504	mDfdNVTB41rv8C3D9qnpVrFcLytV6UEviwMsS1y6tKdyzQpe8bLUyQ8g3xySvTLU4zHjQXYbZbKd5eQQMhv3G91
1774633367	aFkKjx4A6bSw4nwYYNmmnNZzyY1MxQmAsZXmeReuTDAY3RZJzdSBpLRtR4x64KHparujyzQmvxtfYGrGNdyoJ8a
1774633367	4d76zM5qUXSsZUEHA1mGj4vjg7TWLjnoesGySsrtYmwokv5nd3C7Cq5gGRguLnaRGArRFnGzmHdE8Bh3SbzaMqik
1774633367	5n2DSbMrZsoxLvqXcLFjouyH1F7WmUKWzPABiFwPrXjteUfU9F2Z13JdVauzqjVXoLLX1HQigamXrgjuv2vnc4Bu
1774633188	3tiJstEqwVkhd845fLVSFPmXf5hz7uANDneGZjHUDYf8FHczmcY89AbJcPgaajrLjavNcfzfcHpabyopY7tguFRt
1774633188	4TDwaB9GDHaJUdbJLR5hKucDeesgWW5wFZg8UcPPbkQHgTKEfBpHgTyknPoj1Qrm5aJgeDLBoru2XT9VYDsGveHu
1774633186	2cULd2tyVt7Boqh6ogg2ekx85RbM1jHf55PgkqeyPTz3y24Gib5r4kUS75k7PQr7RgWu7jHhtqGtNkXixSXaWbKJ
1774633186	5hBmtGhegeMvoh4tEX9EYRprV7pSLp3QWsBNLJYRGWtkedxomndmgZRr2Xh6J59EkrszRC1jAy9pKXAaZQUF8Ltw
1774632822	2xzqceZCPtvh8hSobxKu1HuQK64qMXKS4vRLozFCsGiVXhJEPZAPT5GWZ9gBdkXViWyorCAso39ZbDbz8LjtWv2f
1774627575	2uDjSy34rJrK5nm9XLvbxyQfMV3GZcBoLzSVzLjkqoNLZ7AKdDbhjm8BN3r8vRvkXhKC3YN3Arqegwr8e5hiKFF8
1774624362	124r2BR3dkt6pjjdR3Wjo8VAeBgPceYna5Ad5U4oKYVpM9yYe5pHhMCtYMMYXgZrA4HU98FbNKJjwHLe1J9NXbzT
1774621090	497HACaNcVJxnKGJ69cpd26dBH3rZ8a8Vmm1LNqyT5XsvAWnpQyHSeEMLD4uGxqK2mMQPDmUHrwriDX7wbQguHiD
1774621090	5a1jWAojzuxNVkwvcV9Fnx9jVEf2Ls8dEQsCVga1KQ8uCVWY8X3uaRBzr4xXcZxRpiZ6RXjAsae84qDN2QZwN4pD
1774619887	5XvUhJtJJvbuhvcaP3Ts9Lc2sgQHth1r1mjtDzAxrAiGtRRpfxr77L6C4r36kJcAU26JfRinxYL2uAxf1iHyZcV2
1774619887	4PrgeNzBTbmy7eESoPc7gD2uGkLBkDWtNngPNWXLPxY1yMtGt4qUoifzZU2U85o3YZnV1Pj7WXxpR9mAaXgt7urV
1774619804	M81pJrju6zUBJ6mDi69xUo1bWFqQKf2UZRqGmZM2nfGq9dLdD7aiZMyMwi7KcRW7PCqsrPNiUreShizLhq7Svty
1774619804	5sgjnLUhy3H6Z2YHHpUVwDSfsPwxoxCiMn4Xe55eZHpEdNAJT7x9KpTWjicEnguNmcRsMApZz8XA9caWEEWbbsjk
1774618665	2KQ3KJu1grCbjqgZmb4hbKWYvTafK55xih5E8eFWbk9PvtvtUohamejfiE16cJWNuQqVd5bneNy1FuU1AbCHHYwF
1774618665	2XSiiTB9eLRSNgoaxacMYWcAQ2hpDpEzJX6oQexdQPDxQ4YtQKHK4ErS7P5FFLQfta3rcRAksLcrhwDE5RvrUtG8
1774618665	3gzVr5ZvC58jsVWpaKDhJ5p4Z8vWV4bFaUm5f1K6zVHPVeSiAL7bYSzsVJP3F3d7ANbo27XokexyDHb8k7cA3wWU
1774618664	4fMsY2ex4pE1bZ6RFG4VFx9fwixpvZvm4ZnA6NZeGSpHnZ3p5DcHE6XspvqvwA4BfMGpu4p5Zh9YNQMazyfgcaAq
1774618664	3h598kU7ph7kzKBSSwoZnDst1T4F81aFdjZRMTBdndytmphpQcbjeyBuRWYcP5AAFZzxKUEpU9CdbH6PfGAZAgHj
1774618664	3bhBR3psGxZMUJD8hf9mweSFMexxeDBMrHCtSEpxkUky63dsTddUqAVs3bgKyAZHPRNgH7QtmrvAi1AmP5CvTZwG
1774618664	5xAwJPksmCW757fji18a4gqmVtKntykKnQeobXDrCEgGBACw8HZ5js6E8Hyxw7AcuLod4Zx399yBTgD9qGquni23
1774618664	2x5wDQAZgkucZdcGRZ4ghsHVjmHDjAYGy8dQa3sVmFxkTFDeMEfjVCXAEyfq17wg2Me1pSPw5cduC5yB78EFhZaN
1774618664	3qnGENAtYEkMigwEnabQ38oyUt1N8ATkqDi37oxExm1he3DwgSBmmtWrANQK7cRL1Va8aEhipyp4UXjXfpv4WPiE
1774618664	Krc5pYVtRf7ZoUkGU7k2a1iVzG8VoomgSSsCdxJ1kTcTuBDZoszngihR8F11p6JTDGLUVeXfLDidXe5b447qYms
1774618664	bUteYLiFn2agM7dGRgvrRTybmLiE7TMRXqCr76iAabcARgndMqCjD6yVhGVmw386uBVU49o3Z9DcmPcXRMKyfQV
1774618664	4m3W85JZ38HBKGayMZ2idqRMCjjqaQqvT7d8BLQtHtvYKyfULDUW467UgC4B4FZLPiADJVGk5BnMDE6v4tVa9CGD
1774618664	5aGDvE5M8irrb9MsYmjT8575Ahnkw8dawvyXHKhfoXJCwWe5qBdwfpK5shTBDCzAfq28b99XrEzE4wZaXmvLa8RV
1774618664	4fVkDcLHqrxPrJNzYbPvxBUzmhjXP3UrXqfHBCMmi9uSkSPhr4zVmFAsrSNjb6vkkgE8RB8waegSXhPVpjCvv7Mr
1774618664	2nmhbdmpeVx4ZBqdsKgM9oQMQgGym8vU96Tw7PspAXoCXMEZFWGdQbKDZEFZvss6YzUbeDBzgVkA1P9NEXikK1ke
1774618664	5yJVkxhb2mKCgHiY2mXqkQztJyNJY8s9Ym9enS1Mwccm4CBpRfhdAuKHD64N2LHeTQ7PzdQJ3TYg5yA7uxpsceTy
1774618635	xnD9fPaGw8r3tMtn5nw3ivHQcLepckygjCmTejKLFF6eHyFCLtydB41id5xAsU2bU7LVJqh3um2HyVBt2syLZqk
1774618630	5DxCLZoFnF8DvjK35rg77sgFg6WoayLMyYc9cHKqTL1hSPqQyd2v9oYWJW76TRMPZVN3Wm44Zq2AyZjF4Uwxq3Sh
1774618627	5cGxsU4J9Munbeubthizr9C3CR14khRnFhdDMtTZeut9dN6LqUrzhyZY8PovvAm9EoGtn98epaKy3DS99hhKkGEe
1774618626	2wBG1prYPKS4NyNFGrBJz6DzZQUuuzHE4FVx5dHc3NkqjfY3GbMzkfPNGHprDXdK8RWLHdLxLyGb4hqdhigoNDxX
1774618349	74JSAyYeL4PodkPezZPorKGUiQgBRx1g3NLKAJJA1zQJYUbMtWyhUPx3R5hWm8A24NNUBEhdMm5fAMRCAqn8fTX
1774618349	646DTxvTDFxpfxx2fEk3V9R4i5D7u9o6J7aftTCDL1RTn8mAnbBpqpxJrKgfdgxyF9obNzc9EhMiiQMqBhhfh87F
1774618349	5XtxAP2BGRDAN48fGuMkeJu66zHe5JbcQyiAMeZyDMZGHMZU1GGcEUXZtsa598RB3Nzzd4BsjnNGkxDksnfBwuCd
1774618349	XGyEWzTCZcsaTGA6SZvoVZSiqzibHvwac5zqFREwiXAmqXMztEui13HjTZBgNVtNaapH2ftLL1zYbxjTDdCPuAD
1774618349	5avH3GLeB6hnenW8iSaEauz8M61DCASxFeYZfk6CX6gu2cUCZSUBmy6b7Zctet893aFjTJCqzootVXRwnPmJPsgf
1774614597	2UypLxundSqc1Q6jdQPJtkC7VCEprASVprH2sWEDTkZEPpRP1KpZkr3G1MTLNYrk89NqnQ9BwAdJMbeJUzLxUPfC
1774614595	4hXimTZgZPqiMSNj2EBiTYymFFNANBieu49JcGXN7NXCCxzHXGZNwhk5vfqHPw7vc5W1YxBQfX7RepSCsC1efgxF
1774614595	4xqTNoQvkLxbFnyiJeZhhi4nYJ4VnPstsizupsnv9TjmMw8UYNfP6AGgo9nR871dXjhKeHxy4fEFpnb1MDazdMLX
1774609277	3XUYQDKU64kKjXGv36A4s49eTi8rpFqyN4fqpYipYrobzY2yAm7hjrCLiFvXD87CtF1Sq8SqBfF81tg21i2T5HWM
1774609277	3pk6bX7L9o5FQChDFDeRvGH1VTzoY2RVwKDqhBrhoWGmj5uf96rxREd37R9spGz2hEcHApbYxPokGFYXfc2NTpMi
1774609273	2MAUR2bmtb7DiTgQuu4Bvx22gpCQNJXWSLePQhZa8mH627ZLiRaDoigS4Vfop9jqyi3jtdH3CxWBfy9tw3EbFUi2
1774609273	5Sjo77qRrSD6eurs32ZAxwS9kdFEnmaqAFEZZphzFnvUV1oPD6u8nLwD5mREdMtNX2Mue9fWRsXz3SYKjevjKAqP
1774609273	3VyvUFDtwF8YV7C2qGmdNrxkJC965uTSwV4HvKJCQhbgNU7oHgiSEQwGvnp3KTae7dyLAc2wyu4q4bPwjw2XQMRm
1774609273	3ANow1fkKNN36uk3U13sr8ed6bets7Poysgev3pLbsFmfehQGrDhohE38ednkHJ825SaLMq72fv14UZBkwHk63Fa
1774609272	4B3AuyHtCvcm59yDMHPB3kJvYR8BwbVg94oVtPQCb1gRC5wseiwLSNbXubmDP5v2Rzzmo4K242xmJ1r9khTMcaXd
1774609272	2CrdL9SuMDhravNkp4ufE1zrTHLhmmz55WycnoP3ErGFH6vukFVxaERq7tgmx5tgfmZAYVhzuyRxjevRrYj5cME9
1774609272	24qDCodu6xmU9aQVmg4tSfGV3WJcMxsXYS6jSTn8CmejVND2e8XQnaZVqteJh4VZtvbRj74htbAZ1NbSXQr7apiy
1774608950	3ckYG8zwvQsQoLDmf15MBoaBVqrtiGr2DE5i8NVxkDrwDbUpfBasQHkcw3Utse9NwUkBKbGJy63fbjWhL4KTC9h5
1774608950	4jo2NUvPF3y2FxPMnXPmew6g2UmQDiDHdoHzk5EdhE9wimQReQSWLCPqnoFAKFh1wRwYrQyM9sTePcrGLCzay5ph
1774608940	4aWDiy8Kg4JytEftcPezetU2fdtx1VwSVFpK9T9EVaKPUUoNkxqRyJXLsftq5aNw9ujhAzyPDFSp1ram5c5dsRV6
1774608940	5p5pfxhX8RTz93mHXHLBxXBEdB5dQNJ3wVd6V83P4ra7qnKv1MCH6m8jgwTj8MmvVS5bX4TvZ5rMUNVkbxjvZbNo
1774608940	5Ew7Jm3Ef2xQqxPZHg9Q48TEkXK3NWsYsbxEX7Scy7bVbG9Aq3q7DQuKzcvrspKPKLY8R1jsAZLhwYragwRjNdmT
1774608873	23oSNCvoSmj35bFNTFZuxr3depmd6hmSV1XFGkaQhLCUHvQygR1dHeDRGFmdpeHVhRjwSjJ42gVMHBwUk6VNTqpA
1774608873	2YXLV3BoLEQKPMjAbeyFKkYxaYw7QD5vbWgTeXG1darXbtLEpfpFMvEXKEti2xKSc2SPRHEtTbHireGQLRfggQcS
1774608873	xHEUZZ9juGj919A27K1fQNVFiX6pH8bQAQYJDkLGHENGAyGGuqCBHAbxD7UN9U3ytrn3ewEWVmYYJQDHeDPKXSs
1774608873	3EexUe1oLKZksFdQBj9sSyAfBAHfZY783eaSfCM7kjz2RSRYPTXzjotPxPAN7Tcm33wKGwzLq7tikBXUa3DWeHax
1774608857	21UayjE8kD2mZqEcoXAvfVUSx95HXanPVLBHATvBc57RZ7XCZLMWpNXMqDpPDp2VgxHLH3msBJrJq9nei57xHp1u
1774608857	Vd6YFJo7UVdKRd4KP1VxzEAhmmSy9KuXKGQ7AsYtSgrMe9vrGzJbeuUfSgaqDguoRXXMBxqBCE7wnSw7kZ8TwhZ
1774608854	Cw35myueSU9zpUKkvFWiYby6PdFPBAZGrbHhd4s3sJQ6oHhSgCmyKyQx7yZ5Se558kvRE131sUWnu49rdTM9Sdc
1774608854	mkBi5jEv9XLbog2McxXYgqpr7pBLGxR4az2sVt6e1bwCKgydpSE8FEfCpgXNWz32tYMvPwTLLeLVnC6Htn6zcXy
1774607972	4bLBiULhqsWuuc2PHAhVJgiStscJnBSV79pB4b2Aao5mHDK24LwS7iX5MFjHKuL9gYk1dHeaCdTycYfzjLG7Ch6B
1774607972	5W9L7kVdhwUF7WUfKabdDyZVPE6HdJoYN4vmCBsZGJCqDYXmi7PJFedE7ooQ4Q6ZskZfxbZG115dCzRMtmwzcP3o
1774607972	5esW1FtEAd4zua4muNJozN8nrDtQRjQT4wFM82hdViwojQvU3H6rnJtHr6o55tw1dn5o1bFBdoQ6w6ux8he75qCo
1774607972	45pE2F8phy6HWBrU2vL3khsWmoUt3NeLbPMfxP2HVTcKMX7Qu66mqUpcCoH2HSMCnNXsBuwAmvPPA6Tz2FFdMsuX
1774607972	hSCKpJdJDLryx83jBCScBpF6DV17bi5tsJys92dtx7eps2XugEoiU4AEjDewx4oq12c871AMPbyD3XyeAJrqk9w
1774607958	1272iqiz5mWFhuShvhRvHU6j1jHfn6moojZUbQYoaBTPRCV1DyuoWnZavDX2VMxNQ7evn4ityY4uYorSVagtyNxH
1774607954	KiiME2cR2DPM3qU1Vp5aYXRaNV8L2UMMkLpPoWivM7EmKFRKGMvCrq99fPHDvJc9FLuchpunDoSNDbnmphDdNJa
1774607954	5EE7365jQbUYfbFtZCRxFWbDMWSgTxM5rS4LDkXcr4j4XtZUMNteTAKcaBTcm9oLWF2amq5XH93Mce9p8Vq5q1N9
1774607954	3uc72Yru1ide8szEN5XAUJFV3SqiY2hHh5XcBbeKYXmRwttWPE68vPZUiJm6dBt3RfwAe7oq3JV1JKoaJwwzPisx
1774607954	4fUEyrtW2ghREpXcmFuvMt9vy9mNAm1CYCtD8triqBsbx8P8UuRfmpdkn2BkQeJqQLypRKLKfJXuteYT72iF1R4s
1774607954	42yWQNtqWdTstwVZaQxdoonv7NYYE4VEFtiabEPD8URiytC4vuhXd5Lu8rzh1SEMUAfkCqWaS5qdxn63iS4L79ms
1774607954	3MV3YV8otSaKw6CmMAYTbqcNpHYXBSzXXnpeG7Wf1j7RovYD5TRu3yNGS55SMRzHnP6Nbd3RVoVB5JTjXqSFZyp8
1774607954	AMmbQZCDCGwoCtDvFphkK9wsmaDKCvudX3W1roax7uf4ooE3oshr8QHHAYPEiykH81XQojJvbGhwwZ8wwhSdNLT
1774607954	DUH7JNKzectv51cfRjiXGUPC3NXUDbPrM9RKxFVZkjtPSjRoCRxTRjfcX5MgABAyefQGJw8WQgqqYJ947uxrjLt
1774607954	2jDPsDmksp26crBorwosnnr24rJ4y6HzNyxrmofmyj6FX16AKeNnDbVzmrvV5rfXNuhhbiQEhpsxAycZgg6bt6pv
1774607950	2aAhVExKPKpHua9rQwUsUsEwd3EQy2Y5UpPetcrYapBsYuxyCbn87A3UsCGdGkdS4sLBaNX3zjiLDoHRSPtXsxfV
1774607933	2yRvnJpS4zhDXc2mPM9Y7nBYyeY8PhT263UwYjYLfaDgPr1NicjMtTGK7Lnt8QGhUZ5pYqVwW6TX6ZmXx8eE86Jm
1774607933	Eiu4aX4ZccLPim314km2PrmX9X39tuukrLHebKh9f8ezLJ8GHdH8cRqx4bq5cHs6yKzyML51B5wGRfaAckjsn1a
1774607932	5rffWqjKAhjxy8yBsXaF3Uu6o4ieXsRT7pXvpcinwAUQLgST45oNU9b83LxbsRHAHvimk53N6mMgtqMfMmwoy9GW
1774607932	3VDCXiuUbucD2uUfjRS2ddBVFfVZ5MUr4tevwCYtAnSKBXKF7yQQhu9D4tLnJZdtmJ4ZJ5v9HeFcyq3yxN65guix
1774607929	3V4Rd3bKsTdQhyNcyxXGGR78RnXma9otwE9tY9e6qn16DLHzhpQYTMox6pC9Chm4BUxFyqsKXgjq9AAZRgnRrAfR
1774607929	4S1o6ANWfa4AYhL82itrNVs3Td8Pj2FvWcVVN8zVGvDGsRbzJFCMu8v3tPMiK2AzbpQYsatwvJj2sAzYrqP36hw2
1774607926	EpuwEsPErixcA8sL7Vs7QdP3MnBAXVnnJjzaaKbDDxkMndhRzTnJMsFAyK1ktpNtorGayu4tBGdwjAhJmE69mp1
1774607926	GVjDZCQ2yfnfmmU8EUaFqKuH4Kgm5UrUGmmLg5j7ijHd7dgyr1m7XC54s4Cggp2pMx8CozDQeMCgfnSQvvR3n19
1774607913	GM6ouitzZbNQvbLbtKTiThYPSPV1mQu7ViKecu2siRDhFqFAdE9TGFFYiJVcNC7HUsxjZZ7sXACNXw3RaWPv8Xw
1774607912	5w4C59y3C63XiHjRsvYyHTN5RqdGFSogqANJg6uaqCxDReDocMNdZwNHs6AmtDnTgtzQm52BhoEuWMpgi6GRGuSN
1774607912	2xq6a25qT6u49aZihTnVYzdtsF7gsNRLHuAt6hxXipZW7GdX9cGoBuhVMb3KMxZKFGsN4x9njudS4BcRAafdpjvA
1774607910	uqugR2umd17HhNM5yZjs74LP36SwJHVYZeyf9fVyoejaijVQQX6WPPEi8bn9GeeQ5tGNQqBmPkWEWwjgXsYbJvV
1774607864	3UaJu2vHkcxvz58kiUn1YX8W5vfKEGL5RPZrdTdWdgxc4f3TtryZW7x1tjY8J63LTgoVrUVVxNuVmxzT6HPK3ZSq
1774607864	5Fej6pSM8R5kvb84v8ettxkwdkGaxv9EDuz4tokPFUirSJdcWCBXRG12rS4aVP3dJ6npB8hL6B7irV8kEqZvz3zY
1774602683	3n7iv9LCivnYrP7R9uE4ythjxayrh5NGTtBbXaabUyorc7HhwYN8UnD5LjRorhSWpi8WUSH3a9wyJsuXhJRvDJUT
1774602674	2nDAf1pW4umV4WLVKicyYwQfnpak7A6xBkn3u3wCaP5byGPY34SaBoajUejeRocHnCAdUgp5hBoASoimLSL5jCA2
1774600692	5kN66XgH11P1d77koHxpi4sdZmy32woNPXTEy5A7YUpZMKqMtnNZp6sPkVzJb5xKogMTiQnHSFArjFFq89iYFGRz
1774600629	KQgUrYJ1B4v6at2s9nHaZLKfuf2XmHUGRuRNMMKS864fjxVspGV7M9pTV6YLVtEHRzUm6uPsohdV9AZxmPT5hq7
1774600629	4EqUwwMn8jv3HcFoWU8yCMSj1kMyeUyMQ5zbcuyGBkvXqWx6LKp9Haxy3PmFssVKdhexGk3VsPHjBDeChhpqLBht
1774600629	SVKTRhkVPttikALauxqt2PrdgvRgwwfpjrGV4RsSekQyWG8YN9eTShfbCvZ7K7asucwKU2s5uGSwHbbZYrUjdni
1774600629	59KH7wcjGNXZXtpipLtxwmmpykjFP6nDvuBTgxA2kWZkMUSxXRWwZK8a7CnDAx544Aka1z1D8GEctDwut1iiwTw9
1774600629	NtEmK1LuzCsHc4XrgkPimTzTxsTpKbrEtxdCvD7PrrRh3twWdA6vwNUmCDbNncoij5zKs3oi5x2fuL4jC6jgeUc
1774600629	3nqHEejXP4tCkVtqGtbhvbX17euSqgW5reePM6B5fsbGidDqCQraCmPD8htAokvBEqRFXcPiGABeLkMyAK4u7Ud4
1774600629	4fRXGcw4RiHdMKrkFiRTn9b6c3QP6DDkoeXnEvJRTw1DJgkqSgPbS5YZcVtRZJenXxpqDLp12fx2YCE9jpYE7EwL
1774600629	4YgoYTs4EQkbmaeHkx91sjK8oNhzm6Le7ojxXGFk3XxBWseNwqqkp3YYDt7ctM3zqnmND1JuCxS9FByQ5pJJjHDM
1774600628	4LwNoUUpQEzJfAxrso6SMaUTTktuePw5C7NZcwsn3iHYc5qZjT7vLFQKK13nUUC5udY37FHyDxhMUbw3MZR4V22P
1774600628	39Fj6GyYBNpsMcDZtx2XrzsAX9VWd98Xs4Refta8Dn4Mpc12j1FiSLaTB11QiNoT58rRd8ju8sFTjuBfmvWzFQWL
1774600628	wBD6MtgkL7yx4diYRZieWWDajN7Z4qSLmEy4rGWLmcEkcnDiKFmxdii4mZxSeoZVczf5wheLFwgtqEsQAekd2b1
1774600628	46uxX4cLsVRywDQ9wbBVHXqTYr5aWdp5U9ZNTJCY7MFuTA79ZYvdrEfRgh5wQ47S2R7wVAX4GfeAM8tkLbt1MXfn
1774600628	5uAWagvMquCU6ZATscmxRsX6mzWFEFRh6sUrWXWAo3zzvrvyQ51mjD9kdbF2BwXmupcyh3XMK41LjkF25W5NYVhZ
1774600628	LyATfLD7gdLUF4DhRwVbXpUpgTHBgyHMm32bCTEpXQxCK8Lm8846EaQ6LYr1ZddTV9CCFGw272Qqi6M7WhceSZC
1774600628	3P3fd3a2Hb1NjucatVP1x4XYNpxE2oAAKNY1gaDV94bPwmj8Fe7fzhcGAz7gze87t5oY24ZwJoyXLyVNreeZpQok
1774600628	3ukR9EyAPV2F5XK32nXzT8ucrpzNENQLK78zngsyMyU5qKVt6zffeJ4jtoqob7Wq9SLKFcTX5Xhe56DFDc1LeQqz
1774600628	MqbTB2XBDB7PLzFbaeZTERHQXwsXCG26i2q8h5uoRPkbdQ5qk9hUxe98kRdpEbZGMHyq4zHjBTYYw9ZvFLKwS1E
1774600628	48u3zJPUru4MY4WFtJc6UoLFcaeLmQ5tyY7KaXPAB6X6yu3aAauSYEcsg4LNbRCkDX9H8NR7cKC1kLGCVmnrPQrR
1774600628	4fp4EaMsFnQx9F867AP76F7nr5XGPc37fCGWimstzJHRboWKQvxq8AmECq2Y7j76L1R23CLhC9gH86EVUCJNWM3F
1774600628	465vLN985Lss7jYhVnQki8qxYJozSL6JiEeQs2JeEbrcADxTEYX3yXK6Vf6vgXTy3L3JXHNfmvuRyDYVDN5NMBZo
1774600628	325ouyS9pTtDSo9HdLYSUZoZXgyVEsbaGiPcbUzdZM7wvvATxToCBtbW9No7DfKKQVg3fxhyH8Zv89fbiP628GRs
1774600628	E9Jw4ij8jvHR8U4wzinqpht7xAi7T76bpHsX39raLjbfCc5FrsCqpVfaJRuA5hk2YhyjNHLY31ucqYKArsCcFJC
1774600621	4yzx38bkfYGhRb5TuWFk5dRQTbr9wvwyjz7PaKiSZbn3dcE8XiMUewnejL5Zd9JDZ9giZdq98vjGzAKPqn3HZNM5
1774600620	64cQNhRZpAZd5dhCYzCSepGZjP7mGKELuFTz1vGfMpiWAYDqVnVBLcnus6CounPposT6GSfyWWVXE99Ruod6FZ1B
1774600620	2se4ufAENc6W5kXwi8o4x2Mptb5Xiq5YrroAxLVrzMLcgLUytRiFgC9L5qKGtXu739YT7BKXbYq9BbBTB5tzNSpY
1774600620	5eXKHftAC3c4VkCp4aAq3vtGVSPqVzFYB2Zk19n9gQJPxfKiwiYVxR8fSV5kx5MP7jAHXJz2FmawAZKHJkZG8eaG
1774600620	2R2Ca1S6vnvhu7E1EzSWX7ysNmGoWJ3LCaCXo8NaW4UUvmWF7iRQG1j7kaLMnK2pp6ZYuytHceFLqnP4AQeMJkWW
1774600620	5J3VSHkjvs7qguipAeMc7YU9XUEY9xjKN1ws5r4NBWioeKMgxETHq76vU1FHZw9dBTniNwgiiuHmruLcon5mcS7v
1774600620	4T6jimER6QQJxut3ypWo7sN6oXDqzzBRc1JsFywnuFDpwDy4Hz4uFggnU4yoWeS5WSyop4GhMmUVeXGYferiQNzi
1774600613	5h5rzgseCGb46xL7HxVCpGycgyG4mandNZTJ8FVL3ZVGdAseZGKoxP6M5XQM2g4xRqcEioSMukjjQhvd8wiPS5U
1774600613	5EFoWbgh9XTk9tiCf92Vn5Bp2RxSMTxHFcGddejeu5YPJzavifoWovG25zekKpNGmyhz1YdMF91i5NMbc3SeYDt5
1774600613	3etfXCHBT8paTvp9NveFYKSbstNgp2ZvbJ95uS1JBF2LNQgkcteXBAF1hWBGvTYqUtTZC7bhJfBPPbQukHdRhY9P
1774600600	mpSWfy5B8MjwrD18AdChm39Hx5XdqGPNCy6Do1i4k383oSZXDNzp7g2kADDgbKtwf1irygNPWY9NwxhtWXZXxYT
1774600597	63csgSwvBDXvYmUQ56CWhbKx1ByRU51UmcAWgkc23yBxUwEBhjsAxWigsPvKpFhQNeL7KQdNYEcgwKgYMEzs1Xye
1774600590	4VqWdX6pX6kx5VZCJUSUJgwp8oCEfNBWuCgqjEewR9amWPWiiYN4oFwDVir4C3ZFA9t9954MukN8D2tj51jxri54
1774600588	292eNeW3MLq22iqH3iaS6bLqmdcVr4GuRCefrKVH6f3jx6ZxoeBLcHkAXPi4bWgx6KCvYwKxsa3eYf3XxC7C45ZC
1774600588	2nNihtFcXMY3NUbym1K3VpVQj39pbiTuvsY1QEguJUoRpcSdybPYXHZ95UzAeCANQmPPeoGKU8JKVVLUGmz2oKvU
1774600588	2GYygjyyotLtdRGr5BNGVHYzi5mAJdVN9p8aC89y8zjpEQcrBCN4rK865TczuxxKri3Zcq9fYji45nj1A84utF49
1774600588	4WTdTHpofAExdeFV11rp5G2N9PezVMNkpGgatBFoLdL5rBDVfcGfVksnQtfpuC8aXYwjz8S5MjEfATmReLWePYw
1774600574	2gm8PJkepARiX4YAA9axfpuV7ZYs23Gon3hFVxHkkuy9kkNDxRgPrbq415r8c3R3rLXkBK1nNGLTtA23WHZQAsRq
1774600574	3tNeg4tYP9YViZqaFGkhMBk8baEjfUSMX1FLbFshDymfKtsDpMNpDdgcd3CYfNgsjisaTv4yqvnXovW1jm4xW7QT
1774600563	3Ycr6Nkv7Lc9xpPAaxo8zmp2ABp6hXFHgchkTfJcFT3e2VUQyTiFnzFquGQnU6teV7pZDLizKoh4iinecBthqE2M
1774600563	2ekBJEHvvJxGBUno37egtzNfZXEJMZsx8yhWiqrG5b15bhC1EWPqVMphQWL9uTQZL7wk93qXwmLPK92TqtRq71dx
1774600563	2BSJ5khzEWnbL5dHxFdAwX6Uu88cSz5Jiqb92mVWBDCnqA7GCx3nN99DpL3oCq2ai6Pf5r4rGzj6Xcy8MTniZYC5
1774600558	4uzN5obB9MXFq5KGUPbSPrXgZUFuMdjBPNVjKziMZEqNDz3t1LVVgVzzYuHJ2p5EVYHisyDFNZu2iH4FawwoSUHT
1774600558	4RdW8jQN26wxkzdvCG7RPxLWhatBi927BA8dCGtntsLwEfR84yjqvsY7UBGBESHLoQwKuUrRUteksETFbCFshYDR
1774600558	42gwAQUYybERj2U2NktbwgjSqFspxAw6hCUUWCXSA4DzKBC6Sn2z8TmmNabAwnT5pvnW5wXqXu9eMtYiiCEwi3xf
1774600558	gL4KZqHDgghNuv8ENxTchNpfxMyu5rshgpYA5G8j9ToVGr1tRTZGKR5JKQVwUmajdP5SDoTRHZ9XU9U5eyiNvBu
1774600558	4sfgYqADZymsA3XJ6qFPqkgqJoCYkLqv7iEngD6mm21LobyevjBrDByR1ZF63L1W6ZLFHCBM8DoD7bUXc1dKreqh
1774600558	423v45DeFWto7Puj1FvMiwjdsZeYmpc86Z8GLjM4aW8GygEB7X1TV8b3hFGZc5NRpubGpr87EHatdH34q9TGoW85
1774600558	5VTbEYGedi4TSuKbCjNSUj9ZJEkuvqD92ekTo7Sy6FXru2FbdrZWGGxf1uT1Djzg7v2ygvctSYj7MP294AQ6wWYL
1774600558	2txmLa2gtRTCDMu7xsTPyGSLsPZevU3h91H8kz6RiGL34BYNx9qeowzMn9iz81yw5Nbff1GqREubjBqyMv6nC7nF
1774600558	2hnhBisUpQQ61kJ87dioU3xJ25ny3ui9zSeXsVyoxqkHVqUeo9w26fCq6mK9wgosUPEcxwQQeH6WQMd4NfNQFPvs
1774600558	5Y68rJwJkQ4nxnx7K43MtTox2ytPzbXAgaHZTu8HqcTMp383VF61GHv5mrfuuR2r6QLXKR5MVqYD75UcHkvVuZDM
1774600558	E53ueAxRhQ8fXJCKkfaS9Gtuheq3X6sXN5n2ng8hrQCR2dBH4hNdFMTDt5JxhtyvcXTwJwE4XbTVWVqQSnMy2PC
1774600558	46JC4tvEx4hyk5UHWefzaaUw7ctXfX89HGsFDEg9sBQJZgjqiBPMHfGjtS8UCrxKrDYyBgLboEpLTz2QeivtejnR
1774600558	28sdmmVzU728BATXsixK8PmQPCL6iuQiZe93uAXUedTzkpAqmUNwatYETkmP2Gb6yYVFWiZ38VektmgJSTbSXBvX
1774600558	3BMZ7nAAqZhgoQ9orMtH78XsVH4tCKfBKYFcBNQiBJPwdenH7ytKSQgFnTjvf5KthSTnJcHLZ7SaKgUfqzt16yhk
1774600558	4snQ62nCxoJ3yNDiHQTLjQQBEeTYafqPaEoFbdXRgatb8sgyGTkvfT8o2iX4wGYksp9mTf8SUod3G6hrqP46wwUq
1774600558	3mS522K1t3r9qyXmuZ5m1ehMSH5sF6epzEnPN5dNqr4TZGaQecBAFhMStDPJomyB2fRVCFaeeCiMvrASvU9VeUVN
1774600558	4B2PrKg3RCpjcaW7wNmYJzDrZRsrvnu9owifXpmrqmBgyVGfTBgfRY8KdiquayFCFfkRti4NKSkRk28ajGEXCLgL
1774600558	Nha5WcJSzqqknWzAzWHqPrUESXxthWR9gany1APkYaD6LBvqmGEHDq1XALczRSexy7niPaCCWxJydr3bUGP4jd3
1774600558	zPmVxc1New1wS2gxQKeCPvaknFFxRGu8neTzHQyMrFmC9Uh8DB7JCnLQJqV7YgSfLrDANRSkZEu2VXWJMNvn6QZ
1774600558	653x8VbtS2koBMhf77C6vq9SXsqXdHavQNB3kP4bY9shb7jJRMEpMtPBnXs3rw25Mrz9eg58AuMFKyTbk1YxSPSL
1774600558	4MLXFxCF3VDtTbQUvFb8hNahhaPzZyKtDXmeMPNieTpTfn69Cfh9R2CDdwv9eWsAXo3mSj5AZ3Bzg84NetfQVYgD
1774600558	29WDDq8YCSFGsdgjKUVXzxv1bZAWGwKtT7yBUaf16VVvUFGeWFo6CtTZMKFnnBEbXDfrGbMKCrDST8T98JJDKCCN
1774600558	4i6EAW35VKynaLTuaFx6YXZLKsfecCvJVuH7HSNKyuFL5fdc61nSNcDBAH9WHucirRf5tDKAUR4GTNkMKXw16Trz
1774600554	H41WB6bNpis5EgJvUrxpSAKkbe8CcFxxLxCzH3VkoVzZJjgXtdr3ZsXKwKe9vf9HpprCjy6YYEPQhd44bSJXrpX
1774600554	58to7WzuWKomc36EEGmawkAj1UUZ92Pg3a7ZDPNDhPu4csCutHjHHv3K3TmqRsmXuPzq7WutASBVFahTsXpJkbWB
1774600554	4d2L44cDS91Eg13LEnzcoBnYbF2VPqq6s2cRpoVUZbbpUos62DsFrggN6Xns4zEkUVbvtiE4WHSHMfE9QyMc1gwZ
1774600554	oM47EsqQrrtNy638x1ySe3dhQeYhLdJpW2nsVWRR1CZB4zfGkDxQ5bteM8UzF9mLWTkwoWqPk7GpY7nXUdvd7m1
1774600553	5c2VykJN3C32V6WRWmoxGnttDCXX2Y3vQdgiSBdKofRebMh5ByQPjyGpHoXYSjyE79bkryCgnM1zEt1PER4ycGWA
1774600553	3tT2JtPHvrregJqDLAuxgWYq7ADbnGfFZqFduZccanocMrMheWMdFaPAEPv9XXqCrepwHV3JEAm3aVCxVZKLtztB
1774600553	5TiUyuwrPqy7tz1jXBZEwcNSDJq7ycPq2DaKez3TuuTNxz9wj9zjCkdVZoedfgaEBvqzoYK1RsqhNkG5xNQy9N6N
1774600553	3yHdwYm6ykAXDZgi2sZKZw5xA72RfRAdD1nyLfHevgJLLPBzvL46craEtraJZAGfRwReGqqbGXs8WmBDdtSDYVKA
1774600552	5apiJHXfsbCNPcLFE8USci5WtEDqsXZhJYGfyx9VDYFqGXZxc4sct6Q4JXemHMP4JG7ycmSGE3YDHxQ8cuBcnhwz
1774600552	26z118xws8x19XXWhDb9kxZ5eK3KXNC2Yu31qKWpRtgXTCAvsKFahwJ2LKxjKy6zwVfVvpTy7yywC56ifxZDsonM
1774600552	5mnzccq8UhEyLMZVdwBEYYyK9wL7Ez4v4gVZmFTgZ9PaubNi16N6Q7Sv7eHkm6Ei2BwocbomLTcGSjeXv9pDFiVQ
1774600306	5tgGXv42i5xYnxYjvd6mA19tncZr8D5yjZDD2YBtAZu2xgqpy9JsSkJYZ2pUL5iSiSA3B2rVj5J2fdd4FrcXNwKG
1774600304	5HF54QdU2N2ibdcuBzHbnfYDpgATA8yB5W7y2ayeFnNujNG1XZFgoL4xNT3iDGA5oeB1m8e7Cgxi9fcULh2QfPwy
1774600304	4PU6y86Sadg3YAxqwxU68E1CrwTWV4T93Zp2qWJxKcKaw7ruDCvPFGFAJeUBrbvD6GeuJGEGHFAmEJLQ474NqZ4i
1774600304	5H8EPj6KrjXfRpfTXJipUBEvku3FhQ1cYDkcjetnQMaDwyed9h6p59qbbRncL4LntSeu9eX6wKbSJPPriNYnKwMb
1774600304	2WwLwmmufNUtdBnM66JLe4Rnim28ZYpoWGcYt4PmxFg1mD4tyDeTQ4B99XiyoFH6w6t8jYyEew4DwQ4s4nmNbAq2
1774600304	249oV28rXRPQU8LKHVWb9iHe11MWDGANkkwa9QJQrHAmQKuJvHRC1FnAQQZhwLtnQmAci44fyfJFQmjyh2gG8kLD
1774600304	66DAK3mBHrBMVhYRV75S6b6g32zK1Zg3j4DMoeUkj5Wf87VKFQBVtQNTWeRmDnqp944GAkFwLRA3KdXef18c9Vri
1774600304	4QLpVw7hcPJ92waN5DJXwiiqpfJASaW97YzWK7dmJM1WTEjTkvPHwYsVxwpCZgQSSo31YasrYgRnK8EPcpv12jad
1774600304	2Tx16AbqVUAc8N9AQtQL9eu9Sp9eTr7VHU3bPDkU5bTgsCvgMKXvb6ohaEKKWc6AKygRpTKbUbycdmjaaL9dnQ6g
1774600304	2MeN2ZHU3kJo3cx5hgkdsndiR8twkFi32n9PKp6yBNnEYq6SPW46C3ZpmcoMmQJg6BrpBQik66yfd2pUc8MpeBUG
1774600304	5in9RWXeCF9e1vBGAmVLDmZNuH1XrADvrCRMKedVM88aR9u7ptsGvMSf15PpRDJwk4KiZMcMDeQM6jECR97gdJNJ
1774600304	3ZwK4u1mD9AF5iN1Ab2iZ7wu2WSNzwSk8kk7ak9SLT1hfmFjYrHuWaAgmessGPgiusf78CBTVmpm7Mo6ffEAoJ2J
1774588240	46daA873z5QMsbuFcSthzZB4m9dZpuLAcMhvrtzQzv26vEJMnYkeMhKjVAd7VaTCY4KbVYfBp9StwQd7mtZ4NJwm
1774588119	3J84LC8xRfH1nBC2rcLwFuUVvUNLoTctUE8Nev7jpjYwvUPrms7FDzFZKueNKT8sGimERyFZAecFuQ69PpdbK42m
1774588119	5HzhtwqyUg1T2bWRfJUTfe2EhiaJovuERaK71SkqDMjhjkd4YbBDjNFFArekidNaYvecYPKztj699EqfykYa6gGf
1774586119	5cVAnrbp7smTAB523tvKV8Sug9r9pDCvZnRPHJcwTyBuv5HZkUiCbkuCe1jpUGpdHenTPi5z98eSXU53phEaBVg6
1774586119	31QbzUamRHkozpWojYVjVLChaZSbiV1iMQ55LnwhF3rezZ9uFUD3ECPAf4FNrBzkoVesan6jbr1e3QTnQ3KQtUt6
1774584090	283pJAXPwD6Zu75Cto5hBLvRev8Y1DXP1ZZwUh8EGfhunLGnkfDK8TkvG6u9i3jvFqhqHeWVd21e1Vj3UsaiawTz
1774584090	5HFTbbMCkrbYiE1U8N3o8CRPHVpmHZ4qjYGErMKCJgNC5MEGm9jcctYeekic88kgVLXHJuDcJq54q7ryGLDPrwtX
1774584090	W3CbtxzGwiTgdqHv1yjbXT9oap6XUBqAnGQ2NmwwaktrTujxrE52Rh94ZaRgN2sJZvxj49K5sfzZcEqD5pqE6qF
1774584090	5sPFfi84YYs6K5ZDrPNFqUvh84AspakkdYF1FQq3BBibtLSEjDhLmio1P3rr2nC1z2tPC8Pe6rCXrEV9w2WkSe4j
1774584090	5farHTcfcVmQhfKYdkMESfGyaNTNrrYFMEbykZ7m6bAd2Ah6bU8U2pGi18xMW4EtRHmenoMXKaj5yKHwvsUA97RA
1774584090	TpbvPDaCVLUS411dwdERU9yywZUteCK8rQ7pdtpTeLgePCtHinuCrUWJKU46jtisEord579mH51CyscnjDX1CvY
1774584051	4AAi3eSRDGdSxaPJy1yh9jgc7WEsiCU4qiHndRYFGnTJ1neT4eYgV228x88wFbmEyGhFxKueKx6LPSjK3nzL9CAa
1774584051	xZmvgsMMmMPc8mHRVeZPkASrmGtxGQWnR5sSAkSoTGQtpuh3GMhhrEtsBDYih84Cuqog1uwneBvWgR5ueyuikzn
1774583206	rYeUUYzHR1CKP8xLMqxDnMAsRo4HnX1RWKq6TbHbpRQUyYb1oK6uQDZX1UgYcfY7Rmst6P93TySJGxH9PiWZVhS
1774583206	5gY8tYuP7cuAWTfi3UZR8Njfw2uqswHqbnLGbBBT7ifomCC5RjdBduyC1W2sEM18KKxsQCDndGpM4G26UmWw2yE9
1774581047	2p4mzKUCUzwYjpi4qMpDWDXKoXrsGjtg2RvhTbBA4ePAkriY7nTtwbiDAh6oA9tJ5z66gyZyRpHRB1M1TQJtxC6x
1774581047	5ShrUVLSNnhk5iTSDF7hpzWVPyNPWhedyRBUi2qhrnYxj7wiy97xdb1Gi5U2Ruuj7r3ou2KTa2u7dy72NEajTHHP
1774581047	2s7887GxnGMjVKh4DS7yKPfaqKMt7AN6AJ4yVg6AuAvLsNJzQT1KoutRQCSo4cyot6qvh59J581Dow94g8gb3kXU
1774574567	374aKhgv8VpikVokgUbxCv4NsN41C6hs3dsgzNJBWqizmkL1SRYbXZJ9FWyGZJArB8fYQUbmUCEJGPcXLqnhwbfT
1774574567	BxhzePYxGQY5bLLHaCLGnkm4Zt4UBE9GgUZzHz7EQ24cCbekrRXiVHKRDt6y8Bcn1yPEnWYu6YYsYxjg1hZpgWa
1774570194	4FHMof5oZcaVYyUSX5vH2hpqKRqeKzT8eTyaPnBuD6EEAZeg7FYjHForHisaYXdY9mYWw2jNojgDLMxSHSSA2diM
1774570194	tTjVhxcioimsNFSApr3HZeQUyfzkcFLXEGG41daFRitDkKGX1M8go2XJEFyWg6rsip5JRafJKBx3UqiNUmE9CWK
1774570194	28oGKmSiFUa8Xy8c7xHqGqAJDMCKBvq36aayb6u5u2NMVcqeH5AiFN5Xet4xaxse1GEFzk56ZCUzmpEy1DEGnNXx
1774570194	63vTKjrgMXcN48hhtRH6u4rsoxh7jSqC13hnS1fEqcLkedX3yvEBJpjcPzm6bRaqJBA2Wg3RVVq9qJAXSxftaT14
1774570194	4uLSvADH5ERKFYgoqDAW4LK5xdp7fX4Uz7v9hFJ2vgT3QYQqcdNgKMH766GoNZ137XKE598gDxsunooSYzQCcJ6w
1774570194	zZWB7CqbuscbmMHfrkRzBRy3VoQenKaqbeaEHqpcRCxGArj4kmT3asz4uVgJsPgiMM4QS2iwbvt36Y9UNtxe72V
1774570194	3VbUWPK5BrzRHskRySwETNKRdUeZ9qsBKJLKx2JWpScjDd3w7qXsq8R8fsyQxQ3e8pjFHMjh94n9DYMTvPrw25rt
1774570194	4rWS1T2JbpSEX38FyxpmZSGQ1gp86iMUL77ww1qtsXFtBsvW7q54Tf9SikUK9ayV3ESBaooFJKxaoS4XwPEYtA1z
1774570194	2yins9EUMMFN8XUoPF1qBokfuGWTxiBaWCMDmWJxDA58trZDGrNuVJR66QWCpZ7bK6xjHtBcJDzM7dAuJZDmHdfQ
1774569822	61yvBkKjdT5HLsvnciDEFZYJoaCEUJniqMitWosUcUcgf5NAWVJ3Ea94roH8bav2bTu1qR8twtBE6H5ePWhbH3uT
1774569822	3jztkQAn1Xcmvivaf4EbWhPkmQ3LCkrJZsSvtyYtVrzqgFzwY6eoGeDJZJaoVPS4Atscp1KBQ4fhYFH7MiMMqN7w
1774569822	F7dGWhwTwTNrvFzjFvqhYmGaGXSF1fXHVgR4tXMFhpyG7JBhXMzq8T4WUHvLhT8EoR22tVsMUQXVyEv7fqjHHhM
1774567851	26qCos8Pu6gmvuekyqLzWXa6bnX9yiSDNvAs1eCzLQfewLAoBXHHDKsxW6sC7RAD4hW7LnTTdSxUz8WCiJmox3PK
1774567851	5upUocAk3JgkFro6uRDT5QNvdJaJHitxobUmSncprhy34rEVB8yyouQW9tN4cK1jrXBguJGpPdshpnWGAbsF21Wh
1774567851	Ak7J6xbuoc2xZfdbpbYURkrE32bP1SSuRtUtj4FZ6pB1oi6TKTkHb3Xa1bmNshRqavwZhPpnF7J33cv9AQfA78r
1774567851	yLaGVxifoumS5VAxfF2jReprhTfKQfmpX45q4nYTfNA1RTGpEbRePFYLzKR2dvrqCLMNGwhJYeYDVmNnq9Gcubb
1774567851	5dfyHToYo3XxRViZ6Pjgjk9gve2QpszPpnnQEumV9QU8J3FJDuw2LrLmkcfxg3AKqjnHve3zXQB2AGgvN5w6aPAj
1774567851	67T6657oLa9XzXrRSizP5K9HKZ22LPiWUmGBqpPYkg69QFRxhMBPretgquBoYxcuvsCarbe41MJacxkF5r1vFPYf
1774567851	4Mztp3rDjvrCLU8miqodx3vGuncsDRbXDkkJE5zLuvHmBzSBmbg7VxkiDLaJMkzpvrxLWNkoYEB6gfmhs8EgatsD
1774567851	2b58cZSX8x9tQ8SY9B7bYq5K4g6ubqRXUkKBrhRudAJedQnLjBa1wQWvzL4qZyWUB7ec8qnYZUrS4RQZeeKkxn2j
1774567851	3KkoJScnZxs81KAgRzC6dWBhKdCvPAwK9xC4KqaXiAXT8w8p1NhzeeHUrKtQ7hRXgihE5PonczK8CgcGTcXub1c3
1774567851	5q13Zbn68LTnZMPisnRDDrj5YtXFQVjHFHEXnGn8mAbQMMxJ4RmJtZF2sTbBkFKcnUuUCDf1eQbAddLGP4AEW8Uu
1774567851	Ehz98m2ewUr7GjSxVZSoGfgnW4Eya5wwMJAcnbE5Xw3CzfogoqniRwaki3dGrno9FYjwm2efgam6Uw3CgjQA4Kt
1774567851	2o4e2Ysk3BWbmjSUZg2rSsMTUw5AzPjr4pUEknoEiuNehEnCCEKLRxZ4w8iStz5UXNp9UeaSuDCg3RRWq2Jn3BGu
1774567851	3FAmmqwf1t3pdxXwbhcfxjPEjkFSkDseHAChiVzd6BC9SkxL9BPLqDt45t9Wk651ZtECCLfC4CVPD7xYQyTJjf6r
1774567851	2pq5g2ytSwmHajXN2HbLjvvWF7unWRS3RxxqCTNaAL47Zj8xpbfRENUZ6RmJsp7QwCnCkwbekesMNAD5qBJpje1u
1774567851	25Ae9LT47dfms69Dutx8QdyHADdZDAxZMKRCuxzzvUKsen1MDmgWq8MxYHe9hCJCfqmBY5vEx5h4RgFezyCgpkNN
1774567851	3SJESgqa2VWaaYCCTCpCrdTbqn75Z1ESUo5mawhksGPW9JWMFrVsUa1LAuYdhLBdpeZFz3gc6YjouHjNdDRFQHs1
1774567851	42qUEDVG6Kmh2fSUwHx6X6MPG1Lf67a5Gu1C29AexoHi1JDQTvzumAgPyKN5bKZyzPb4bgUxHy77FXLHW6711cf5
1774567851	4qaiWAmnHNpTPnK7dCWv2pM9XNTMyouSXEuHV2zynQr5znb1tvm8EvteCiHN6XxuAmiaRxiyykzNdfhSCYCHMiP5
1774567851	3kDARjhzDxMENGtfcMhctnYKWkrXtwVNniM9VmG3BaNAAXGgLiBSsZef9DHBG9y84WMdMYDUfy6RopgSPgc6VkCf
1774567851	3k7RwvTgB9BFHdBgGRptsgRAZpn9U45Byi9xPStPMa6tLLFG2xQ9rZERbsXkbkA7qwsr9hvDResnCHFMQSy9LyXh
1774567851	32xMJi2QC5idFxmeahagsw4UqQ1SeroK8hYtETCq7jUdm8Xb9Kz5KwdxZwC6ZxKSyB7qt9GeS57YcDLajVHp3oQY
1774567851	YV15EcTqhrdpTsBz57YoNjszhMUVYqXh4pqachLUKAMCsoG5GHqhZhzLeC9WM3qgGMbSFsjDvanJnnuLnU3DLtn
1774567851	5EXMVjaaWBbK7RyDc7zSHERSJhXxgVXGYfKmiQyC9DHTH3yMVVNp44krXtHnf5EmpzFVBrRMwWVKNsi8q4PPQyb3
1774567851	2a9ZRQwTPkgFbhmn5nYdJmYpZXacfMhh1dcp74tvX6CjpUfN8RTPp7Xc6k9yhGGbJJNfmWuzh5g9ANYxHX7NaLMZ
1774567851	4Wbi14MD9ifhPd7ivF6Cj5ySEmVuQYQ1ZyrHjpFcyUGdbJQAQReKbQFcui1e25yS86FUkSjHK7susAStMQmG1HaY
1774567851	b7BJLF394EEzFUARmr27CeHnDoiXS6vHsiTqmC1e1DeqNyZRfofY2szxXaT4NUjaubczJbW82CRriEbFkyyU4mr
1774567851	5ZaZdmv8JUE4pqKtzjrRqLWXdUTuGsFAHndwmjhfbZei9VQDbbLga7oZdmaeosDTjP3PNpEXdvuRmkTefAcYT5dm
1774567851	24EPf2MzjJmTNrjwp4w6Hh8N7FHpCFuksuhMp7thBTgq4AHsJfXh4S9NFAAA3Lf3GUUtCMcUuwXofxFSRKMHh1yJ
1774567851	53gr1espJVWqhxHZ5UD12izBcVd9MebqpWeS8bXtnchfDJAwhLrrSrTWvq2gm6rCgGiG9XZG1sBP82qRDzZzXcf6
1774567851	5vcG4Lh2HDDDUAzRYUZm97J3jVozsmnHa5Z2L1YfD3U7Ht5GSBh19db6rtEihPvkKHKffaQG5Gnpf3fhrMywLAc2
1774567851	5aMR9KS8PGfxkYmjaWmchBrLNwzTc25muCLqg726jV7vjT12DPX2YmvnsFnXm8aE23aSUXS7vkM1LvMepa7d95Zs
1774567851	Y25ScPrA2hjMYoQCKJcfeosxxHm2bjmmNkWoJt6Jns61MNWg2egEt5Hgz5DnmCbC5creDAuroxzGTDDe1G1asXi
1774567851	gP3WbXE1DBfgEEyygvJWdPdzgqwJ3PLz79DVrapz15XiUER3kZKCXgYJtkKexcpavkrdmf7fuMJ27gt8AdfQ2WQ
1774567851	2bPGWJBNxT9TXAXKj8XzNYLXZ2Bai9zFjBsScAAgqPRGurSydD9puScFLM1DeqbyM1oihyvcUjvSbZ97i29244ZH
1774567850	2KmYJ1CCGX49TcUAfyZKVgiMNuPbJcuyGNCMPaFa4JtDuRKEYLM36SJUhEHnCeQ5HG8pkQDyRhSHMnK1ohWmuiUY
1774567850	27xua1EojuccQgK3cqRBg3WYB5aKUqkeVTweE9ZgfWP6ef1fsTjd6FV57nbVbdvSzWko65qrZnwFRxSFezNcffp8
1774567850	2dAWAPMWwt9NQF9si7Mcw1FTYiE6U5KAVwD1BTrsMugeKTLVDJhnScpNCPBzv59Hd1MzFK3AGRgp9UffWXfDBiW
1774567850	48r2LDVxTfTAKAz3uMsJYSbJa1kWZYspp2TN2Qxi2cbogVS2WwAZNtfogUwPArFTMfpYakcF819LCFPyTovjcisx
1774567850	5aGcao3n7emHtRsP4ExBNBrHRrtAq1Fbb16CqCQeXk4xM9DD7vYPgKTNZbhQJrDiSKmVsCpg8awBQJeumdJvaDFP
1774567849	5rPm1a5pv6smKSvbRChMmPL9inRgLWTGg3UFahQn1wFVqAALGSVf3xjj5brYaT89B7MgGMSDbsoNp1HhMPwB5V3f
1774567849	4SpGvVCvfR9YsU5zSfVx4n7juMkvCq8h6HDXxuTfR8b4zgp7CxjbNWQML7KXDK64WQyFCkRnCk2KnkK5crcUD1Sg
1774567849	2phUmA2VkTKYrV4njPvKNTYVxB6eQx1s471Z4fHTc64FpCoR7UdFoiFZa9TkK5QwG3P7NA1RDJNK2FQuNR4WseDP
1774565533	3fnYvhntqCZrkzJbvJVtwq9ku2zCynWWg9F13PZoWAFhHc9SCDsfW3CZmUESzXUejEJ9HAtmfuTGTW8Jsyt5cp4X
1774565533	4Dp2YnXnCPAMB7q25C7w98CKN2ShaKACepGWFZpefvGbcZkAe75ithDxQoFcoh3kDKCsDSkVFcqqEBidveKVBuBj
1774565533	2fJ9dsQ75Yy8e6Sqx3VF4UKrwFGbxVfJqsFv9AtPuXuA5CxAnTPbUFpYLPqhKGZaS19DsATd33ncTaEQafkAf6Dv
1774565533	sadKBsdBRU45SeE1cGSLJ8RW4RRsSvjhyPGQWK7dadQznCjd7W6Bh3BmKQ2U3Yt3MRMFSSU6nVa6haFDyBXrmPE
1774564335	32hLcAMu4PFnehgnsUEBu6YsgWMRddUJsVy3oyLaFcfSqufxDyJgK3KSa62ELc9Y3WYoEke6TeWEM9z7Nz5DJak
1774564335	21BjMGnUfjBy5RmrFQb6oQVCaxi4uWoJCT9GnRdbNg3GuhBet1FfFcEVJoGdm2eWiAKVLLn94sRYo37Wqu7Pk9Jv
1774564335	2fQUPYKHkixdh5W4E6BCqYp4mX1FQqawuweQFPEFCkp8AgUcVMRP2iiZM6jaHScJsvyhDfjzC3nciRvbECifdBS
1774564335	5G51g3B2swmK2XGMuhzZskbsd75LyqKB6xx3nGwZZUq4egAUQJVuVKwwGrFffAwjArM299xN95achVYjNDHnX2kc
1774564335	2rr9Cd8FiJwDkkehfbt9tmtLnh1KPuUF6wasJyau5MKNVmt5iSCGwvAgbJWKudnxCAqXWRrt9xTpQu4rkZDWyEjT
1774564335	2RW67pWB7toarbi4yVXELwZEuaBuY8vVqEcC5CxEr7FNdaUHehjXDGsG87ML56qr6sYKkgCaGsczSW1izQq8AVcH
1774564335	3WuFHe4rmpJbxhwmDmNMfwLiYL9mrpZJpDUKSE5daQAoeg86dLRC4PhUi1W8AdZJnR9i8ExggzU2CE3nVsK4qZK9
1774564335	2mvCRUzEhZ2KC458wEuwPCsf57KdUQcn1xRe3SBPGWJ7vBfo2Vx5qWbtbcAbJ9Quf5hsZaNXWeGYfXPXdvjRiiHw
1774564335	4qZiRJDw8Epni4BJnUJZivWQ9apN1FaoWyhATQ3WSSSb2jzDaMiQCn32mj13b5fv7vqWj2rf3Nae6DrbAoGGMsM4
1774564335	2VSzoQ7h8V1M73PqcjqiETUFdwcuXNit3wttHvngQVoXgXj2EsuiiafcVbiWhtJ49inFTFDa7JGiaRNrPohqZXB6
1774564335	3gXn92s2hbZ1H79QjSxBKDcYANKgSy8XML4yphXhNhSdSL7oB5t3GNiLvjMasriEhCYyXjXZ2SwnSqfdWYaeKGNi
1774564335	QxZcn7oRup6aVPHNRJULbeFWX6Ger817Ec9ZWGLjtGJgrTSUDqqJo2Kuwmf2jNxmbGdavZdFxuGg3gFNPJyswxD
1774563861	oxvaJqvLrGERVXE6sAjMFqNA8B3ceJHcQjAxGhT1jz5gb5V8hVp4ieZ8ZYgJzhKq5ND9xfyPqgMYLiUk8QezaxJ
1774563861	5KX3XwJkQf6R2bF6M9CWJ1oPsME8mpzEjsCQ39fKa5KA3KcnddE7GGHfktgsP2G82DfKRKnqtZWecf1tX9h2JguD
1774563861	3xYu2Sw7WCzk4qwetoHwF925fC8edxCuSxoJo7AqUYkNsAsuPgRz1ABpz1FWuC4DnBvoJvH6dQdh5uJAfKwUpZFF
1774563859	4BUhyTuHn5RvidNBSwN4vfGEyBGPhokgH4Rt7RVYCbE6Mj71KkR45LqP25gi3etKpUKDFWK76WdzEN1KHXauF6DF
1774563859	3xAdS5QGoyDRwUqSuQNaf2UxQprzMXmuXuHm1RZRyBPvrhAV5rQDeLasgNXWqoQKe171qMWmXASpiW83JuHozHxJ
1774563859	5hYrLaJVfDveHnZ3mXkoHnYTFB5fJiY6Gf8u1h6Xqz977HnMHbowPFTToWhyvezeNfJx5bbqGzC6W21iaPP3kR1F
1774563859	38ZZgxQzkFRdECKACmmFH3sSZfrNhWGUDm7ATwr3bPskHdoW1Tdf3WCadSzns9n5LQNp3eptvTVjUPgfKXFn7nfT
1774563859	63PFTY44tftaqSZGqeXt1E3fJVDJXu9Rcon4J5EDySAwB4nYpfYB8qiZRKAZb7RF7YzsMg5Y3zx4bgcmvMvfHtnd
1774563859	2oMHeabYs6ejfEf9Wyy9RQhqRHQkvppVjc44GKfKf7ir5gH4ivLmZhaYTJebJ7aSViBS94XNiPVU7tZHdkZv1yqy
1774563859	PKmsySVCM5ZXLoRER7Azf3JDPGF3yVc6zWYBKk3eBEXBRWeWS3GGb5UXoJcht3p8cJXNU96j52KDGSPDW4sE8N6
1774563857	5AKHZB5qhX6GwRReuCqGTTyuRy76hNy1pAAj3bX64b5bDDBbfNAnUhjRg1Pu3TY6Gs1B5apQtDwmHKvzdwJT9eNF
1774563857	fUvhvc3328WXApJDxwRRutuPdG52oM7d7xXhwh4nvbK1nVBpmwprLQdbtBeZchMUCdmht22mrQMDCVzbMRsqrsu
1774563857	3cCzAucxizhz2q7qkyrycGmnCT1mzn2mPfPz51PRNYbVvVAbqiqAJejR6A8fp4FkJYYSU46CmAiXe6eMu2KL9hip
1774563856	Nscb88rhLNumhmPd8cNsGrFTFLHBofokrTzPRrJtqofVZjKUF1tBo3HfQSj6LzTvXWFadA7yPEGtNZ8xveqsmKH
1774560507	63NtykWbeRydw56V5CPkpnkL6ubgnYzNMe32HTwtBpGbUybPoBfC4Y8C4AZvJgTcuEGUQG2uCS3fMUu9S4uhnaTv
1774560446	2qYtpHMZXT4dUsM4rETpsA1d7vgX5Wo3gqTnMTuRYWxXhvn3vEbUjtq7BBRW49avvPvA5JXupaVHu2iTdH3j2tNH
1774560446	2oeu7sv12rG64waK8Aka3sSTvsayDSM3WQXrWhcMvAW6KBpb8zyuhchPWYtWaEKQtF15NkvZDHNW656X6DwYWvkX
1774560424	5qZyok2iT2AbLpuxviSmE47wsJqvL8rAf2Ve8mPdc8sjbUNb5VpJMcfhSJBZtGr14ubvoS5DzhH3xtzMDirDMuun
1774560424	QU2CX47ZDBtJNZaD3j1WCgH3S2g3yYiWQGvAhgMRTcGSuJkDtwWdF27mC7VsFG7NnoReLMqFUZHiBvkU7YTv65Y
1774560423	6721LDKDTa3BMduyJu9Skm6jWo8skvHYSvatqZXDqgdw4irqpkLd2zs73BKC419Jwdyj3E1zmE1N86U2rypA87MX
1774560423	4CfcjeoSFwz38igZc6JCzaVYSNfVzovWtDGjeouG53WMDRvbbL9vnunTTE7gzAuc4xFWqqdrYer22vaWaWsEpsuP
1774560419	uPZby6eNaEPt6gyaWWA1yhuWkCozpE13H59oahPxDzjgxDUyKyJGirMxL66BrCgdTkh47KkAS6uqxbZpZB2JWwz
1774560419	3zwhH5NBEXFj5hrzaCVkeMXRoCFP5s15TTJZguPnwMVdnN2WNxUXwhTAqZEpfnqY5A9RP4XnELGdnGPtNZXFFDqm
1774560410	4HKUWByLpHCQRy6kiGameVPXJwzwbe9EsGP7NiGNtakYR9SBy2soULdSUQqnYsWY5GvJPvfMSwsEdgPwsQ626EoJ
1774560410	t8Wa2EqR1oYiUae7EDLhKsvy2kXg7SJ86hUNgpbCBrB2W37sHDjpVwuKuLVcdxuvWkNUtSuuMHR9QLwVBNn8ijx
1774560404	HhDXv5VNHj1JqN9MayxZfTUTnPaVYqg3TJ4reBdCeuXCY7js5UJMJU6oauPuu4Wttwksxy3QQ2LyeTzC6MDHmV5
1774560404	2WHgnN9BYExWaiCiRTFo7Nq5tmmgQxtrPbhKPkBAbzh44Q9nsJAPhPY9nNtYs7ZHh8vUSzqkjCXMPFc7A3s1XhBm
1774560404	dCBVxmYkfdqQ6uPVu2LDdzpEXfNPSYSiV68zcEgvgPDLrS7WvkqKxkifkUhrubaVDnu8HtaMHNE3tmNsAGZsvmo
1774560404	36nicwSdUfhcKv1izLpY2QiWb8yk8ogXFY24jGXWNtLERxm8nMgeBjdkWxmtNUeBx2EmTFXbRsGSQE6f2u8pnXqU
1774559709	4vxJER8ViScqByPy31qYBP27rrEfhvc2kKMCma2fGv8iDpc638U2Ntq8QjBRkF8ru31wuqXMjzzL9kJ46k6naig
1774559709	4UDbQgYVdzf3LWCJGzyTpD8gXo73tbngci55dbZvfzXSFpYYvpwvrtXVdJV2JPhqG4URaBMhdHQoigKPoCj2TWX9
1774559707	3Xshm694jmzwv7pda5xzX7KYKFHWbxkNKDpMLdmuqBa9mGrRerqzP39STTML9JRqrtJtPCcVGZ9GL4oA8yP886M2
1774559707	Jfxz9dtMjjZUghe2nLjis16SHkpBtXsm6YXTDbAebG8iRUwM9Pp44oB8juNWH5hGedx5Wn115cgrZrS5X2ZtdNQ
1774559707	5PbWJ9WMExdVBT2FwyHvDCmy3ykpoaQjnGCYNxQ96hc19KKvd4fNApCU3ZVyyv9GBmZM9FkeGyRQExsMqFE26Y1n
1774559707	4FWJUYcry8oLPYNTNRm8EYtR41FUYbSYKh4dLmzdtvJsVHjcdZDbnFcLSwJda9QeT6CWHZD3k2QSjsB9Rpk84wq1
1774559704	E82fwRN2cX6aAJiJahi4G7xbwym5MDac8oQLaorxy2STQAUY87FKHpFQq1xSjt6QUHoj63snXcG2oqmKkQT1C8g
1774559704	4wFXKjNPTmVt9ZGPNCuZteNnqPB9SgW5osb8miBaFmpnxWK6mXLWskL9vUMcKbHrFFFB2nS7KkFhhZ6jQ1cAr4Jo
1774557708	4ykMPvVRf6QAzz5EEqu8kU5q75xmEAGGQ6yq6HbznCu2ofiCWEEo4ki7xphLBPXjT7H1u5sHuXR6WQRjLHLxGBik
1774557668	42ERqpHSjbTVi3s8wqp86Fjxd4dnSC3jkcRuS2FDYFV7FwUQH4fDdNiHsq4eDjy2JMHiWkMmxa1tJzvMPDCiKZ6Y
1774557668	4ry2kByRA8N6XDo2juV7yL6BryQqSX2FWaWv8FYdSuwRwzi6dpyYJcYqFtxWZwUEeuqHKqf3qFkqRCMLLUTVAi3k
1774557099	h8adTawcxRPW6fqoBkrV7nhob8c6s9WYMnJV3GCGhqTKJ1ULtiLq6FyM1p7wqqQ6czTxTdXbKH2b3F3iwgn5Yyj
1774557099	2AZmaAytYjCGvNEk8XkYXuqtRLk8VoeKDoidsDGVuAvEXfqCjCauzPbLNbnSmZo55NHYZ3ZqWQNxkMT7p9ci5WsQ
1774556247	3YAucF5gTo34TwPQUPyLWGGBoKUfE2XgXfAF3FSm8CTH8Ns6YdVNArmZ2UDYmdPaJtPQGx89G3F4jUzyWhFFMJLM
1774556247	5CK8WN2kPDXJr3jEaeoN5Yfz5nk7612HjULGjx3poqHCG8ALAEL7SrKxCMefuizUyjzBTtR1HE2zmzyPQRd9bWPo
1774555985	5dAp54AkMoVELfK5MJv6RhW1UTdRMizXa2zFJdntBACE6yDsu1AZx8jXcWVq3SSD1yNk3PzefZg91MhEPeo9n6pk
1774555985	5WQDEyjsZWFpFmncQNwDM8DvKjsnXGvK1bVcfJcksXHTUAYH2vHnbTtst4PVz8abg8dDsSkU553yyVv3DTMUDGiR
1774555985	5TDvkDvPCt979uuBMk9kWAVR4HNc8FPyftGufqsVGquDKr9mcSLdQNbGiNmLjEnsL64ATskmBTEidnbnKAFjjqmZ
1774555985	58gUhvBTnVDtkx3pycDFF9g3xugZEXy4i78Au9bdvUkiQFeEd2W4WJQYV9FjHVBdKEAEKivaRgrLKx2AtAmSrW7g
1774555985	5vxzbo6omB32BqvWzUFQ61bzPAdg2ry59BSu74RaG9ndhyf7WUzF4ANB6inhgqUuqVfBRg4L4dHSfqxRqfkaWvxh
1774555985	28Y1zyKvy1oprnSymboaimkp1GqM5X9P9kG4L85u1vS8c91vfBp6ggXw9Nqn6xGDhNtLSyLUx2XreBgRHmMNWazW
1774555985	39xFvR4UMLiYXZRKNu4yWhkfnJs7vFdZBY43CoF4f3DcEMESLc7VfHAsrUA7X7xpkDatQg1x4myLYfV39hpjyTjZ
1774555985	5YPoCjhAChv8ZGbLVpWYVVuPX9Z9aadeQFi4GdmaDh2dScXPBM2SNQBYU6eSda7spJAovCW3Ga3e64NdPmXdAjb1
1774555985	Ap7gRJSPBpcUsEaVrmksFBgBTaVBRCBPP7eomV4LkvUWcPirLbfC46VTkyvAKhUEAsAMQLyZxRi7C9ctHdnqXiw
1774555985	2Y7UBUQRHKNojsHuZEFsHyJZ5JefPweapqrgkUz8zAzDwaR96XKUVJ991c4p6aWCWh6nWWPXQhvf2DP9Xhip45sQ
1774555985	23WapVNi37wqDavarn5gWP6k6pWcsWsQzCVCMdrq2hLzZ1Lt2mYUj9288Mbo8D7aRnoVjLKjfr3mb3N7S2WroV5E
1774555985	7woTACy6VMna2153WW6TRkEbNf7qKUbqo4Arv1MeBffz7CH6FdqwRgWU5VXjTqm5NZBXDWR74hYEmcdvtdXsGx6
1774555985	2cW99NnXbEban689rkWpjRQbkNixw588sq6hmvZCbDqv4Rhc4b997QQAr2JVjm71oyy1geeXL94HFSUH5kA81tA3
1774555985	5pcqjhRfz95aibWz6ekKec1UnBKyugzyd8mnVXkbgcATdfDBBpmCYtDkKKmi6B41ZF8s5BMZffA5iAS7VcKbJe1L
1774555981	4xhLnj4tU556jo6nknZ9TW1rURzFWpNGWhg4AdpZ1vK7tzWCHaYV1Xj8xJ4KPBw8F3jz8iWTjayTAdRUX7TiNB2
1774555969	2QpNurw6girKXgWqvrDBCwiS8FFvhTW7qoDiEBpHvGqv3np4X6srw6udJmKfcM4F1cnQps171xttVbCnh4FnPWhV
1774555969	JZ3k5HP2QqZMkjv6zyS3K9JYbBwCLp3ucAoDmfHudp2RCJVxE41wn4uk4hxWoKm22gqzJmGK48fVUmnaX3Zhwuf
1774555969	3JGAUnV1xXrn8PMaEB9Jv5QH4M1fsi1D5PttyjS4aWVq1JgoHJZD2gf5DguLahiRCcENnD53XGHVrQeBid595AMS
1774555969	4p49s7Zco59HnWnbc1BaHoyz2cgaCTor5meW6E4hMGhitL8TRatsMvXhUU4axLLSGMxjksBjqifATFCreZ764X8m
1774555969	5GwXJ7uhAS3nNc54UZNmprpobNoSJCMy3axgU1F871sf23xPKEgw3VZiZ2EdyLSBDxkkDD4sq57Qs82x5U2Z95Df
1774555963	2x7gAGhSxkyKBz317fj3yqeksDq7WHWgumC81VH5G4AZkfyUhQ2MCH42z25g8pYSfRNDdB7sFEus7q26yqhGow6o
1774555963	28KDBF6rjg6M28x9eiPXX7VuuuBdgb44u9ffu2W6UAs2vVu6kSHRKGXPGQCoi6eJMMG49md37fstWUniBG8BjTY4
1774555963	5Y91upxzDdbkcRhuBmyTQbU6tAhsp9FBzBrvYc2LNbMQQU29z5D1gCRTv4xBJZ83XQEYytLXSmZVqfbmVcDAnRfp
1774555963	hHB3FneCqEy74PmjNyCnVsG97g3VjcDFrYfYM3btkr8EcGwDAJs1Ebz1VkyN9PQeyQo5tDNkhmi1FtBuDXbEHq2
1774555958	SoyRbQXYbcntc2ArDnFB86gZTu1t7XsC2DgARDaq3CiVtDSoNNynYdx11id13r5QZYZL8uRKSU2ZC1dUmSo4bWp
1774555955	5DAYWKAk8SogDgT1gNKuRyjU8VaYRTmfivFPNc19aoRaKBvNFSf5FXQBjkXBCV5u57UKoH6D6yQZZsYnLzHvGNWT
1774555951	3sTcfUY6VUL1Vx1dyjpTRBmrDc89W6UePBvAGRcJtwZBKVqRY7jzmtbruKvmXKeaR6w6bFATgpumEZUxMuQ5WL1u
1774555951	4j7uY3jxv9wfbUcjT9d62VLiVh26oCsaBf8mf6CbpmCEUdot1fMivXKbcVo321dLPweFWvm32phUjFXS6C2T7fnB
1774555951	5yLv7JBS931GqG65fpyKdm3GMwR4eT9g4jVRFbyBbgYv7B6Vsyh7TxvRTP7u4CgdteyG3vvtQPq3KRkGNLSriHLi
1774555951	GV4zBrnyY1gxTAUKXDNwZGN1eS8ejUYoFF3HSVZ216iJdii7yHWrmTGpuTk45f5TD1viTnd997GsuzDYCbUvRd3
1774555951	yP1qcgrQMWcs9wyxeBW5ew8m93tSEh9zrNXwWXsNh2aJwJ6dWc76QLoBX5bEzxpLw1dU1BtzQTeGjJoymxKuNLX
1774555951	2EyepK1mmSFkSc3zPa5Y3BqkV3vDPXDDsC2YUy6TsiNHMu9vUGRgyNb49ZjBZWeAEPmHaKRRyDNoj2Hkp24i8h1U
1774555944	5evMdSHLodx67Toq6A74LwChoJeLe6iFJP2fvRGj1BfHtvSaSNYv2WBGxPNfwGcdtWXHPF5qxS8TiTxq1fTVefG6
1774555944	63tYfgdEWUUXfSjNPTjWeanpp83YbJsur2L3NRiwXKM47YqZkj5t2PjmyMCQTi1JwJQSeZrA5HUFdTge8WAGXvRf
1774555944	28KZT6dTHhzS4kLJB5SVvyrVMqzGFvLx1Ky7Zp8EmBL8iTBn5qEzieg5fEN1iSrLpKk6Kn5nKUHjqQYmLRpPrXNc
1774555944	2hDiZks1AVb3tFFbifnhCbi1RP9R3eGER5cTXJdmPGUHm6on1nRcsduD4p6yFLL5Mpa9u2s5TE39mLR7FBEc17G1
1774555944	4NSgtmgd2M39RicktDYv2Wvq7mJCsAMREE8p3hhXEunDBmZiN6EZSppLc5Wnp1DwWGTbvs23XLSfR3aWRQABhueR
1774555944	47yFgvRFNEQ9Ryia8zsHHro7ALQjnNzAQDPEHczq5aWJrkSuVX7MLFTFBtjFZc72Mi1HtBjr8x4cpdUPQtLgonTN
1774555944	4BXaUbKVHxu9CzixP6uVkL8exKSYxzjiGoo16PaUZmfVVSHDzHX5MUYt1QvCgqQvQr4P7o6GoyoEJMjMXWYdvkNM
1774555944	KKLwSeFkCR6za2yV27Zn1Bfv4Dnw8bfSynv3Yt2xCZJwtCUHo6gVSYNmWwYN2N8yhi8b3F5ZbFiqRpG25ehNs3a
1774555943	5NWvGsFe4EdvKsvtB98zqKq9E5yysHQXSTkFL9FhNuxar1FHf1BoWJfsAraCuwyNmuCnf8nyuF2oTSnUP9q6G1sF
1774555943	op4aEnqeXB1rsMa6xn8gYcU84zESnEMTb2kiNff91qiazSwThbmKv7USGSfi8jwGMBusXewu2gQcKXroEGgwt6t
1774555941	3HokqcjqDHM2B4xiJNsSzrBecGRgEzmrpgviEtnf79Neek6wfLsxZP4XuA6RNeAAb6gnGQ8y687rfXEBis9Y9sfo
1774555941	3BsJhDX969x3GQ5gmsuGZvKV7zu7p9FpFBZV5BPyMHU6rq8C71xJNHX5qgTpuCfjz7jy5ZSoMAgyxSaJYeDE1Axw
1774555941	4cC5JCeVrRgrQFemsF5Zzb9yVamSLCVaH33qyDqZmHHTK8hinaMeWQnfqkP1nZ31trjFsq8idg2XJ2gwCvyArAyR
1774555941	2HUwQwsv3ATyogWCuVVPMYkrEHLqGBDEGnT9s22pBdd9dfMCN61TW9UWFyvRykFcB95NHpWDPEdWXi9MjX78Pf3X
1774555941	ota3djU2M4ArtApxqNF6qVX6wwUrqtjRtcSUeqGovTFLoU4wAr5CEsmiLMFdfjq9kgy85NoYxVo2z6tKSUjJEHs
1774555941	2XyBPV4HqDyDCzkTwD7dfEiW9u2zFephHahk5QHFnAdYsMkH6T1exrJU1Z3GvLaTf7DFthRK1oA6g1ZSrgKPmDCT
1774555941	2jAtyhUEf7a2gqVPQFhypXJbx4ahKJmjekyEQgn26nTnaxH4NgKNU6db71roWyyQYcFfAcDwfSKDwY7KKUepyXnH
1774555940	3AnXMV3ck2fT9stGB7L7pL6cciETEYe9sR2eGQuoEToZFL2KSP17Epfs5nVdKJGsnhXJCD2CTnTFF6JnSyaEXfvM
1774555940	2aL9eeH7LW6Edv9Aqq5Di7t4QxGF4qimLoe4RMQzjzKtoF22m64d4xLYFxiwPVk1e1gXRGVW8hoBTnNmbCDPaRbh
1774555940	5AdoQwZEvmVuf3cGVPWcUxsEgEznwtXV2SxZCsmpKswEb7vt5QTaToLS9h9nUPGt3K3zgqcbg1mYiztqPqAcFJfE
1774555940	5WHn4w1SKuRbWu1FJsuPGMzXLDjAovNj1CA1p9sVFiXwUU4TeK1XXUWwrLr9Enpf6ug5G1LesK87i4vgi4rSACWN
1774555940	3wE1fuEoUouS1FDgoK9tkBahjW4qFvmzwAuHDiuekFWkQcAmfNMdgKZ2dm7whymihxcapgvzgSUEeb4THPCBE4op
1774555940	AaB9k9sGsL4hawNjZ2zCeCJxQMQjRw8Ryn7rsykBDj3XPrHSSGYA7rzkGgaXaWV5mrTDii2XJN4pVEWP56M9en1
1774555940	2goUNKQiwsiiDZ65qjHqE4wXtNsfVYNrN4iCFH1PS7wdzjfdMKhhN6XS8bWE8qLKNJSmDGfwczypXr8Evd9SxDMf
1774555940	63zvYtBNxgzgrotc6eyLwK8suwmkpDx9JxmkdHLvJapNRTMrbURMEboctZGopD2XKe3GRaWzf7TSVbXwo6YVVo8s
1774555940	66eC6SDL3EXxWut2FPfP84do3vhkW6Ab9SNDbcxD3DGkg5fAwBq2ELtoAMkAn1w6B1zMqLLCz5x5R2JncoCLZjmH
1774555940	5YLaSa3UbvxiXQEGzURxfFChGTJ3wukuTV6SeeG9nmuvNGpKrb9emB9gWzF7Enjgiy6Yiwie99Z2t53AjWYFr9Mz
1774555940	5nF9M7xNpUQ6Hvhec3cTeiJJuKXUvmcaacfdA5c5dNBZNH5xzuQ5hSdWf2ycAt2dLqsYqfMkXgJhjYRDHS4uuDye
1774555940	3uXRCFqoaSm6LwYfnz7XHPYy9TrgGu5Q8DsFj34M5DSMYSTX1ZCPKGcaDBkdTM9j79QSWb8dZa7mctgnMWtgpmgX
1774555940	5nYLM77ZmDJ6T5AcUeHowiiVa8M8hH1vndwMBh574s67uauN88FWLxexGhT6vhwikJk7DqTQwL4G96ojNnkxvpAH
1774555940	52fhDCqrby65kZ2GLWVxWXi57sURm1MrrWEWCgVNoh3v3LnyEpcF6ssJ6jfenrnoU2c42BtM6o4R4vM8b87gLH9L
1774555940	2xjSHGsSvTqET2CCCZVYxjVa6QgjhunWYjFoiiSitG7cisUEwkgSixmRgjoCHzDiy7RZa68HUpK6tuyU7YnnvBjk
1774555940	xiaz2DPK9szdrNBvv4RgyHnAWQAwMD1tQCicR15K4PA17TZXT8YTJJe2DNL5q7EsWtHLMx3Uge5eUe5BaKJN7na
1774555940	4gVwQ5oxGSu4aEWvWvJMtQz1qV43FhCHgtJVSWLyekVYFx98nKPNBQvrk9SQyHFrb1P1nuiBZGwk3znc3iHqwNwk
1774555940	2725eqMRG2gW6sy5SFeiHihZ1RedesZ5m3NUP2UHquHydMTTHsREKt5D2Ez2e7nj8DKCopuEFeyMMT2jA7oTWAuQ
1774555940	3TpYvnk9Mktpv4PwXEWP2qLpVS2YVtgMUkHLjiZQXpcWtAxTdYYZLNC9fRBC3PaXsDbZkQfSWurjR3jmLDheTQNc
1774555940	5qi7vKVTQy2GtMobuFjKwFKg6kY7z8ouKjEndDCvwLkZdAyx72MnJgtwmJZktvsab1GCrkodKQkyAFsWN99JoLML
1774555940	2aZGQfT1xU4v7DZyrqXAdAQs1FDZqQbQd94pPJT5n41kiRKkzLCMKgah9S16XpJA9bxuRSfEvNcK9QGf3NXcrFw1
1774555940	5ydpPtmXvGPzzxFhAoiCHgcpyZNE6Yruom7NTf9YpDwcDHP3zDQRW9MX8K81tYSXwJjEGh91G7D8ekESD5tJfNKc
1774555940	4DpxJr4QgRJMpPC328TsFj2d82sMegyVS3wbxkxwEsacKEb17ps1pA1Kiwg4HZB4vj7hfcHcVwZTXbS5eLMBSLA4
1774555940	3ShRtJxrpAQjMLBA46bV4fpXFqL6UnRDWvq8bfSrnY2Yk1RZLdZT9WQCtMZnxt8N5X3eoC7SsqqLfrovxZRRCv4j
1774555940	2zYvFmakaAE9ipbmss3Y67CQpqU4o4NiaVx85KPvzaD7JjfGPm6Gds7TCnCMazkHG56mU6sw7poYEqyrRRZWYqtF
1774555940	ctBxikVC3jLyDbHFA9BUYJUX6aemEZ9FJmZ7dxVRrp89TqwESjvjwEwd1o8hQyzVAavzNkQwbyvi5HjrZ8PorpH
1774555940	5fgBb13bkkJhUHPhyTzmERsn48VjzJe1VzH1uAiFm9vdLuiWbRYRL4eDem7rjvJ65qsPQZRCSAWf1UYfm1rxyULX
1774555940	KPXSJoJs2tg3kKwp5PkYqg7ogjw4oMUxpWHn3gQwxbnshT1s9NbXyJFiHCBhXKfQRHAQ2jXyNPtxxbwebAvdWZc
1774555940	3Md64JkwhQ8QRKMBMbxN3wSjydU7nJvqqRMGTUtX2NDtPx68NKbYyKKbYv9qHbtDLc7sYtXfcBeeFNBD4jWLh5XU
1774555928	2KGExF8w6KGULaXFywmsTVmnANqGZ3UMhwJJufAUDwkYYhfPkj1pKAZuYXmAubdh4xfxkZKhx7zk7kNK3LmaZFSK
1774555928	4uHNE8qxq67ox8qAxNxpTEnxUv5if5sVWfNiukCcTVsAxs4heUA64yt7ae9rjxxyr2M7713NCHzTfSbgGP8wuPJx
1774555928	5BxZVqiPgrTJ3qkwb1NxNe5NCB85K73SLbC5A7qvuaUAXzX7TfwtUAs8U65TbwRGiuUqiLsptnH4ATd54pnQqzy9
1774555928	5y1FMHCz8UXbwFA6oj4h2FqrCxs31GSz5BTgHx2pnoiEPsYQvoo5MAFNX5r3DZrKxDEmGg5h4cp3v3pSwuR9xt4H
1774555926	3hVcaVTzracbmA1H23DDKxsARk1JyasDoUpKiBnoznCr3wPJcqY69AwUyMECavc6ZFRRq8Vo6pkDSdgkZMRE4ETF
1774555926	45iCHdsHEATHpDqfbALH3YpeBeVoWfxLd9A1DaEC9bxSqMaGY1QddVLTp51cTC6ykBEqyWHSDd5wZtWoxcA2GSnB
1774555926	4V3LotLbUEnvRdQmG166SjqvizU7YGxWcoFWyEaUP8pDi6En9rx26xnebWnzSm9SVKC8wx8Vk2ztABmMUgTGRZZJ
1774555926	PD7rqtgH345hPU6DJvGTMQ82vFVcnKNkUpSc12VeLrwoMRjQMdb3LhAs13UFhessVe6tEuH4GS6HtFphdhFWh5H
1774555919	2eiG4LvUpQGWED8hxyjaimsdJMj733UsiPtbR62ovkpFAfgHKf9bPqXVZy6J3JTDJ9AV3W2ZruAmeNcJCmMb5RDm
1774555919	3w9ruS6xK2TPoSYhgguG8EP7As8bgu3Ue7owEmkHDHnUy47sLsieSdvyjP2PzHkrnMiH7CLEN5AJ9yZQ7cqgbpTG
1774555917	2pAgBeqP2CXV2hh9x1ACUkhWeJmTgMxnNqxPXNMV6freCj7RULM1RXKDFsQ9PBEdZsQoqDMBdNBNkC724swozXwH
1774555917	2XNrHxocF3PJEJxofoXrjXqz9RYjVr2RyCE96XfWEntrqLvdUf2awLj5qMEdZzvc9gcxNCjinB6tk6NrDXVTmbjv
1774555917	24uGd57UB9DY7Kg8wvS5hzTmNFFHZGMiAPaWfRULtfWgyiR32C1QsE22k1NUF53EgjcpTn1ha3WioeKWXCbp5ZED
