1774600577	ZV2bEdVdKuTWXkME8JtCo34NAzo5fDvM3HHiSk4rcX2zNfYvRhDQqXabgQkcAMgKZJDasUivEB8PchwwWDh9ZES
1774600577	2UxJ6k4uADa7B3jqUriRrdHcvtXt8VupZx4FVxHmYhGAzjY3eBnJUQVT17MCbwH6Wj9xBTVCq5vHabS4y2sDaFP
1774600577	27Zb8RE1bwuuJ8RbUr98pZRLu13Z9SdQdzY8KRCSmE7XgFPeyqCqmsvvy8GPKej9CaYNnZsmc18AXdj1Miy8kFp7
1774600575	3MicR2mZv5hCGmHPTgivDAmHYd6VRQQFmtKe7qbWz87LxxcYdzNAtfgt6i56zszXdYZcipWnEZPfgmJRtxreJq32
1774600575	YN2vyXU2vjrtGkTSNnn8DpPK3shzYquHrFAnSc39YKdyvogmy9vuPKStGLKewZJBuDtuihpW5S67xGzyiuNHKc5
1774600575	4qS7Hiznjzb8MmTBMoQQiFqX7b2W6MckToi1qELweoGAzWwUmHDVDMrJsykeqG6qKPbuMhZYbu1WW7rZa45ZdALL
1774600575	2E1m9yzzYZvaY8yEkU7oSdqUfGjJYnzJivCWEKknfxHyRijQ43A5zkj17BEi4Jjz244VwH3XGbzCjU9wTnZzT4HZ
1774600575	5dAQLQnqd1rquRnxRj1JsRaTxrX7a5zerLREL2KtVWV5NN8nFpHNcTR9cMYRGHQ4DB2RPw4sXbDx8FVtrY4D7oDA
1774600575	BrQGTu5TRmWSq8poR4YxwZX5juYLh6XrRwBcv3P6uhHrujziVjetpLTdnhHLq1dPvTeqjADrWg6edYWM4rHns7z
1774600575	5xpaBLphzCz1eENx2s1D9a2vdTG9Tq1Pr9LNJEy9rSKegmcRamWtVrm3dWM6y6NmgduiFrSpgMjnEMGDR4tkXDV8
1774600575	8P5xrD27U5dvimpGGMMgsSQyScVT5nVMBHBawuP9anz2fXmzoBAW1QDYAfYpb8LR9Sj1RWjjK92H39h36hMki1G
1774600574	4GDps8zyKimP46iHaFw7eaXR2HnNQkzLRiE9ayCMMNoS4ydxSQSZcYrU5Qr3B64YKXV23iymnP3xfYF28PJWm1pS
1774600574	2gm8PJkepARiX4YAA9axfpuV7ZYs23Gon3hFVxHkkuy9kkNDxRgPrbq415r8c3R3rLXkBK1nNGLTtA23WHZQAsRq
1774600574	3tNeg4tYP9YViZqaFGkhMBk8baEjfUSMX1FLbFshDymfKtsDpMNpDdgcd3CYfNgsjisaTv4yqvnXovW1jm4xW7QT
1774600574	2ZQbYd9mhNqo3LTUEQsaXB3QR8YDp9M6HT3x1uHZ94JjFmzJieXb29WTSvgG563JyKtmFMT9dDqzNKVvYQEjGv6a
1774600574	eFNL96otWSLhsaPoUuTbSxL2wHwUL8QaR8nKBzL22hfLtztighCUGVRQAc4CKXdZVtZdpQHPan7k5c8L3Q7c7qM
1774600574	5RL3LZRcPN6ezPCUoGQSsmowJcofvdQb9P4AxmMhSS8sA4Q6N5pQDfynDQfs39j4bbLgmBdsWoJcxbgSqoejnodV
1774600574	mKpmLzYoQmWbkYSa8i8E6jD3Cgktn3yKaBbnwjaSxU3AWR16jhDqsupAFMd3e8Naqq8SG9Er8GhufDQ7uJzYZoL
1774600574	4D54QYRJS5H7PVfG463AY4w6FpD9mLiRTz3xFWUw1p2RrSSXA3Gyump9A1WJegqN2Ax9tyrtiTcMZJ1brbMMbgLu
1774600574	3s19QpNw5AikDBqW9B4FZhATm9arHpLghUDjP1gdGDbcM34H2bpXeuVoVqr8NBri35mUGAFySCZETcLneCMsY3A5
1774600574	DMM7VYSDziZbxXGyL6LBn1DgjToLJGeqjbThkxiW25QokzPotYgsNtWfDcXkPPm3ZcTCFLpgWpoRTSCyjFMQj5c
1774600574	3fMtN9PqctNcAt7D4DihQcFtYMmaGD185ogu3HAuqFUjtQuLXS49whT7C5frdhDxxQvZh8exNdU6k2h4fvmJFSaJ
1774600574	4nQVr3qMCVLVb5KkmznDvSjpS6MdoPx1kDWS5vwhAdgHdwrzHVJj4YPNa5dpD6z68HX5YqfBze1txKq6MpmyVmfP
1774600574	2HeLjSVbULJbLLRU7DJiTGDS7jMVU8aF8wsmia9JX7PGSUn4KCktEPwCNvd9kH61pjyQ38eJ1HkyMGgBY4vhcav6
1774600574	4TBuCyai5PSf9vgiSWKk24Z4pbXcF2kXsYcdrFnnpYNTZjeaJ8BnG6jX3cKhqfQAuGeWWXNsvNAyUFZNzEeaABwG
1774600574	2TLWVa9v41EvUNtdmSZzdg6by9rtdju45Kpfodc95YLwTaoKEwmF3a54BnxDVwDmTPwt6TPC78fwPjfgUJvhDHM6
1774600574	i1eSfKppAyETD4WUiVyXykM3p4Aja3n4vzYo15K7QmPFsZATS62nLD78RyLaq79UhNTScWfvPx2XsGK5AbFBHg9
1774600573	DoJi1yLmVETgneYNujFfqKWA2dmp6skAGm1rvL1BREqdjLt4hgqepRgEUUCNqfuMEesu9sreBPhhmc2Y6G8fjW9
1774600573	5f9fhZXAPE3Kek6zMP3RP7iPAA6tZwA9XekqKCwPQ1SCvcmLSBV4zuQhstXzyEjoBQ5Pg4bXNMN1ppReGTkFPiEV
1774600573	5rfU7nTbrNShtU3aqBNYghjS67xGAAhcq6Cv2CuMwoqd9Hw6gZ1uXrRouDXYZN9HUzuNounhnoERaBvrvxF5QGh5
1774600573	9NVWfwE1W9qbZdYHpVtYgE9UKBR8uhFKWuwzL1DPYiKuzp7YsBMUYACAYDQTbK6UtBRNDCgc7ToX5nFxQqUjgca
1774600563	4mrcfySr7vAJwiHfuY2nX39tJS5X4pxBjMNWAst5oSyXrHi66EeRMNV9n5rw3jtAWBy7FEubF63V3ojngR8boLUL
1774600563	3Ycr6Nkv7Lc9xpPAaxo8zmp2ABp6hXFHgchkTfJcFT3e2VUQyTiFnzFquGQnU6teV7pZDLizKoh4iinecBthqE2M
1774600563	2ekBJEHvvJxGBUno37egtzNfZXEJMZsx8yhWiqrG5b15bhC1EWPqVMphQWL9uTQZL7wk93qXwmLPK92TqtRq71dx
1774600563	2BSJ5khzEWnbL5dHxFdAwX6Uu88cSz5Jiqb92mVWBDCnqA7GCx3nN99DpL3oCq2ai6Pf5r4rGzj6Xcy8MTniZYC5
1774600562	2nWwmBrR6vhgzMZHv7WcNSwi7REEyx7ab2B3M3FeEuJs98fWH5GwF8dxLUD9fYTaPgg6SiwouyoS6TmG32T94B6B
1774600562	Be2V4et2pe16iPTfY2DJhuGEekAW255yT2of1RCCsSpkepipgSZ614of8C1xBDpsd4iD3PKJDfjf8h2EQ4hz2Qi
1774600562	geaSnoekT6BX5ujtDgCdY6GeLw2kWiRPDE2uhDu7fdMfsVbrc9V8TiEGU3LRvM7y4MhXr3UcN5yYEuxCmYj3wWC
1774600562	4MXT6cDoRYcsjTQTaZxKqv4MFJ64TnjPBa8tzHcskCUsLNPEeQAfsmvTp38jXK8s3YsCbar4hunjEwDdGxNJmZKi
1774600562	5XDN8XmuLd3pbPP2rjFw5tfshbxArsoCHtd4Du7uTPecR5uxZ9JRGc3iyZycg9qvJG7niX6Nwmj63surgZPvAGTG
1774600560	4x2M1hsQa97xjwfKV3wFMWvfSFU7Jfhonun5ThXvrayNuSC22CrC9Tor9gtRVtDSR9Q8veEgbp1iwxZDnLwKBQmk
1774600559	5etuyYkxK8fpybzhLR6FSmQqHHgDkeHgTwzLR4ncq9gDwGCpdxJ9FPkjdgtkz8nDhC6PNZPwsme6ffdEVrhEEYoh
1774600559	5NkgtnWw9hiweqSHLAgvHJX4ecYvzuJ7LkJ59jhHkKo1oRBMX4LPdcaWNz46DKR7vvQPjrs2hteM8AUzBzCBBSmy
1774600559	2ShdYUeiLnv4CPeQwVgWLRbBNwEgzFFWGuDGSncFpE2MqsHqRhMHBXgPasXL4k188z2yvscv58RzG6sV8H59YKr9
1774600559	rTN3QCtg5mHHAcpbSvjRefJ41rMXbGAyhF6rcPbBXECjdz1mVuVXnwRjijtfAoxViNRvWkbGSWaiCQ7YkKmhzoH
1774600559	4GbaG7bf53MBZWBM7y4aobvc9R9dhNZmXJkyog5kDcpDyHUu9ZJAqFtHddabXDfxeACtGQ6qEFEU1MDewPyMS9Z8
1774600559	63GtU3ACnZ1UoFu4ghgj7jePAGJvAKg3zD1Lg5trCRN38mq8Z4fEoNxAFMbWiv8DzVn1o2HsA2stTLrKYanUmwED
1774600559	2UbzwrMNuty7SReK9zwU3kuSeRXDpFJjgdZRbcf3CUTV8XGMGR94wQUnWCfQSUQeeadbmNUjYD1pKiPE1VrjrW19
1774600559	4XmabjfhFY5j7NmYrtQasj2tSbx1rzQVfiuBRP1pNP8D3J5LvTMYLG2oaci6YG95HLkGQ57mpGCt2FKPHnyh5hEV
1774600559	rLhQwkV3b1PKjpHvfgejiHG3GWmjBtxHEy8zwNNHmM5C3JEErphU9nSBqneq79KKa6RfghVVoP4vCegS7C5Y6BX
1774600559	5ieJwZpj2G7u5HS65eiGjP3Xu2cSoGW2tbz5MtBoxLFVu6hm34XhUb7Qi38F4pu4obcWDn4tWfJHH5GGqWA9feVe
1774600559	LJjm8DXDmCQkcyVFjCm3eQ71sX8uxouWimhk7H4GzUaXjotdmFWqHzZ1TqFyKbpdVqqhTDoqTabFJP9Eenp78rk
1774600559	4rFWgaPTuUEx3fp6B1DZcoeYcLKbSBqFRtcNqw7tEDiWTZqGkD7iHf2jQvtbR2Uk4sfasF8FjguDEfkyMbEAo4hi
1774600559	4LM8q156CikyXwPoWQ6CawGGGvEfrjxQmd84dYy7sQy9cquWF3dDiahDij1af4hsxXUY9EcyUE7K6Tmi6yB1KYTy
1774600559	5rV3xNC76G55Tb9dSKHkqoQceu8KJq4QeQJhXDBNLzvojXddhay79exJRVw93dE272raizWSZJorFmLgp5XMWzzB
1774600559	3GvmJ8sZo75HPgUckddtKuHKZoU4T4GbiXF1hcdPwQXvUr8eJcs3sRNV5g2UaPxtn4yJbu8mb3eCvXrd9SAK4aNf
1774600559	3nn9krL2m3StMWxZwcdZE3ggj3oTwCVJ3EHagatrjNoBPBMjXLRnA95KhVQGMJ3241QNTqAXcuWFNSk38965HGj1
1774600559	63SiFLFxo2BRGyGU6XV4Ao82AWKHkRCBb5NBocenusEUUFHRJUwiq7UFQmM8hoG9D9kCcdbN9326P5wJLJ7z3aXz
1774600559	4j6RksygLVRX9VbYTxQACy1FnhzVM17XZys191JGhwRnLntYdzoafcQAHcPXv2atv5timst91TxF5Vr9UN8aN4Eq
1774600558	2WsAsP82gxqV12sjL5LbnEtPku4f2j3f3wriwXYzCEds49v5YGTdf2XZH7iUViA2qoU34kXLhgnoRFiZmKzofdza
1774600558	2G9b5URj5u4MLQEW2vJVjNUcvJNWyLHdGTA13fdJZCYQsQha2VKAuLXcnL3rnqoAcixrYpfwybuvS6AJCWgRBYoL
1774600558	5JND4QBKeqhnLxReVcEvjxVnNfod8Y6RJQwCKM2NbF4NCe544pxztBmg375ybE1va6cYL7TxcGmKYHXAawr64aEJ
1774600558	2gkvRn3otkwePMberhjZ9oe1ph4ChoTTpXWqmmuCxxTvDJoLaHappWrcFn7nvBJwux1tfxafFqWVSDhiuwPzQ4n9
1774600558	4uzN5obB9MXFq5KGUPbSPrXgZUFuMdjBPNVjKziMZEqNDz3t1LVVgVzzYuHJ2p5EVYHisyDFNZu2iH4FawwoSUHT
1774600558	4RdW8jQN26wxkzdvCG7RPxLWhatBi927BA8dCGtntsLwEfR84yjqvsY7UBGBESHLoQwKuUrRUteksETFbCFshYDR
1774600558	42gwAQUYybERj2U2NktbwgjSqFspxAw6hCUUWCXSA4DzKBC6Sn2z8TmmNabAwnT5pvnW5wXqXu9eMtYiiCEwi3xf
1774600558	gL4KZqHDgghNuv8ENxTchNpfxMyu5rshgpYA5G8j9ToVGr1tRTZGKR5JKQVwUmajdP5SDoTRHZ9XU9U5eyiNvBu
1774600558	4sfgYqADZymsA3XJ6qFPqkgqJoCYkLqv7iEngD6mm21LobyevjBrDByR1ZF63L1W6ZLFHCBM8DoD7bUXc1dKreqh
1774600558	423v45DeFWto7Puj1FvMiwjdsZeYmpc86Z8GLjM4aW8GygEB7X1TV8b3hFGZc5NRpubGpr87EHatdH34q9TGoW85
1774600558	5VTbEYGedi4TSuKbCjNSUj9ZJEkuvqD92ekTo7Sy6FXru2FbdrZWGGxf1uT1Djzg7v2ygvctSYj7MP294AQ6wWYL
1774600558	2txmLa2gtRTCDMu7xsTPyGSLsPZevU3h91H8kz6RiGL34BYNx9qeowzMn9iz81yw5Nbff1GqREubjBqyMv6nC7nF
1774600558	2hnhBisUpQQ61kJ87dioU3xJ25ny3ui9zSeXsVyoxqkHVqUeo9w26fCq6mK9wgosUPEcxwQQeH6WQMd4NfNQFPvs
1774600558	5Y68rJwJkQ4nxnx7K43MtTox2ytPzbXAgaHZTu8HqcTMp383VF61GHv5mrfuuR2r6QLXKR5MVqYD75UcHkvVuZDM
1774600558	E53ueAxRhQ8fXJCKkfaS9Gtuheq3X6sXN5n2ng8hrQCR2dBH4hNdFMTDt5JxhtyvcXTwJwE4XbTVWVqQSnMy2PC
1774600558	46JC4tvEx4hyk5UHWefzaaUw7ctXfX89HGsFDEg9sBQJZgjqiBPMHfGjtS8UCrxKrDYyBgLboEpLTz2QeivtejnR
1774600558	28sdmmVzU728BATXsixK8PmQPCL6iuQiZe93uAXUedTzkpAqmUNwatYETkmP2Gb6yYVFWiZ38VektmgJSTbSXBvX
1774600558	3BMZ7nAAqZhgoQ9orMtH78XsVH4tCKfBKYFcBNQiBJPwdenH7ytKSQgFnTjvf5KthSTnJcHLZ7SaKgUfqzt16yhk
1774600558	4snQ62nCxoJ3yNDiHQTLjQQBEeTYafqPaEoFbdXRgatb8sgyGTkvfT8o2iX4wGYksp9mTf8SUod3G6hrqP46wwUq
1774600558	3mS522K1t3r9qyXmuZ5m1ehMSH5sF6epzEnPN5dNqr4TZGaQecBAFhMStDPJomyB2fRVCFaeeCiMvrASvU9VeUVN
1774600558	4B2PrKg3RCpjcaW7wNmYJzDrZRsrvnu9owifXpmrqmBgyVGfTBgfRY8KdiquayFCFfkRti4NKSkRk28ajGEXCLgL
1774600558	Nha5WcJSzqqknWzAzWHqPrUESXxthWR9gany1APkYaD6LBvqmGEHDq1XALczRSexy7niPaCCWxJydr3bUGP4jd3
1774600558	zPmVxc1New1wS2gxQKeCPvaknFFxRGu8neTzHQyMrFmC9Uh8DB7JCnLQJqV7YgSfLrDANRSkZEu2VXWJMNvn6QZ
1774600558	653x8VbtS2koBMhf77C6vq9SXsqXdHavQNB3kP4bY9shb7jJRMEpMtPBnXs3rw25Mrz9eg58AuMFKyTbk1YxSPSL
1774600558	4MLXFxCF3VDtTbQUvFb8hNahhaPzZyKtDXmeMPNieTpTfn69Cfh9R2CDdwv9eWsAXo3mSj5AZ3Bzg84NetfQVYgD
1774600558	54L2EPnj7qBiMvJfSTEpfovnu9VL8gAehCFZ8BxEvwjobtwwzpLn9NpkQTcZQzFsmwEoB5adqEGC9RCd3MEfv9YU
1774600558	29WDDq8YCSFGsdgjKUVXzxv1bZAWGwKtT7yBUaf16VVvUFGeWFo6CtTZMKFnnBEbXDfrGbMKCrDST8T98JJDKCCN
1774600558	4i6EAW35VKynaLTuaFx6YXZLKsfecCvJVuH7HSNKyuFL5fdc61nSNcDBAH9WHucirRf5tDKAUR4GTNkMKXw16Trz
1774600558	3FY2NXSBftP1kWUVB9DjAjQhYSg2obfb5eFnbT3EBrvRNQ7LcC2XXyVcgUQTDCSTgGWMheun4SNEKb4t9ARYVYEf
1774600558	24gZ5M5iE8ivoAuNGBPTd8bimy4Yz4kvcW782U8kJNZeFW9Uw7aMYwnLJMmsdD1nLHwgAC2aR3iDGHwcueJZRsLE
1774600558	2wiaM9sc9KGRERVBDj8PjS7Mvd71srmb4xZ3XKUS53Zg24AKezRXKH4CCP5x7knQ5TzyXuWy4EtgbEznBzc71B5u
1774600558	5joPAVoN1nEiCqoxwX5bPjwr52qvhhbKm43xVMvGNyp1A2sjZ72RnvBtXqYt3pgxL1MePVu9De67Zd73vRdSmjxy
1774600558	42sQMnDwvTRCcx75QXx3oMFP1m8VbBLo3p1jnWn6C9VNGnjhFw9wczyWScESVchzL9odSQb4eeW28ZXtQhZECVPN
1774600558	4o7Hm1sfQ2gXFJV2ipSeQKJcf1gKcsgXySACnKXLsJ6J6XEmB8XJJgecMeqVfsGv796fVw22hJg2XvyUdNqRZcBS
1774600558	WMuX3sdf1m1NoR7jWpzdWTMLUMcEzQXavrnuZNKwKibaYj494kiQTPVK3ayf16qpycHkGyEQwZyvsY475V3K4Ac
1774600558	4P4QpKhAKAvBto4Tn5J5BBGDnZjvwifdDejPGCixGbxEkWsP2XJfGKX8iHmAN2uxuMPfEBZctM79GSz7AMPHT8Wn
1774600558	39ymWAiu2iutX4Hwhc45LpeN9bUpz7VTWpqsw26R2d8EpuFWcBHqSjtPTKyWKuhdqyVVooFDN5jx3BdGZbj6DMrg
1774600558	3RMoCuzYEj6zsfNom7X6kThgKwGqDnkRgTL9cR7AyJyWTFFgRpRU1tY3Nf39QzNvLC498KiLZSwHATpt9Evkprtr
1774600558	2wTMySEiwL2VonaFgK98JKWfXLHq8GM53QoayKLQGFdUqFgubVpJnrqvYyYMMJJoxPrcP8sYPJgHyKGH64JK9ZKq
1774600558	2F9NL7cF3D9yYVjeTWijTDFa8ERf5A5H7AwojenvNZD6GfSYzY5KdZC8Dd9n9tQJQeguGGA3NXG7kDTusUg9tca5
1774600558	5nxhC9AqGkoqdqrUrxWSXd4TKDR4AzqA5LkS3EPubWetodc1PR3GNfgpRmbq2ZDrocBdJpEr2meks2kbSqkLonTP
1774600558	4sjTXTUqp1czVNN6nsbzNu8rjixSSggo4sM8APpfYbHFeDKEsPqrxjcEhWk6p1XUo7LDH2svZmvNeg7a77e9CoSN
1774600558	2yT1dSRnYZMq7VmUkKoPEBFL8AAfnLCahN1irPCNNkwGtQFcH92D2hLD8oKnx1gxjKpvnpsrJ1rL6jvSXNk4QVAh
1774600558	5scGoW81RZeB65nucQQnEWacttKyHDmNe34ZonG8kUb2SRsvMegzTGLXmKN3GDEAe92o57MVTAYD1FQh2dAiB1ph
1774600558	vQjpYBhS1zy4u6CC3bzrEYDhn2JtGZhjwKaKW1NbWsWwM3cQEdLAqUxvf2Zq2BwVKhwiCguh1tcatQjGc2neQZQ
1774600558	3vJ9owC48rViMEAjKumY5waeggKikPAdXDsn5a9rk9Y9m35wpx5CLwLjdRsqQFmPhcoYTLGmkfziniTs8FW4793x
1774600558	nE9nrpmPBtz5D12PLKmvJriMKgxC8rgZL6Pzb6FzUT3inLoi5XKw4rrGSKW2BkpT5Lcudh6QXhucxb6gZvZTGFA
1774600558	3TQoS68AwQYHrVb4JPvXzrcqDpC54i2VHaKXG9ofSwrQ4xmF86wXet9eyunHfPzs4HDkrxqz7vRK6zgDV3tJWQ4Z
1774600558	arSgNFtYNdBGpEa6jou9QGc2XAVnKyN9tuB57wpkHmwHRLDo1mvpkA4b4MAp11WevqKBpBoUpPK9SNvL96AmTdg
1774600558	4tmUGndmyvByTGhydUa1tevdfv8VCCJkiUtEhcmyruafEjoEvWv3rh1Hh2kfPR3vESNtU1MTk1s2tH63KWJmYeZS
1774600558	Fr9NBZFZrds3WQUFU1PKjJupZ3M8EaFN7TLgykPDWGVBVMdJmsqrsefA6MWKk7HFPCkULA5krUvfRV2U4SSYnwk
1774600557	5pfypikU7FTqzcvTBhUx4yP6obQfTVSpbMmchWQoP6EyBS15PGsz47DY7Tbs4U9UmA1kTK64KM87s55vL8syNAxD
1774600557	3n59pBgzMQuoGD1GbzCwRLGpBmU8ztZCiQXCoF4PnnFs7agy8Une4afp3B1rgXp9LQLQTjgkKhpLhtPDQMUATU6K
1774600557	HRgcXkohCdWfu7JZ1gsVGWayfKPuXNt2yq41TQU8Cbny1oN7dfEQK4jyvL5C3pRKGd9Xt5rUdyz1W5tPZj2Fqtv
1774600557	48phboesxatNTKts421Ygzk1MMTHyRdWdFchEw2U6Ehpmqc7qeGftZNYmQiCvhzbXEYmJ83tR9Dqo9ZtghL3hvbS
1774600557	58skPisKAiejZmwE3QCsosAaMzxxHyzC38Yfm9bdmqG3xv95qVuvWdvacr8gddwuaNX6sU8K9qF64FEpbxGcQkYH
1774600557	4Ty68U8c1CmWCEbKDWs4XSTCWH19SUozX8d92xr7xSsZcVDoxTLoNUUTF4JhuQXV8CeTJ4qLRrE3Lugi99TEEnjP
1774600557	3Xb8CSXMrMxihxsgDB7cYCAxdQEGJYAz2cs5WQ4375EKYcGyQhtHRDPnrMvw4ZhY6pZwZWHnffYtg8GmJMZQoZid
1774600557	3xoZdNdtqmNB4eZWUtJnLAo7saf3NyWDnDxAADuJHJ1sbXVtNx6ioc59yHtcykJzzoHZLCn3AoncJkFcoj75JuxK
1774600557	R3SM4m5ZJNkSbMcg8awKrJt6YqP3oLQwuoiQQrhthio9fNTCSKQErWZPXntFpEnYNTdTLH1AEY6rjXjaTkorW3M
1774600557	5UkrdMeTPuTE19kR97KR4Noa2yjQucrSeHHckiVXBXH2anLbL44UEGqUq19tU8kjFxnRHEEgwzy5Kupr1BGa2Pg6
1774600557	2nFUVQh6YSKdZxvLEgUAxnaWcr83X7VjPSri79a6Dad3pFRdraRou7QA49gA2xHxN7HKnc8iwXK6YknXhnTMqTKL
1774600557	5uwxx5h2kKjKVsBPTkzDWG2pt7bre29aQtjRc9isHatxzj8o1HJeTGLwp3NMMTcpg6CskVSxACZ9HiRzcgFWtNL2
1774600557	4k9vgpFVziVZ6quRrox4HANgT2kc91skFUQfiB7scqKy9dLrjenYpoxkVrSJ4HihEyqeGyE65XXzgiN7dS4bE6EM
1774600556	5v7e99AvoYYE3iiRdb2pDNfYdRYUc7He69mP7A2Ggkfzm5MSd17YzkjRZYAETAqmgcAUHrt1FqcXqRX33Ue9voNk
1774600556	5pqR32aqYrXfuonbozpC48K3qaQnebtAf3WQAgoux4z2nGtpg8eXirKXhxTjXGdR61YPpyzGEMhn8P4jSkJvdbij
1774600556	2uviLV5JLUgrDzdQmftCgRUEJx7RNugLYHPgK7FW2rDxnjajdXDA6rCUtAKDr4p5tGVEh9gMVXscFcDHBwssSGAZ
1774600556	3FQ3o7oG8PGAkViAYGzEHaThxtER1P26U29EuwYTHdMPkEjogpjDrzVyy27Vdzt4Qr3JxhGLPj3z2isseuEpfEb7
1774600556	KajaELBd17q2eLWcVtY8Szy77vuuMjAvhnVS3NHErqMxwZwFLdSRXvCsgCJC6Pfq34FNu8L3z54xKs1uLL6MidF
1774600556	4j7raT7guEKvQNwoeWmHeZVgYe8SYoiFQHeCsWaZBaXXyRpQEW5iwDXjC3GvTy3ZWuRw3Ly9EgfMsiHXYayM8z54
1774600556	2GDgANM1wq6cbkVJBo9dgnZbeXCK49MyEA84whFz9zhLTGn2wC53PPE2z3TVhguJubfqbCTV4ygQcTadbJcRYVW7
1774600556	4iJf77Q8srs9SpRz3YhBcv2XTEeZJvUWHcevQc9pesN6cfDUPQVvL1p8393E3h56q7FcuoV537eD3bdFrG5ghoAG
1774600556	3NTEm5e7otnerG7Zst5MCUJcuWHNznynMzqGAZi8jsTfU7qH2bFJHZMbTSc9BMkR3aQAZLasR5dK3n2ZPZZVJ3Fq
1774600556	4EbCPQixBQAddfeSdTyDP1BqYf4sCfpP4VXnPSHEwWFBfiWJxmcLaJ1ydGsayFebP869djd2eXdYN6N23UqTsDF3
1774600556	357jKnm5YxxXJdqGZrZupcFYuct8BLSJBBa7zVVfcHdvfaRvcrfFAXvQX7CLXxrTqkah69Q2G3ecKxHb1VdjiY5x
1774600556	4WPMv5tzimLuigbq4LX9UJSGxBM2Yv61v3ja6hMXwFHeWUUkrbWmeuxJccoJfe9x5jtPmqafvJ8xdrEx2122yK3V
1774600556	3VuEgFoJyyHfx5tqLsGAExydFBo3JnCddpJW3WrU9JccYanDZTcwyHjQJhRDhyrcUJTuJBHK2tN1SzyEiwANQbay
1774600556	5W8uzNGoy9ucEtCneEj5sJ5M7HoBCPhbrkbMCmQ8tzEq6VALvv9PHM8fChpkvTLyhYKBeci8YX5KEZcXxm5g2a8v
1774600556	2hSYwWH2WUggqQk1K6RY2zDgzCB21z9bWGGNJeCmqcV6JvwF6XGZz7TRBtx9wyyXdeXCBhMcUnpP4qz8teJhxTXW
1774600556	n4rbv7rmzTqGqkWPoz2rE6iX3GhabNBi3qzifYFDznWYhdpGLN37NXLHQTKL6rapkzexRoGnv6wfXo3KGPeEDVj
1774600556	2RZHHD8hoAtDj5fzAkspfrBL6Zp5rfGNmqmhgUExn55YKFpXvqndTiCwT15k4KyJZeG2V8uaeYSmRhnNGCBoe5dc
1774600556	5R4qH6DobX3EbtTneNnwpPKUVRueKGDKPwLaL4nxwz7k2yzTfsUAFztQUJTo9dxH7PqS42ZRRCB7DpjVouhSpotY
1774600556	T3RG54VfkH8X4g7ofRyLqVxLyzeWMbgtgrv1sGAWwYgqTSu4r7KKNLES6RgfnvnuaB9rYnTUijpda2bUoumR15T
1774600556	25Z4L72nYymJtgJDbXzLBS89g27DK39gVsvKDpuY1SEbsojo2oFSv7sJ4zvX4uwykcVBLU9cFUuEq21Vo5mELkfM
1774600556	2ZptbqnEkR61ArJXSfaALE68mAMvbTAz1dMTfE8ZGxQFm8EG7P7MsMiZHwdF9TAdQnJbPATDoPvarCBH5zfPaewM
1774600556	3SKgYhQ8D6TJgSotGiwKJktH1fkTK8CUfN1XK7ePGPBuPTFrArNoios99KwETwkKT4zQZKfqxz7ni7EmdLtms3RX
1774600556	wXVARD7J8EhN3C2PL15ma7myDXtJ2ok4Mfo45PheAkfU4sz3hauhx6i8pJWiFRdYDTKVXZXfNED1zWSv4YxJ8wS
1774600556	ycTjr6niFTceYNsLcjrf9KcHBNAhNwF6o1k4XwWS5WLAVsAWLGdREv6sb4DJrWtrG5rzgpnJejsv3G9i55vp6HK
1774600556	4KNF6T2yXSsMR1tc1b4VXt5KYXDVT2X3ydnWchFmEP5Yky7SCxy4mGLmnSTXT8Mju1VVw9y45MKF8jYcy7wwVVYH
1774600556	3wW5RbRf38myLsqXPesaAy2JvmfNnW6vRabwtXe5MSjRC8FHuuwjo5NADZWQBZtf5X7HgZpvQF7WSDwpCQiczkv1
1774600556	4TfCCf5PWY8rgci8Fg22dQVKWZsY3oG9dYNmZrcFsvh7hSGxY9LLV9xUbFYZLHc7QJe1xNVxS96SFo5Uk8EwQpPR
1774600556	4qafN43hNCD3o39548sMSA4b3dbyvHxZWym3V3iALr3CWxg6wPLR5MLUhxrZsRBPJ8b6TFDruaGHhV7gdnG1A9yk
1774600556	3TkSyRCUF1aLpJ4LovGR4in1ug52XyPqjG1PDQXDEtMAv82qAQdhgRT6eCaxuKp37w4ACPtFVeQC76dYsEh6cBtG
1774600556	4Qhpw1uFvmcsnoKKXkVBeD1oLXUwfeSoSZyvDiU9H9bvRscKgbit5DMqjczmdWqEfvVrphiid2ewX4vBU6wrTogX
1774600556	4v4K5WGMfZhyA7oKXA2RJw8rABoWpCWnzytxUSyhDkRzB6BBMjiLJqpR6jm2PuCGBbEFfc9quXTiTtFoGxCJVw9K
1774600556	5hBTK5yPbbjXf3WViZ3LxTQoPw9EkwkRddg25vCLJ9qTGQcC2LJ1mQcKSGewsXmpVUtFgmLnJr3ufguX6WXpdvCE
1774600555	4TJBHLfubdJ1QP52jKrPTHqDqEaLdPZy4qAWceQbFLKbE8x5RXDtg2JkM1w3V9QYLBhuZxvAB5ZFJXgdcpyXntfY
1774600555	6433zd2F2HcSnGo1JJrNUEoKmpDfW7gdmiJfvaVziL2k4Pq8k2Kqx6XPSC4FqApAgR9roSG4ajMAzQ3oFwTz3R5g
1774600555	vbnNUi3XF3E7f4eFkn82tAe8fyeWMquV8saSb4MLfT6d8WHF2vFzkTPky4htXCJkLZesf7ifcHzVw31eog91ZtZ
1774600555	3N3HxyQv9zzucqXYfSzMTMMu173Kg4uwG2tKxv4E5hB2dVzd1p5YYuJ6a5gcs5BNx9nzb2LyVgjxMGhzesow9Ano
1774600555	uQ8Zqgb6fs4XB2y6zMeBsTwke8XN6JDv41jTcXNZNEnkg3DsW56gb24KtC8moMkqMhapT168nPHYw1ocagurKGS
1774600555	4yfBZFYc6Qh8quxcJgZyujK3SqHXkZ5Gti8ehL6MkRUSWCddkoQnk4ASoHEUWgnbC29dydKkEr6aEfSoE3pVMsto
1774600555	5WrDRuHGBSYPWEDPubNYpPwez3VikmbFVX61kBrE2fLrejGvUuLKMMgFUtZct4ydc7a9iedro7oFRfaN19igquYa
1774600555	3ogNUBgKNpZtcFbw7n7h3NAc23CAbUa26bMoGh5Ls5HBFQvdUbQeDSnLQahHhAb34Tt46iis7EvCYhjVnq2MtDEH
1774600555	2Bjs2mcR3Ppyrf1ZuRVqXyDXVkBDcYDigg28dRJNqxbf8GnGsYVmx7Uf16xf226iju22FJpyEpcZGJzGyc3yFF2i
1774600555	4gHYaYpThCCpbj1Z9Q82YsZYM96r7CpPnaF39Em6Ef8cNj7zKF5RUqnBcSQwGU5xxag8nhFNYzodWxdDNdfL6nVV
1774600555	129A24RyvLLVAdMq8hLGS1CfgfHKGYme2HzCQQqN7EtzpXSxFEq8oZNjwi44oxtT7qZ81G9rFy5ULsCUUD7m41jE
1774600555	wb1xGvwecVJoQizQqxZcKL5sVUC8AgW2j7e3pr28Zhii2nzEWT6cj1Yh5RofRQRzigUVxX9wzK16FP9Hb9x78vi
1774600555	3Q7R91XTBgYgnSEvYiVVrvTdP2VSYDbzrVRHxVu8iEfqTVNdHDvYcXZYxNinZzQQ9NjaH5b3ZL8b2u8MeNEpitGy
1774600555	5Y7VAkisGE4MhwofUwm4hVyMZz56s9N7xusAp4aNvhLtMtbuPDtsNG6h1qPdQbmKn6nQhxteaT2spwA1bZQrNd23
1774600555	5tK7Q8hH8sixLSUZLPSmf94HSvjyzQceioRiGXxcpCxaE571x1QACaich3hRRsE6tNo9YSs7hsQZprxBmcSxZaxX
1774600554	5hnfjaiakAqY7NbcEhf8niHL2CCRwoUvSDKNRG5cFtWMGp4L8vgv8bmB5AAXphWCuh2py3G8unVBsXjFjqR2mEQM
1774600554	5TCpszxto1H1TNXyQF1iMA96zSDQhq8e872fUPemYFcJwk8QU9Jsz8SVVB7rBzX5d47eW6P5QHiueyv8xnaURVwJ
1774600554	3cfB4uSARL7NpENNBLXSxhUzGm5BnhgbPZoPpVmqtCaHvjcSqSs7kiJpn6twnHVsBfm6p7ApCU6zAXTFDTG4iFxZ
1774600554	4Q3ugG8NgT5TESpyahsY2qbAoLRQ5YQLLWQPyU9rPBrt4iPJkUYmGn6oeWDfPi7pU38iMDoBwW1MKLYJ6aaSGNtx
1774600554	H41WB6bNpis5EgJvUrxpSAKkbe8CcFxxLxCzH3VkoVzZJjgXtdr3ZsXKwKe9vf9HpprCjy6YYEPQhd44bSJXrpX
1774600554	2ZA2veuzgroVb6XFnRXnmEvzUqWRnM54EhiTThkTKXppvQoubqzLfThDUej8zYm5ZViDMDtQAVKQJF7anbYVGj8J
1774600554	2Dc8TBect98JLjGkis2DVAmqMr7QZB6gSvMaPqSEtexXj1u1p5xDnUVW61ycBgcDKGBDwXQcdaRe2Gk59PHj4kiL
1774600554	5WUdgP8TtUJeqA3ttwaBbELkoJqPApMvTKev2LbFYeBbtGJbUJuU9a1Y4eDynYNQQiAF3tiWpGxoLuEw1gf3YD4y
1774600554	58to7WzuWKomc36EEGmawkAj1UUZ92Pg3a7ZDPNDhPu4csCutHjHHv3K3TmqRsmXuPzq7WutASBVFahTsXpJkbWB
1774600554	XVrAqkL33jj7npY9vYPZXbQ45pXZhKeF3sUEFvf5ySRhHnxiGkrGXJehaLej6WGfziH1G46v4ESC6KagFdpYPjg
1774600554	4d2L44cDS91Eg13LEnzcoBnYbF2VPqq6s2cRpoVUZbbpUos62DsFrggN6Xns4zEkUVbvtiE4WHSHMfE9QyMc1gwZ
1774600554	oM47EsqQrrtNy638x1ySe3dhQeYhLdJpW2nsVWRR1CZB4zfGkDxQ5bteM8UzF9mLWTkwoWqPk7GpY7nXUdvd7m1
1774600553	5c2VykJN3C32V6WRWmoxGnttDCXX2Y3vQdgiSBdKofRebMh5ByQPjyGpHoXYSjyE79bkryCgnM1zEt1PER4ycGWA
1774600553	3tT2JtPHvrregJqDLAuxgWYq7ADbnGfFZqFduZccanocMrMheWMdFaPAEPv9XXqCrepwHV3JEAm3aVCxVZKLtztB
1774600553	5TiUyuwrPqy7tz1jXBZEwcNSDJq7ycPq2DaKez3TuuTNxz9wj9zjCkdVZoedfgaEBvqzoYK1RsqhNkG5xNQy9N6N
1774600553	3yHdwYm6ykAXDZgi2sZKZw5xA72RfRAdD1nyLfHevgJLLPBzvL46craEtraJZAGfRwReGqqbGXs8WmBDdtSDYVKA
1774600552	61zGtn58yJRju6m5DrxcmTkEKqtd87KquVoW2aYAyhzN95HBomSDe8sJUui7D1kzrwWTimZprvYYBWPkAQpq2uqJ
1774600552	5anqMqsSqoQMb1JkRS4tNQGWBZ44v1iJAR4v3YEEaMcNpWHLR1xmZSAvGGGkwBcREu2w6aTQq5AEsjmEVkBv7gQQ
1774600552	anh18zA4EnjJtoanzoAbE8iCiVecaHh4i3R2aQXJ6NQe4DN22bfksXVVMraWJQoDRbhXWBLaBKu4o2eLi6HVyXW
1774600552	3h8aZ81coCNJZNC5jFC5RPYgpkFAtK5MLnhVw8wTRaKjyoJqv5ZDxi2L3gxmqYs7rDTpLatYaqHokZBSFXNbfBue
1774600552	2ziEfTFEsQkGwspRwR5LHx4UC6uEayy134VkstTBomh6wboyKw4mM8hPJyexMo8hu4VSgHcGDx2pVkJ2mmn9JJs5
1774600552	26VbY8Ku5m1hVHLw6CrhAdcgtv2kDSVLTgLBtq9HVphDxYqoeeCkGzFcBuii3TtuxTu1LjMdC4Pm76epgsTdiwVt
1774600552	63H25vUnDVCQ13zU6vzWA1VyixLqAj6w12NqtQTCUKxL9VTXngRm9a1yBdqCRB7bfaexnS61R49q5dBBbvcn8CVM
1774600552	2HTGBAdYBGbTGm3Dor6ZXWAprAk2rsdVc1G11YxRbG2fwoJTLgpbnbULhoWtRVyasZW76FN9FFggvaEiCQ1KHPYJ
1774600552	2cQvMXSpr5M95p5dVGHmDSmkbxr5mCh3kjcT1XVyMUTeba391iAy37ARgQAYBaysq4sZiJpTsk5wer3Sqxzj91yY
1774600552	5m9dpmWrVfNaDvBwKnWKy1cbCB5QRqZ1iRdBy2pUYGc7xqvKVXaELKa9q25NHvDVUVy7FaJW3iZNEdSLsiCKgZrM
1774600552	5apiJHXfsbCNPcLFE8USci5WtEDqsXZhJYGfyx9VDYFqGXZxc4sct6Q4JXemHMP4JG7ycmSGE3YDHxQ8cuBcnhwz
1774600552	26z118xws8x19XXWhDb9kxZ5eK3KXNC2Yu31qKWpRtgXTCAvsKFahwJ2LKxjKy6zwVfVvpTy7yywC56ifxZDsonM
1774600552	5mnzccq8UhEyLMZVdwBEYYyK9wL7Ez4v4gVZmFTgZ9PaubNi16N6Q7Sv7eHkm6Ei2BwocbomLTcGSjeXv9pDFiVQ
1774600552	4BKARkbfhxcpXM8vDkPr7uxN5kKZ1xQMneoGxEYesLkYqnigfgRHuK59y79SexBe9UqbLsBhhVZASiTqu39U2X7Y
1774600552	4jQ9rzAcE3kcsfK8eQegGpEw4g1vZNUuLfHuejfVCZevDvz5TeWwCKzfFGwVDknUN1zuLRiNuM9A3mUFP8cYEmFD
1774600552	2nGgBoZLt2evXyABJbJGaXcRszkgrs1pgk3RE5BHiZ5ugMzPGvXfWCTnAdcwcBaXLRBv1b3TP2gv4GTUoFp5MPp8
1774600552	4qEKdrnHNuJoxVthgdokdkgAisyw92RYm47hCJT4HNjvZ33zCoNhkjHEh9EQNZY4kghtTRsGT5q21yf4hnjva6ds
1774600552	5ste2Hd9yTe41DtyaER6QzdjfmARjGrzb2M1RvgZwUGAcbtne2Kr5BeXHu9kun6e8uyqRYDNsbC95mvr7DCN6WzC
1774600552	5SV5tq7EcdFzhahehot9kAyfXAzRL2xJDsF6ybhdaP55B2b1ZPjgeLvWcWcGvPdk7ita9jdWMG2DzwLm9ATyyoDW
1774600552	5Hcngowaz5gE4FT8emaLHviHj8R3LA7ptNKPbL94hSuERedyJ8GABGiXrLHvRcHbE4h9xm4Zs6YxDeXaECoethhQ
1774600552	2Xu6x8voHimtD84Ra5HWyYF4CFjwqYtYKATKg578BayJSvPTGnxUKnz7eQrZM5EUwwTnNAhoznepgBkxqFZwPZ6L
1774600518	5eVNxke5SYGm5KDDmDLgYCSZnDfw7Fvtw2JoSfXvYhnRnB2UTQtjkHJwcbUyf7ZJnSjb4ah4agCB3YGcVfM2u1Ss
1774600517	5or4zJnsp7pGns41i5eQLH5pwsvF65Qp1iE2bw8VmvXzEumKcs6Ga7wr561WN27wc35Q2jP8sP99FZgr9azYzcsG
1774600491	4YhzuJQappoc9Y7dweEPMi4WEPRDdYt2D6hZdH3329f9o21XH6zawPy5U7Qa2wkKpVwR55WsdSubcHZzonvWV31m
1774600491	dJtBMBN5PDgR28TkuYKYxuSscWQVBoWaazZME5XQjRDLnUJ61V5fNvGqkb932uS7QhiV1djDBciXpCQFbRgrvE4
1774600491	ySsAsALzsbm2XswSsrgnpdC1u9sU4EtesaEFHXKa5VirN4n2YirtAk6tB7qu8iZQHhvUvjZA2LE7vtGvdQxrzXy
1774600386	ZJJvY8xj7dQSn5ZybMKzJtkv5yCE7a715L8jaRE9TgxsYZExXETFj7ALX2TF649BouDf7xyw3FnqyyNki2ePhhu
1774600386	3ccQJdoijDeZxABNBGWRtceNdTvV7WoRJSvVkdAGodBLTXxnxsnZsyzTUgh4UPT82VXBsdyAFaFds9b8eEYE9R7X
1774600356	5SdRRLDvcFxSaHJQvFsZmQeA7U4SAXUY1VsPXW2S3tE2iv34E3coKDdvRHq3wXQksT6bUiR4bsdMmHuXghnM96Yv
1774600356	57SD7Wj3htjGrUwNZQ9Ciz3qN2eANBsxyGDe8eQRGZJbNQkVsCjGFVrxJst2iXcRYM1NjnrBqj3VgCBCKwERTpKn
1774600356	2LUEzKS8T14uc7tZauDVdVRbwq4BZxcJBrc5dx2fRDyMQPWD1gREf7D4cLYqc25WBsGW9AR4sdhysWxtoZsXtNm5
1774600356	2evJZa6rvKsvioGpCeDiTJQctxJ9iFq3KnKvjCeMQtmqc9Fh5Jp66fTCt9XbdJnj3s9C9f5tWAQ4wGznCPzStwB4
1774600342	xbFQLAQ4RSDG1WMG7uLoccTfAq4ppA8fj1JNhqjdukdd5vbwme9mvCNc9EjqnbZM7vS435Ma94re9Q3TGtud5cH
1774600310	2nqwryzBXyUNfUF8wqPNXWCPzaJXLfrPYSnxX47vkUjPEK1qXNTKoJc5rjQJx4atRc6Nm84YZFqsJS4RS9C5kruA
1774600310	4uu8XNztULrSDskv57gJYLeezEQtreEAmLYJSh2KfaadV6KpNdUbmom9kdxhyHGP7DZTF9QLz9ny2up1WAKFLvb1
1774600309	5KXRoiG1GEaNynwx3wd1vsW4rsV8xbQ6pUfsqfdPTYZ3zd3CUQSJc63p9cUXNqwcPyBJhjidrVSd2fAkW1MWWDEL
1774600308	5ghoNSCxXo5QADXf6KejJMTvGfeF1p59884yDSWVBTUndFN3TombhpeeUMahLc4iQhHso8CvQy1JxVnHJYu6nWpt
1774600308	5Q57dyQ7HtvgPXG7vKJwDpNSRtPX6BzmNphmY6QzS7RA1xG8LFyKdBMbHnzso8ohoHUYfrTP7LGDWdqGnq4VLbmo
1774600307	4nAfqZ39EcXD7MgvEmhKXvx8zKswb58CzRkcjrjfn6j34a6GMZ9tk132ZqzrtdyjGq52Jpj2GpCgcjX6JEWKu8XW
1774600307	5VeWY3NmsMVLEmqsXvDQbVxMLYdTjTXa2dANZUfHmGWR4K6FnVpDWRaQqReXLdSWcF9y2DpSrXWRLjMTkTACXAbF
1774600307	3nu87Prhfg36wmggwZvZKLCsn3ZCUvH8TQeLFSecLAqaYauUcBBd6v7KbadPZjxauhmVzKJcuhRwjDoqzDcRzY9S
1774600307	5Ew4zi4f1YqNsRxHb7rmd4Yj5N7tiQcrXY4kcwCUcjqzKaLGFriBgSGoDjdfw8HKxnZeqStdYhukKcXecYA6s7F3
1774600307	5Qt65up1M15rEy2DFqUbFLGeMUGixejEjPo8zL3SCVSb2C8ofWnedcPJyVVBSfjpbDPUYv4p9FauqUddcoGUUG3p
1774600306	N99jULx9sk4Ccz3381ZrWSvJzJCPiEbJahoSKafkErYhMdNDN4hKo4i8mGPLryAXBSKC7MJKHyyKjGQaQRgctCo
1774600306	4zVEPZTpaKyBeLBrEKRqHeznHNNKnBsBhaTzQGtTWMNC3eWiuRiT9UeUjkMkTgZKuKZuDY6sh3hEKQ49DMSpMems
1774600306	5tgGXv42i5xYnxYjvd6mA19tncZr8D5yjZDD2YBtAZu2xgqpy9JsSkJYZ2pUL5iSiSA3B2rVj5J2fdd4FrcXNwKG
1774600306	W3hKqtg2gYYjawo9wzDhTLPKSxigtN62fUA1PeYgYBHTuNF58wBg1po1BViY4eLXQyX3CWU4m5LxZNXrXgesZgm
1774600306	39ZEHFTkwHoC6XYYKXKangyjQi5tyWFSuwX7EfnKYpDzFUF76MB5DbEvQmSd9U4h6vLuvgYDzQeTRsHVPRukWYui
1774600305	3TPVXVf6LedSvVwt4Qe16nP93qnmaWCSnGGboBMFyKHpSUELcSE3xQecuajTvMTvKx3UmbYm5agi27bTD17DckXu
1774600305	CmCLeysGv5Khkfgs3dKr86X44GGcbmNrUpTRHZiB4iXEKLmguxBmVF4R1jeykAUZQ9ZCJNP7Tamsu32DYLWzybM
1774600304	5HF54QdU2N2ibdcuBzHbnfYDpgATA8yB5W7y2ayeFnNujNG1XZFgoL4xNT3iDGA5oeB1m8e7Cgxi9fcULh2QfPwy
1774600304	4PU6y86Sadg3YAxqwxU68E1CrwTWV4T93Zp2qWJxKcKaw7ruDCvPFGFAJeUBrbvD6GeuJGEGHFAmEJLQ474NqZ4i
1774600304	5H8EPj6KrjXfRpfTXJipUBEvku3FhQ1cYDkcjetnQMaDwyed9h6p59qbbRncL4LntSeu9eX6wKbSJPPriNYnKwMb
1774600304	2WwLwmmufNUtdBnM66JLe4Rnim28ZYpoWGcYt4PmxFg1mD4tyDeTQ4B99XiyoFH6w6t8jYyEew4DwQ4s4nmNbAq2
1774600304	249oV28rXRPQU8LKHVWb9iHe11MWDGANkkwa9QJQrHAmQKuJvHRC1FnAQQZhwLtnQmAci44fyfJFQmjyh2gG8kLD
1774600304	66DAK3mBHrBMVhYRV75S6b6g32zK1Zg3j4DMoeUkj5Wf87VKFQBVtQNTWeRmDnqp944GAkFwLRA3KdXef18c9Vri
1774600304	4QLpVw7hcPJ92waN5DJXwiiqpfJASaW97YzWK7dmJM1WTEjTkvPHwYsVxwpCZgQSSo31YasrYgRnK8EPcpv12jad
1774600304	2Tx16AbqVUAc8N9AQtQL9eu9Sp9eTr7VHU3bPDkU5bTgsCvgMKXvb6ohaEKKWc6AKygRpTKbUbycdmjaaL9dnQ6g
1774600304	2MeN2ZHU3kJo3cx5hgkdsndiR8twkFi32n9PKp6yBNnEYq6SPW46C3ZpmcoMmQJg6BrpBQik66yfd2pUc8MpeBUG
1774600304	5in9RWXeCF9e1vBGAmVLDmZNuH1XrADvrCRMKedVM88aR9u7ptsGvMSf15PpRDJwk4KiZMcMDeQM6jECR97gdJNJ
1774600304	3ZwK4u1mD9AF5iN1Ab2iZ7wu2WSNzwSk8kk7ak9SLT1hfmFjYrHuWaAgmessGPgiusf78CBTVmpm7Mo6ffEAoJ2J
1774600304	5YjPDULc3eXUMHG7Hun9NCS2ibcvp5DTG8kuQ7SQgqvX8qwu3ePkvDWyNm7GPzvXbcY4Ev7XKQZ33Q2A5bHbTFV5
1774600304	5prV6iyVKSV4dQgHNPiZiJemLLC9YayTxBLbwgaF4owx4gcebxbVM14G7TRbAKzywQeYgvZm5piMBimxRKGwuZmi
1774600303	3dcQ2DgNL43DYsQvLdocrvyWWXo19avN83fVGBPpurBxQM5uruJ2ojcdKC3whYNXpLZXAbiAXg1HDsCjcEptiXma
1774600303	4LbJQLEPVuwKhsy7AxFEDHP6haAsZF545SrDjULAXgqqTtjBGGSaLk4HTmZbNvUJxzadshqtYRGEF3xvK8ZNuz4n
1774600303	4N2ugrpVkNbPPife1enBuvjsX9Kbuvm83nLXxpCojBhdKdBT3jMByQrm5StwEfuWJ4f7V6kuZ1jzeMZzQTfvYAg7
1774600301	3TyK3MVt7Hgi4qa5rFjDFNAq1CN2EQiFEPjx9EVmUavDVVtyXMWknBPASc86HokQK4xyzSBXjTepFeVXK867hcH2
1774600301	3kRA8Z4Feki7FpozKPcRKVqXcGzfMTPCwyZkwik2c2TXfTQmAdpVY6z7besX4gke1DCAyu62egzDxGz3zPBoXk1j
1774600206	2FbUxdCD2bEknCZtYs7Cuq2UKrcBcY6PCNmENvkzz2N66NgANibbwspmq8JQ1wVJDTX6hd1DhtvhAUT16mkcsmoG
1774600206	P8mETKSSuMdpr2HHxRyT4qBUxHfscV82JnY8BPxqmPAFFzRuXrLZRVzbTfm4ZeC8Rsa9DjZvdk9k59ezMgoeAnC
1774600202	23Ekn8eiu6sENVaA8vpm7ixKChWAEXMZnoT4UEWpbz5hPk8tRqdS3iHpniG5fFmUB2aKDK6ZEUtvzPFpW2XhRBkf
1774600202	5xHJ7sGZuHUnhVKp9RxBb4D9kVxNEvk3XmWA3mPfXk88Sanpc4swMSs6GLcBht7zAVNwGTMEJ1NFH8VM58kVKyuv
1774600202	2EEsgnYeiNRTBYLq7cQuKP6AxTRwZo9LtkhxucDRdBbEBht2zBugEj7BjeHWi91Hgcx7QGyWdE1uRjAQj8zTAzxX
1774600202	3sQNmqYDw1SSr6Jn5yEW5mgQ5ifbdq9tKaWcnmYJtbSmowUpgMvAvesnwrXT1s8ie7FqmhzRJnW31kqEh4L2so1P
1774600202	2tmkLzpZNhsmVH2gEaWp5czjQv7KptR7WdHciTdxVfWNrzF8wHGNLP2jxqLXNpF4SzAr7KDeoLd7fWFnBHhroZdR
1774600202	24Xb3NBQrrTCtiJUPy687TpuBmxKi4bgPFP5gL6jB1BMXjLMMPG4kQjP7gYC3JbBa5xnXGiSxHBhTzTm8H98trnF
1774600202	4Zi9RaYu6fvGdnfjdRde15XLrer6ocPTM9srTqGdFWogTceqRFiQ5WxqCQC3n3qRpbTLSyPisK6zUN3BYqKfRVn1
1774600202	3pFsuwUsUWxeyAdNtdpicAan3ARwb9kExuMBEtqC7S9wooFw7psf9uV8opqX139CtWHs3XSiJMRw5eSdLsdyzpeU
1774599924	31X4n29EU95BVCpnLCtwXa2Dg5vkXAurnzcsaHPpPmyGLqcqZmSFQKbNfnY8XT3tGBY5QXRYuSFmnxBzvHjmBqAg
1774599795	55benxVRyBMoKBtFt4bkajgQzet9uZ92D5jHg7txYnm8h68wxuBUJNPsVzSUELB5k69g3zMBbxJt7kugCTdjFYiP
1774599767	4jnsJZqRacr8Hi1mqBmCXtfqMrMEqL81Z4fwuRYzNafow7mbVT3qxEcqyzgADH8qTVU1hfTsVJ2uEJkKeP73kTN5
1774599418	4GAKbYg61v1CGWtb8MjZeUHYficCRsAhyh6b8S3JXcEyHDKgNTSc8t3AYJf1Xmr2mHb4Jnsss7mt32g4si5B7nZX
1774599340	2aLpSMNKKXHCVHV79raVv5gt27zha6ftFw1g4kcPHzwAgg13PBb7Q8VgKJH944pz9BoKMqf8h5imbQKEyo2LYX8H
1774598902	4dLGpqGvz8mbEnEWn5GGUqAJBQDqpUjpfvtJyyLquoJEULhQQVSTyaypC3gdzB5w2hMWwtjd87EdG2FDgoTRnHNw
1774598737	3dTguBTC4hHn26ipwuYLv7yYBvnwaVfCJ9eNmPDeR4N8uUoVRhvPEYpRxgKnKfDsPKkzzgd9PXNrk5UDrtPtXSRm
1774598730	62d4wfTJ6oonXKLEqom6qjFtDGVnUrj2cuhVjcyGysiLEbfkECZWrzjPLVp39g4H1NkybxY428H5wEJFTNp8Qhtx
1774598045	2WNjV42vsCAPnjuuFqnbLiZNhsHNaRBvXabmqxWqVCBZV7VktcTQPuJxAFwwvnfhfqXHv3nxy2YzdaecNku45VxL
1774597543	5sndagKbPTNgnebTBGd2KMHLc4creyv8eKQSNVhYCSrp6M84g6Yyi7Zjb13gPSHSZYdqu7c1YbEySMDRFWQQmSez
1774597504	4zwDTFKdoX8LidaPPeDjLU25VnbPR3TuQ2uibk9wwPZhLf7CiM9EL7eFMXe7uMXqEoxhNqmJ3L3EhHWmk1WMezFv
1774597314	3E3BiPLaXA6kAo5yBZRJ46u2oXBuB5PnmVEFju39WFHNx8r6kJMqUpjVyYNbKRAiPp9qD42gHjXrUtEM3VASfHfK
1774597262	GoYT9ZKGA4F146SFffqtyyKvrdN1uy8fvXaq8au9iHF9Z36AQKAkPep8q7WxSQ6xaTrU9hvvFvi2xkzgJb9DHBW
1774597252	3Dt6fx7o6S4JKqsQ4LTwPkzZbPSASfaessDrusyU7hPuygETujscP6WdVgFXtbPgUJwbfo2a2Fs7ky5EDRnHDP55
1774597244	3wpgZhGCtsEwihseS2xMtP2VxziFHfXhYNB2WuAkB6duqaFiQPCHscbmt6PWRCoDzSXQi71qwhtC1aKQ8YNWeQkT
1774597243	4r6HA2eieKJZWExvUk53TViygdts5aNU6CKUtSM9xskmzaNY4fxSCGWXYnDcasAPSWLMSyak9PStKpYKjtvDo2PK
1774597243	Qz787dWUFVGgN8di4tQ28qdoNugJTTzcq9zWiwfu6yMcJXfaGeZ6c5omXn4W9YHTqRnv2wbKCeXLZf3nQBqHd5L
1774597243	2zWxiZT2APXrHx7a1uFFuVpqK5nL9bAB467XQcU7E5KZoiyJ1PRLdC68mE31rwgeE1X6sYFrjMKVCHApxdBEFHgo
1774597243	2hGWrAYWzpdTWnUcBc51s1UjWBAyXMe2PGaTEM5Xjs4Duzn9a27WgnXmjhPBYP4BWKxeSVZJ8h11FZtGmCXhmpLy
1774597243	4pnQDX3LZwijjZ5MNVetjPdY7mRcaGXn9yaCwes8ffHt36ftmu5dSPYN33qVcmoD9oH88M411JhEVUBau4oszsVg
1774597243	QyJaNsRPTFxRNnM2gF5WWA4azVnf6z4fuxrcg3XnMK7qWEM8jTpn4EMjcuT2qW6mwRQQHt3o9U8kAtyB6xVnAiK
1774597243	xn6hxNP9BVEJ4gBWaCSVSBiZNZ31NkjLfuCnfzLXGAqxhPn5Yn5Hnx9QfAfZ1FMbQEveN6McZLZa7Smt8Zsv5u2
1774597243	jYL7P1WWMYCG6sXK5H1ozGvHtbPD5RtvS9VGcJuKBNtBR3CRsEAYD4AriprcwgR7brMzH1o7TR11WdZbRdg6Wra
1774597243	5xjtQkQk1JH3Ltgn9jnXBJXYiqJv4JSMWjBBWNEhhpN48hBZriuXzgoQWazfea2tBJw721zAuuGC161xGmJaodGr
1774597243	48VGc4dVuhczfoNpxYD83XojcmovJjNLQURDnkzznbpcYzwjqxiW9n8K4ZszbALrMGJL3iVRn1tcmtHUPGJHV5tg
1774597243	3RFKBNLB6GuwLUFUdCijjSswDf3EP9bxs5fV8xebfgbWW2aBWueHagKdT3j9agS9Qv5Q5u6rAhmJfaBvt17tko7F
1774597243	3BMiZkeXbBjfavtps9sSKkA1Zm6rbADye79xLwDmqYAuDwUJoD1mTFfuhxeEj4jAN5oh51Pwtnqs4GUSqBxgjxeC
1774597243	4qTUmy7bu7veQdNsRB7ASDEmWXa5um6eVBPMBcmbZWArKnRFUKDHjHsJyqSTVQNTKPytpTeY9h8TENDiFHptMciV
1774597243	5XTymcXFdrdqiHUppZZRDW5aSu32vbWzW4AoaUsm2CqZUoQx7begPYLyeFSuKBTsJiB1oKaTNbSXksReeK7PDT2d
1774597243	jqH6X1rcwpDvvNRcwfKDy8fbDrFeVY5QgwMaWrsLbEtxjHSv9kyiJ52BsMPSVkYahPtuwDjpunFSJQgvhZTnyP6
1774597243	2BaMzQi4ZiBpXHD5K12cYWqr9ShP13Na4ybaTHa8AP8fTK7sTeghkbTfvQ3DUjMdLpxCPD7Mn741rjdfQJkwRyiT
1774597243	2oLg2GiDLTUR35wLXX5tHzTfuW4MhYnkAY7SdojphzLSWbtmKrhqStwwLZ5Ka3AaF1r4Y6z2H9k9HLta2pQCKfM7
1774597243	4XF53ey895usRG1VT5GXimFmdqhrsLjqE9ko2yuX2gxu3buzxPYmEdxS9sUYv9TD24vPiPeeRreFn9Cok1aymQ2N
1774597243	36FgZCTqmF21pCZMrpwxCNDfkTbMa2W7tSL9ukERXL1Q6SXWK9vU6mgwY4Lx9RFtbXiztxVmDuuKpScsvShuGDm4
1774597243	5FccKuNnRgUae7wP5Dv2yoxumBQGVHTM1nWA56mdHoTKfmoFLMjhx3U3T2xVewuFKLw8NRB3Gii2V614GPkvFQwv
1774597243	5HvpYQffMmNhRaLPp2VVkXEVx9qremNTZzgws5DfnWfce7Wo3GWBBkmicUpyQryfqywgfjdAaR1UYZExvhZSczGV
1774597243	23gSK1nBrRv26HWSHg1dXQiX8MpRtnhDXp9eCe4Vbtey4p31PECEmSC1oijxBv7GJEiWV8UjAQ9USzx1rsRVcpAq
1774597243	2qNDpuUdzakP9ZYkh5kZJ8548aKRpVtEKkeP9z3b92vMbPgXyRyo3yTfCXsboSP7rAagM6odW919ocYWq5WT2P5W
1774597243	476YDawZcbxcaeonyzuGymUP2hnq2nhNG6vm5yot9A5FmARQeH7ViSYDyYDDYNQ8YBJErBy3sm8D76auBxDn4rew
1774597242	27iqUCAUrtGkE9yj2EhaMgbuoH8M4PjwPwnhBebsLYmBTKsnVyyTfX116PoNBvd67yfazMoh3XuRB7uEbPb7g2tX
1774597242	2A77DpHeRHLv8i5757ccMR1CwW1pVZN7ky1YLmJGom88GW4rT69KeocnS8TUTGe8tb5Pv3Wos3cvriXBN4pz6PgY
1774597242	2zDDQYKXmjHv78r6zWs3SJUS9Gt83nbXrzAbTRoAJHEJ9zsQdBCN9dFwcsAbJSaScWhuskexykCJ8cboqgcsKkwv
1774597242	5jojDE48dHTBtv8NnfryUhu4CVMPokbxLnZjkYkh5aoxHp7x1iUi8bW2t4HWWEJPFjnjyAuzwMESx9nnqsV6Mfhk
1774597242	3mfeTeNGHUfb6V6txGe95JhwEA5UZJVrE2xXUG5xpftjuGctHwzfZVxLJREZ9EbRfMi3CVWRrkWc7kd3q9VvwHen
1774597242	51oAbtefC7HM5DCptseHLunGaaASGSQxTLP5KcpXW3Fy5GRhsBMptbMrSdppso2p58WjQuRup1HvwsBkbCkgFnRA
1774597242	4Bcnfe3wSEmT4M339vHGPLJ1jRF4p13zYuP2y6jMUyTJ245H77cXYmGkiGHo7mS2DWCXzJm21JZn7aimLPqUkjb9
1774597242	5AwJi28qKEj8drSAbjfZkuVV3uDyqftEjMGhdPUX5hF5VgykNevgPBfn7DhumkdYkCMZquh7aGayFNZ1G8qBswWo
1774597242	4oM4tTSHjMZczpDv8HLy7fVRkVQW13EnT43vhBuhHpvUDhLppVhPP1Y2fwSL6m28wj7dDtioHWnx1MGUfVYfRcxf
1774597230	5kdBJSDVFd1ZewZufkHzWJe9iK6j7EM5EthcRRS32odNvrXr1Zm8vLzyrDAL2rzJALK1djSApy5FLDiwDB9jDMre
1774597230	2DZg6HnEN8NvDQMJTiFd2Ycwetu5VWfW6nVV6Z22zcxmduH7nW3t4LvKKTwN1WwpfjpPZHdyvLU7K3kT84zDed3T
1774597230	AgHfKeBUUwBgFwaJSaqde6oBh2FNSfsxqavU5qFcnzhyX5da48g1NhBC55asuDLr8mSJPthRZydb99ci4VFVvey
1774597230	2zfL29swEibXRyfWTeEqTz12cGGbVHyWd5f7pa2sQSFySVXs87FxjAYdEyoWf3JszqwKrArWgESUsa7yiqWYD1jR
1774597230	3fSjftDcHZPJUjxu164CUTwunhKvjAoB6n2jg2YwWsKMJCe2KzKCFvU1QBgA5LP3u4EPSaythWhetHa3bhWqGRUF
1774597229	4ac5ToHpHDMnhGdZYuS7U9YcTqhntMC5rjyqnyZfiTmLYpnL7Uae5xiBkx2DPh9TZkgQtQNuGYi6TU2bqK24jCCd
1774597229	3TJxLNkdwgvoTfYY6nYT83gAWpY8PVtz9fDRPeXKzfhTYfG8hUwyvHd6SY2A2WWgTb2gvJEBCSVEPMKAYB4u7xZ3
1774597229	3eHVkdzxv61v9xqe4gNsq9Syo3autRDbBMHJDbY42NEVKMA4LmzVHkHMoJSiKvSYetzYnKdqMNkBd37ps3xR6e44
1774597229	kRZ1y41f4EkAyMfUKMnzEjFQopyrFVfmLxnsbHyhwUstRLJSKR98eeonG7of6URWMJe9QaY7WDSsVqbr7Kz1VZG
1774597229	2sfgkC9gS4zusJavT8VZNmtqK6MyqDPj9jbuZy4RkDT7bp9PC1cmAFthKdng718cN77cvxox9X7TjmD3eYXg3tPb
1774597229	5WJSAxDvRPYMgmbARJD6cuuqi7awSCbWBsCrcLrVcQxT5kfGUH59HmXX2eUzqpe4PToT4VuJzEfrXEhKbjCnHXAQ
1774597229	4XzmAuez15HMPCxVjoYNJdYht8pioo6JeoZgxnmvMdqx7jwnUrYHY6XCamNU6HAzGL3ratsbRmsq4igpcepirL5b
1774597229	2eb6h8Lz2Jo9qTHgauMT5dYUyqmpNYpLtZKk2cPwUxTPGvnypa1x5XGQ5LDLPoFGZ2mjTJJegrxkcr4psJyQH1yZ
1774597229	PggmKoT2BazkBCGV41yMgYVFr7aQtGAmWkvBkmPJ7XhNzQsafXaBvYAb2rKcoCmeV56f7LWJ9uunii3XcuLwg8K
1774597229	3WZPKXcksyPyEBKKShM8Wv7EbwSzVJ7hMqjk9LH8M3P1CdeobXdbTvi13BTmnR2c4PFQhUkyhvXCDqXd1P9kyN1g
1774597229	52tKLhxsw3z3be77oZnHSoV1Eg1xBZHhAW9V88uoVwbWT1izQGwZTmcLLTSvPXkbpJicH7tk4yJmEd1XqcHPfYjL
1774597229	5xZbv9HRXmfG7QNqVtYy37K9m5dbvAkQhjFxbeaVdCWE6H3PumQuWn7rwJzdNY5VrYVo3gAjtPd9nwYmxBmxN2Cv
1774595457	5XpovD61iLeE6fkX9hKKVuvVSSd7rSPYm363wwKAovEtWkLco1R9Dok6ynhqDKaUA1qRHbHtZDvye77AB3Pw7SzJ
1774595413	2MRZSix8ozSGmrmmYEwoXKSibkc2yCVFp4AeGDaGYp7dCXs146g3f4bjXrFtzpe5SX7u7BgmpSERo2drEBAAc5Sa
1774595413	4SsvJpD651JnArcYFmCUzCbUWPy1c2ZNyEPK3S8nX7Vc5HNUNeQkELwnM81FDSVgQWQqcnEMxKV7638JT9q4yw7V
1774595413	5LQt9qS1RW5qHzLXY4bGZS7ccpaqSo1cXpMviQgw6hp5mAkY32crbBMP45gMZgoYNBFHEG8X4AHS2EVtkEW7CRp9
1774595413	2ueRhepz2yxVJCEqu3HKBpEpKVDFV3fq1LgaGqaR9PxXUK3s5vReZvRqx9nxTLHpz2EkULfJ8njmNFpVHGX2FHD
1774595413	2jUSzQCaxTA63QFJnQkimR7VbcaNo6wrbWieBTQzgHF5DR4vCwHiYoVWv1QQfqEQPHzGu497MH66dctqY4CFK72j
1774595413	5BrBQmjdfMadXZPZWCduXAEE4uKqtrMnkdcYEtYyCyvGNBoCBFAWh5RkXtHUhb33XFuSALBhFmoYQxQyCDRxD7BQ
1774595413	2afaTYNq9TZuVMKiTGCFu8c5Fo2sEk5jQgbAugKAETR5KLUo4NrJrnCUrX3DSMojXesRq4Rbder9WxNV92An2ADm
1774595413	KgY6kdHLJ5kxo2SiX62Wonr1JrvZRhQHeXW3ep1PYP3ZAhsqNxeaGyJtM7Qkxhu3rJpZmwXG4gLMAKBR1MnGj3A
1774595413	2JPqxNawuzUz3fGdRYAu3XE8eajpPPJYb3u3UA2h4Y8PxpDZUniMgayfFz84jAZvAYx6A7K5CmMbeUN8TNnKUmzt
1774595413	392D7A3pysy5NwQBqi4t6a29Hus6vUJwmGAKV8n734Z7gDkyTfxPQN2RUZt41WGszL6Nup6xwjBiRREttDQdvTXf
1774595412	2nLsEr4RhUQYYkUS1tNHHtEV9u1aYjY6D1CTLXTsxFXT2TNaJ8EkAdJD1MwyJNS9MwJbWrG7pVqZJy3q67usRyWs
1774595412	6WLMKkpJSYVNJvyQBP8HdJ6u6stCQo91r7wAwtEU9VG33aMeWDqCoLGoijfGrmFzdjaUTXmSdpJU9ueNSLHDDXL
1774595399	hunr7aJYEeZ43858bTt3AUvQJxjGxeJ7c9iUBFcpStTCpQ23DZhREQsToa67yoy3xmdGgXD1SzMGukjcEquo6mh
1774595383	2gRc1BzkUVhp7FDBYCbU1oEQDn8MJMSxzpGxyMXu7UJHAG6x8W8RQXEuqaWmErkX8o1DT512U4W6mah4QZFH7jTE
1774595356	3YQeeUxYCbjL434F4GeqqRwY8naqfZJa6aCiRnfPGBjm7b9KhR2vanM2SGsHWojY7kNjY3CBsVvDBrqpWuQQXTnu
1774595350	4BeKoMpNWQvqbRCQmjDDxTFFkoq3t1QFBdWgSQc8W3XhjLt9A6eDw8URyvEVvvuoKuesjtFNCJW2A1A1Ec8WLQ75
1774595350	4woJQ1EAD31Qi2gmvQXdGhXfDGk85rThHhAGeTXStFLwB8E7uJyozWZJUYs67zeJbK1jmoXxj4YS7NcEMcN3pXR6
1774595350	2tsDo93VWSPtzCVLZsnGtbi3zLGsqa9PZMa328CPnPeCzAjJPgC5cUXETE8621XacRiyNR7ufLigkEe5UjFpDHvo
1774595350	4PSPTPmSfzL3y2AgJwZ9MKR65Vs6q5bni6jaxJmtrkTJhimbCgYSjiSz84FLaRvDGvQT16u6dhDYVrU6XbiR7jes
1774595350	2jwqZzBotu6z5vzFAnF4nGtzFmBSoMsa7wGbb1oPUTXRJMZawR45aNmTgAGqV6NDUjP2ssbEWw9r6hYewrVADHW9
1774595350	HE4SU1Bt7Ctvt6n65d8dwa3SdXLJiy6qfWmaoLD3qPm1bC6oNFxBxceLVJCoiLMpqzJTnuwrjcFL84QRAKt6WVc
1774595350	2xL4wNjxqMP5eJn4UjFJYaVMzf799BLZCWFKMgFyyoajCj7fEJTN1dEq45ResiYGGiLDj9W1DmfZD1Edtehdvwzy
1774595350	46P6nYNVA4BzueajUGMw3CgTeSKsfVozoh74eu1sTG5QrjWH9xxynj3iqRQwZDEeDGrscEs7gR6MWWfgyc55QEPg
1774595350	LRXqSeuphv8eY8rA1BntUv4w32w5HP7Jm8pCF4sUvxHJ3RQ3Z8wrLn99eixbkAeavR362dwman1eEMAZgkoo8Ft
1774595350	2xEfmANsaCBh7tCcet8ywFhm9kKUYatvLbkm3n4gp87cwbgdfsUjgpXHThHbKLpeV2nHkkSevtB8jYhYJHdzsXeL
1774595350	4zTRzh2FZ1etvZCxw4gR2LsuLVgXkP8eVc7utMwK5USVWn79gBqXpzmNswARt7YR2gcBwiFrAkzsQTsUQdnfuUAM
1774595350	2zmuSGrpyizVhUv9FYZYAKyyyUTeHKgCJGGUYHdmZFxLY2Xf1dbSqiULhxjPTeJo2EgfE1afZy9d1n9N5k9qrRw6
1774595340	4d5C3KQnqGnnCk7pwa3cVGHbxUFSLvFCQ8CC91sUCH8aFrq9A4avbM4SbvJctpdTEv3m2J1tASS8ezwzXNJ22Hth
1774595313	4S5MpJ3vYbfwj7vvcV4vsdrpFyVRLsUySkH3WKKhb9yQmvZJ4KGHHwzUWFbCGuVPmiKaG856FBmoViWSYyVdu27k
1774595307	3oAdVBdqCV1BZY8vsW1FxyRsMRh1FxGRLPASpobEcbdxfJjst7bFq8iGCXLyVEqrKQt1vSqzdfEA8KYmKYAfim3x
1774595285	5FthC4YQ8rCDRY5SEKsSPpiWxhF7vubqCe8thM8m394rMpVMzo9awDB6b9MKw9rNWbHc6CghYztkiG8ixSfAuoe2
1774595285	5j7DNp5sDAssW3ss8CQ1CMs9F8anPtZMQTcVxVToZJPv7Pyc2WwBxin4V1Rqch8SbemxGQeSVQb3pXUP8pJawc48
1774595285	sZzG6woor5aVUuntePDXY6oreRUNAFZrbmwoMwZL8SvBqNfB5ZVDbZSh9AANANQyZWEhBLeRmNArmfA6YVun7KM
1774595285	3k5uzofWo6YBkRBUrt8UKW1w7bbFFPfnos29KNFLS6w87GxnCUdwotiXYqfVNW1jziocJpEbanuX365SKn3wMC8
1774595285	4jK7gEgfZzXhW2mk3dcQ59eNQZ9wnCS3NHZDktYxz3ND26dXbjU554XA7L5rnEaXaL1GPSiicAxKPwEakNTv8ESb
1774595284	3mGp4jBuoJ41pjJMoU1n76sAjRubLNG9JaZu3LZCJTUHv3H5Nsjj3u3imquGv6b7LYJMKY5onHDwobBDA1NSv64q
1774595284	5c9fCETvnkPMfdiJ9W7mGuCZU7qdAzEfe7vCS8XxWhxA3afj7XcxSk5JfXBbWBzq94XGQ2swfHVpgZBHjkz6eKY8
1774595284	4CjHFP6dbBzAmtk2ckk2vHgqkabvtxQwumnFWB3JZjjpz4EPdWCC34b6xMWhumamNsJGPKuHvb7yRBhMASHS4Rpt
1774595284	3A9QMKdv8ooT6vzHx4eXv8pRURkbxTbUmrA77oCLAbhJv4ZyGvMiYSowPSAoseqacwpjpJnKbyntEcbZb4PuQ794
1774595284	5bwdzjWGN7AabeoAGVgbTqASVVm48cLeWEg91dYQYZmvrhGeWZCrZXJHTLbzAr5EGGoQ1x9FEEbkimQZLgs1Sbfy
1774594898	smJuZZvhrsqcey9rVh3Mw4uvJAym2rQrZWCYh8nmPeN9MrWVC7dn8pmbVWdQGaRctWh5Mb2WBwkVikaa1YDJRs5
1774594548	4LJmEiywryrBtbTsSMWEuY399sp6A4XG82NKhYWjXkcWN1pNcuxSA5tnhvzmSMTZ5gnuazS6JChuigozjn6oZQM5
1774594388	3vQV76DccVPYEosvj8QcQJ8hcqcC8LbPScDZNSU76r2exV3XBkCzDFC1ejNQsKAeLGUDD74VETFHWuhRqah66Bw5
1774594154	5cFRwycnGGfdehwjfxfVMpsf8wEbxvMJkBVYbMJLJo6J4oYpynj7BMWFEPB1eqniGKvhL7SKXbdReup6kB4AhaWf
1774594071	5yWrvQyL1G8Tpps38YNJU8T829gN87DmhXxrgBWFePHVN3VeZgyXHkwAALJkF6D3SqD6ybeSk33pT5AnmhRZGTTc
1774594064	RbCMC5CvaFLMNqv6YKgjej2xhNgvSadhjxHnMY4XJ8CiRrPaBghJxFpvwsqgwphUy8qcNm4tBtQZpQgdaKayjND
1774594064	LRD2Sb3cBjhTT6sfkpo4xTorzftfkZxLMajs394DnhZsk2BccPsvfuTBaZbY7wt81KMtPgSpBvCNYFtcYEUiSmN
1774594064	52sNUuFww8pJ3TKsurZQRaBqBWRXjBw1C4UFyAzJ39rCwyR7jnZ23bRdfYj8qC8asE3g3KM62zw5SRKnbGuHGFGB
1774594064	4nq9iLwXGoF7kx8ob9GHSe3wVGQT7xpYESfBnAXmhkZi3v5pokJJYwvuCWruBxdnEr7SPNQVj47Bgva8S5TTS2jK
1774594064	3XeY3BLCzPajQRQPRmyN8HVgYth6HsLDq5gHC86WXvXnJsUrEyhh2QnRPfnL2aMMEyAveahuGydDHsSJupaTUWHb
1774594064	2WtWNkL7UyxCdoaqS61H5PG1PMM8GaRhChX3L1w3XNAn1yrDctvCCVNDbV9bGj112k1UrrMPpQ7dB2WuVFEcubrt
1774594064	5QKpZkDXEPS4NHJZoqik6UYCWU2PGFaySZdS43y6pnfPgcfffPk19pjkfqDof7iSQeuZrL9Y5PfRpd5jkqiacEeb
1774594064	jCpcaWb79AbvJFXNTnRYiaRdC3VDYLpoGCyXNzCmJrMt9cUvxSbfi3vrk83p8UNnKg8KW8KVrNBTZPyB5nCiChr
1774594064	5Ce3ngs6R3YMzmtCe9SJsaAoaWboebKqLCQ2gSZxKSdjC8hLpjdcBHKLi82q8MbjyxJh6FFotxfqbNhkvGsvTwt5
1774594064	dxdywSWPmBiZZFBWHL9Ptw3HzTeCeyBxrGDe1oCy6xF9Qvm65rphsRhQEQYdUG5kvf2Yet94znqeizGitfansNi
1774594064	2BvsrNoJCrKps6n5DsrMra1dcjYVuoaZXvNPxvFmpNdEHViczcGJaUsVg85qoBrArt4YT2XQuQLvZwEFx6uEQRm9
1774593975	5bNiPCRSReb9pTYU1JcfLSNkbxG7qS9SBmixTLnYFQCyAgoCGucoxea6xrYpE2PRrLhCf3YezxfgHjvSvcbaJS2J
1774593975	64rhRmDdHN29CoN86cLQZrqP1NswjdujTPsjuhPtKhv1EGL9K2KbtAh7eJJU6p8H5E8dALhAj1huDLCdwoJgFaq
1774593975	9b3Zx3CJ9daMSvNKu4Q4fmfwUA9hBbc7AAvaHY4myFcRFXAr2TiETiikNhwrGmePuj9pjqb1b7KQWch1pBrMqmd
1774593969	3qEiagWKCmeJMHUXANQ4hi5qARqUhHnSCWsXqmt3gm5zxfFKr6QXyzrqkyhBsTrusDWudkV2j2qxiPJoi521qgXa
1774593969	3Rbbe6Xh6MHmYXurDnwTF2GhzFXksMwfkt9m252FRoWYyamADeCK9qS6x35t4pZymU6s48KCitMeH1qXSvxgmzRa
1774593969	3d2aPEGZBZXzBWxkKjDjsDUCoCXX7bEBPC95PKKQbPiXCHcvmtF6y2oc5EaBR1dVGotHrQsfrJ3qwt8q4W8nSaCK
1774593969	3MpXBvBPFcBfnKfiueVa8fK2A1an8qq1DphSurcVRnVteQgcERfpF16MHP7epr9xoE2faYGUwHEh6zzwRBc8aM6T
1774593969	JvtptAZgtpPae2ehn1o6BGFovZyeSdNMGoyedeuzvmo6BjKXcbtdLDGCafDifHLpqGEEJjAw7MbUp4g8abP15K3
1774593662	5HeFyzJyi8jvSVbvp5V19sk7L7Qawpmuk3gjX3xQXXLr7dpEWHkK1vp9NZtYn9ZUupHGttyGEVUtKGeJR2CsBTem
1774593662	3tVjBcs5ahfzsm7mU8SRh7Znqf5a2UgDVDop8vkuuXJL79ACS8wzjZhGTdHjUDLaRypS6KN5bHLSe7QShuMgxgTZ
1774592640	HqVbP57oLWrS3zSvv1ijUkEe8jzTxy1YLrvnfE2PBYAGRncPRX7hf74ScWDbdUWBLasMcYW5vDG2wbLBm62uALi
1774590089	2rHS118F4ju1MEoupKjXSG72m1nYBc8TRcPMd8TfYk7kc8j53yoXVHAYAzVzQT8pY2piYYyjz9PViS3puhiyPqto
1774590089	3tv9gt97tecxVARWcxNLRp3TcQLwkawkTW2zumLRZ9HSwxFm32e9seu9cnqjWawk5mwd4TayU1pBtj6RwJEtMKbZ
1774590086	66VAZp4mMi1a2VsQRFbwN3P2sSZxahyqGFWMnEQNv3ECQCyhiMUbAcjWzSMG41Eu8cE7E1E291XMPcH5NuV42Pxa
1774590086	4pfvkAhrRjdbzBum3tmD8VvUMNfuSSwFJACkereXohnnvezW1916wdueWbfJQ1PtNs5rZzyHWCBS21hfcY6HMxfh
1774590086	2oPnWNb8TfvBZpHmXhviMpZUNiD2GeH3h9mLaN6xt1Rx3QYPBLrqEciTpXreE9y3ECtsEjujS8z1Qx2prK26jU4C
1774590086	4VgxeSPfnASFRkUfKhRWcBwJKsJdN7yCHLjp6w3WXJvwg39NiQH73wjEjBev2PRaMt8K7xuv1At92kkpg8gBzRLm
1774590086	2PeDsgKq7dv7RXszoyEFU4tS6gNBk6tr52TjQ9xsqC1xzpfPGMTUqLmJcowaQkvP5RPB1YMC1bqKHQnY3PK3ZdEk
1774590086	3VWJEZSVzHNWeV9nef97rUZenYD1vmpwKJr3ZexsPrHss8M7b34ZxkqM6DnzhpntfMrP6bmF2yoeBai6yudPEcAk
1774590086	GWcxfVCb4RQdp27CCSHzCATokypsh7GfEREnAtgCSWefNT1Qd4Dhn7df7bJdnptzKWkjhusRQLX3iNXnP37D4Tq
1774590086	Fysie6ineGiTR6q889ieXfCoxp6SA1Mhh3FD7FYhXiYGMioYymx8938HWqjchZrMXx2jitTir5gBFtpKVYyQe2f
1774589714	3WGruQCe6NHpnx9LoDvdgARXief1AMWWoYF5B3mcoj2bSnaBvpjmcSZ56DwdmwZM9NpCqpy7Wdy1nLvetbPHmBo
1774589614	3mDHBbjEBpfeR9D5RjN4URMGNZNojzLURh5VyJFeGG3fnGFfSpxoYLyC6ZYTFLhpJMBFXHb6uqTk23VcbEi2pPji
1774589612	3ZHbiW69DSiL5WpxFSZde6Us4UZE1zex2d2SMD5umqg5fpEUnodwWVUSHSDYUaAHGzWn6kQkbeyJFkBHyeqBk8o9
1774589611	5Vhjzpxa8rnjTtnR5xFb4mAZ5BJFQXefnFPMgf3KZdxSU5XPK2TVP4y2mSjsQT5jguJLTj1Hg4qVgPUUqJeMKtFz
1774589611	665G1bQpNaXxATKFUfxdnh1uqnJXe3mNLwUadqcgGSsuFwuognhUmFan7FGYFYbYLJeBevCSWVAgcHNWMgzdPpe2
1774589611	2UDqk2nyAUuF8n1xkXQis7PpGfVNUxjqy8Ld6Aw5hKML1ynXAXt2saGgjALjQnxKwn9RB3HEU1qigqYxWp4f1AwG
1774589611	GyzMLJzJiaa1jnywcSQQjv2cvm4k5SeLLAKkS2DTXseCv6JMMwDbN3CigKMeTD6ncLVBiRARhKyco5jnKHC2eTU
1774589611	tuw3UvwNVYQVsyqmSLcbs99zoVX6Pbtii1vbKGvPNdSKPy8ckBLj7JmArYJTwmbwhhmZVf54W2JFeuNXJxXtpzA
1774589611	VtppmitBszxUr7PuLJofSe3b894jSjViwPtZvB3PdDzfuHcgMgovWZZ1zUEy53KiEDt3WWwKHrV9TUGp8uubyHs
1774589611	2omKJSczXwXMWxhoYsoqBZRz62vuwk3z2kM3tp2TWf4XUTG9wcMJdDuoSUGXgtA69e5Jo2wrVPDWk8zUfMVdpfW3
1774589611	5c5v3N5MuruA3twtVSXTKJPFEA4SFF9GN3NDVcA727jXArZaHtDZg2ZgUZKrPH9VKy9osUrpREZmUEmDKE1VX4Xe
1774589611	vR2x3Aco2KhrvRbKrgNu7Ciyj6kBnjhZV3cYY12rvqEaj93fL61M76uk5MLA8nQi1qQ4a1wyXF56vZPp3BDLfCz
1774589611	3cQu2GHdpyCM1i3M6YbwRAHLkBMAJBxHSfnNxAmohRPX2G6rQXxs9yeacyEqc4EQ1RatV6yDsJ2CNDnnZvNhxfdN
1774589611	54xaqZNKXvrgKkiCRM1MRYAtaFkZW7e6pYGPq2aPgMbLEDbHj9NTn2DW74eNUhhbFxs4NZv1vWgESzcMhgm8brEu
1774589611	2nX438p8HYq4Mu9dSL2xCg1opbyYwpPcfUZAtu59Jwk4idf8DaioV7VN3vt4U5qKkZfrnJ3n9nDKL2iK8PWCYKpr
1774589611	c1JsZdjN5SW2C1EvRmNwnhfrFD6XRia3bcCezi8Z62gg3F5Pa8KCkFdrwPshnLpPG766HeQtUkzLrKeHB7Wgep9
1774589611	5EY6uiQcaQzKEELKfskThNN6HB2Ytykf4YLBBmWJJXAUgv2wjQnaRRz9J4bFk5V9kwncQ118o4uMpVqV8qJmNnv
1774589224	5vasTSVKYXLPDRLecPtCUbVpqNZydnr8Zv1cUfv6fxDfnYzvdpy9RstHyyGs7KRCKCCCP3qb6bo8BXcBBWxn9q3d
1774589224	4vkQBLL6BTFNX9FNH4EHvhvVSYVDE6e8wawex4u7znGnieHgodTrszCWvG6jNr5tgDxuaUocd63NpDnZnEznvGwy
1774589224	5bAGGQHDhugAt4SuKVgXQhmei6wkSCfF8mYaF84tk4DWz7F9ckCTcy7XkJFGXLToz8eQqKp32JWDuZXe4nTokECW
1774589224	2HucKvcnTKRXDyZGVBm8AJmAgpTBnyMPtW6gM2aFiHJhu4zLByqTEPbosjvmoHMskVUh39zH86GyRA5F6nhr8bLH
1774589224	4kDuvTS1YNRB2JfA9vqdLecrTpn3y2SH1oMnmhHC72MuXtHnV1T3vhspGab6ysUWFKF32tPddWtRR555DPX6EuAM
1774589224	2sjDK74tntnHccGPtw7ZckweG6dkppLuSvohvTWa2BsTaRpMKe7cPyc5Bfyfq1sUTg5pVdYCBiUzCguux3qXgxiD
1774588119	5HzhtwqyUg1T2bWRfJUTfe2EhiaJovuERaK71SkqDMjhjkd4YbBDjNFFArekidNaYvecYPKztj699EqfykYa6gGf
1774587808	SHBSE361baqLAm5tbxXScDX1eG9mjETU18bkyn7N24v8ccXCWZU986w2aRNr8W77wcKntBvLmeTvKC2SbMY75zg
1774586200	Y5QQXT3DoHFEopMoRcqRNbicUvXbSXcwas2oG161eUzLj7rjriS11VzNVu4r82oM1fArrRLAjTRdWyuZc2ZpFs5
1774586119	31QbzUamRHkozpWojYVjVLChaZSbiV1iMQ55LnwhF3rezZ9uFUD3ECPAf4FNrBzkoVesan6jbr1e3QTnQ3KQtUt6
1774586019	3aCeDix2NHziJKTcx2UxpYoNsXd9TWTMScYQn5jphiDV5vrDnbmexH6MJA4eBnQh1ABrgL5XqBBVoqsQKky2SELr
1774585201	3fw6QCP1wN9vGjqtaAWswMc7yGTbTA2WgQ8jRHJTNRfVStgw6xZBvtPtZLpxWmJtK1QpNunLDAkJFgrbxgoeiCD6
1774584100	TbKpLhEPuVJFWPDLjoRGmS1dwTBdMtrymebmcdqEJBe6Yykx3bBCpRcTPzxdEQWR5ZHqcr1TCW1FWHkavKEy3Af
1774584100	3mmRRVwfHubdebfPu15Z52AzBWszfq246uYg1QYJo1Tg3ZLswEmpnFwdoiQ3gxSUXVhNrjVTjQMyzeYWV593ABcp
1774584100	1ajXP1DicXGhR2Mr7uusSJW6EzXGq891RXV1yKLm9Spaog2cXnnnCEvYJCbeBVvKJHZo3bjeVJbZFG2KbqYfTcN
1774584100	21fCCq4zhwZbE2f6owa6zLWjB6Qtr9oJdzA7xUw4pwHUuY4VbFQR9kMmwRYpkmxN29iPcGUmDCbzUTUgv1EWoUtG
1774584099	2Bmtxyd4BoHv8LfjiNpGss4up6iTSeXrjZJWUe2jQdWgja9NFqioKgyV5mbFZxrq6LFUuULYatZzpr1NxiaTBbH9
1774584099	5eEejScBVf116Enqnju8BR6xoNSe53HU8DX1UAG9RhWmoxGCEA9bakLpthUhkmrcWFEnvgkDtK73Cw9j8FcL4YU9
1774584099	5NMLRwfmYAF6RPHRZAC5nDxMJe4egNsm3sfmQa3C5frF5KmqJ6iN8EbMdyP6A7RUJ66GwPLyM6QtAzDCqucR8M8k
1774584099	45Sda7WFun9q9FcqkEmycoV283Exa2sdHrfDzkDVY2dGynn7nXeBGDRqA5GaQhL1oM1UJHoTb3Bev7EQ3oY7hSgp
1774584099	2NWuwcVbNYfpZuwN85bQusY2gUE2zvpsSq8k5soYR9bX5P7a6vLhFan5iQeVdiujeBKryhGKkSxKJDStCMXRaBWe
1774584099	42NHoFYEmJ2gUPYrCNp14dWoJvEeUG46qN1HCtKLqGasqTuEKm35sJ1Mx4hp9cP494cVTCXZjgGMdVFJd67cZnxF
1774584099	oN7La71cTrxSxeWvowpRore2vegMJDjJ7DHQK39PYvRikrDATqXnCaEBwDmfRFXGmiTmdnc2EkKVcqn8ZLZRdba
1774584098	5S2ZEJZihFEqUE4UYayQiQ2DVEYg1eBJft2bCwmMMmRucQGKdKKvKhFbrfrtqXU5cME6jsZRTcB6MWhBkW97reJy
1774584097	4VJkkUKET32cU5mwh2uVVo74YdEDUZe7KJLUg9f7H5jNmdYNvCFiUf46dfgs7PrHE5GFuFdL4yEye3W4vaNoveyP
1774584097	5brXVHFYF9aYTqtKkrCeC2U2PaJGjjBK2RDP3qdvky2Re99fPcmKTBPKvYMq94vmGpTEyPQmCRjg6QPCcxLj46cs
1774584096	2zGZhMTMN1zgLEKd7Y3SasFdDTjjK5jKH6H5Ba6CHhdWHVva7qnk6NXjX4op8xxprvQYjmeMVKUYKxQEei16a8Sq
1774584096	4azpqxSCytzV1wc52kmpCLuxCzLTBQPGkkHAygtTQvLFsmTEhKxdACnGXDYXfLkLcDG5CcyeNeKktkBYC3yfNLSB
1774584096	3StWupDTKKwhKeriTwgNPaxd4GRkJcXdDsnAW1MH9cZjNfchk8tAPAY5UAfBarRWJat9oFj5QVSBqrrakR5vrZGh
1774584095	5kAzoPeMhrHh31Q9KQqmVw53sqL8aM25AtEV9YmfsfypP2q7poFntZzD9Ym4n37RMNk8Gacs6BjfncZXpVRevDdJ
1774584095	5n3C9Wqwb8NcmXaB3JBNXT81ykkBN1M5GYxQBNmdfKLCeTgm7wtQ1WuU1DDPPKzq635uRq6d49Jz9V5HxLDqomkn
1774584095	3WvLa8BvzNJwENvqJWR6KRZdgf4Q8fVT9J23rRc6ffgLHhx3Kvxx8LcqczWLWw1YEawMg189gnETgoNrSxDZWGCh
1774584095	2yr3M2DQLh1MYqtgqtmkBiSxakgDEEiANbHAFtKeGoEHZct4V4ux1VygDTyX5Pik3G9UbJgAhGaEjXeo37kyE7Ky
1774584095	3XewLHvumMPq7895yMqoMWa6GKdSa9bh46AmFGFnu7Hjg3XUUNeyfkAnJ3e3XaaeprgEX9PmzbLNCnCDzbS3K31o
1774584095	3e4RqPvX5zttmRmYseep4bWqTDzrV1LKwck83nB2qa24JHt1UFez7WcvTkAr3t9AhbgyMrSM4hmUFVshRvqas8XY
1774584095	2WkaAe1temvXunHebm1pjUb4Y97GFRbias5QTgR8SkTUqsTJcAxnQnJWX3yuX47dwj9X9TXf2fLWmfLoqwtE33dU
1774584095	365f9xbgYXnTpDchU2g67cLSYgAtLjQ1Q1LZ5SnaJEK7Vt1rm6DHXifg6FxY4wfFdVWHVNZR1X3fBtjKsXcov5TG
1774584095	onTjy9gM1tDNq4Ekf1yDvyteiLerogj3QWMkdCQekxJ3wyMesV6F1GUUenpx1sCaDS84uh8vdvfT5zTCprYKVeG
1774584095	2Ec6imGVz8Fr89Z39QkDJMRxoHw3mEG42sw9ec414Y8aRgARZc5GdqFBAh44hxJuvB2RdoP8pRm5Qpk5tniq8kGY
1774584095	3eFVxSYrE6iNHdwFEDLXgTxktJd1AyMySajFVB9j9iK8S7giERiWc7B2EyizPLnuc98vsJK1zigVuis31MQG59EA
1774584095	m176VVRx9vt4jtcg8E1cNCyBgohTFAK965nRPDUzkxmWG8H6Pbj1ZTA9NPRLTT8Pd7BZG4zjePfQ7j4VayonB2z
1774584094	4EDF5RxkK5F4NisXedaCGBkQzShPX4v6hvW5nZSEfy9V7SJf1CQWTfs45BjQt1sM1tseHFBYZm7P4jinfR6tMB1v
1774584094	57mmwGW2r16dcFpVx9Rtw7SoR6izq7CBzVyamFdkgFui7z1VC5rZWULYGV6xjLJr4NnbCyTh5hmWpNL7LjJECbck
1774584094	edoR6E3hNun8PbHLMHgGuZjEritrcCsnNFR6vjdXcD4n2Ps59Vo7v773VD9stA31amLKhnfHyF5Tpr1ePdebB7j
1774584094	4Jg35x6jJdmidiDRYexQbHos42WDBqJ3FcXWFQG7XDkbuoURgaFoJkce4BAQdwqdtYg7xtD7qDXMvf9wonQNHqSh
1774584094	QAhAwaX3ukZq9BYwHwLEAb3opPDyqAsvwMaWrbf9U4HJ3Q72eQihtmsMdL1BjohyVXGvLWUBhVda8DU6CysTXBM
1774584094	ihKUbTMiYJR6SHLBD3E6UngWxa2k1AR4BmEpSaLhr55f2s5aAtMdBv42zUUBaLRRFkoXm2DrGbgXNUgacdtageP
1774584094	2pKoEepE1EPMHJoVx6i2FyDr1RFP9AzbUR1zm2Du4prNWMhEeRVGrXu3qoyok5zViBNhykyboqZYuJDDR77gU1K8
1774584094	3fT8VwcNGhAHVZYPw1Uv1nEDhMbrrJDpu9qHQ1U8aqpNmbEkyGULL78yEAXbJxcNkgkAysZc7NdYF2rhhLb1mYfn
1774584094	akhB55oyWWJ1jbHHHQMR2zTuZcr3VofEwwJttsXPrSpErqitHu3vbA5hZYFgeEQG8p4Xz2qnoLJwqwa1M8JiKHF
1774584094	47FQqxS8p2u5MRnwg6x2NFpU954Px5qibLh6d35rCRv9H9pcGNRVGKETEs4aAMLvMVeMnJeyBWTXbdQmu39Sem9t
1774584094	4MMYu98ZTSnSqwBQ7M5vrkEqAi9k4333M2QpnDr1G95VRaUhG3cUJpi8W9JKKFEAyKWXFLccipEv4YK33dbTCbar
1774584094	2dpUFK2gF5g6jenVYfauJNDNw2S4wMwXwGW7WWwrqjwTJQSx3SpJcieALKkWQsoATxX2zPUFBRpEtcpLgB1dbbxs
1774584094	4Q9cFSoZZGwB7Z6QKyun6nDDiHop5Ljh1PTueBz3HCWdRn1yAC2wppoDWaq8HnvGXwbf2xueqfb2RndthYE6hDue
1774584094	2hC2Tz7nRdBwjC6fbwow9YPuLTrdhfgz8dBnpPS6DddJpwneQLtUuC47Phi1BGN5MM6zsu1N3554rCffLXTxAm4D
1774584094	3uoYP4ZfV9AB435ruEiYJtjMFEJKM623aY9NjZuAd5dD3wtehoja4iTPNhqrbXkwqizqhRHSqm3xHkdht6yeiHiE
1774584094	3WaWJztvX36KgDAddygoJysrBaHmFoTxYT6LicRFgSUn1RUAvtmEgzkbwDoDhV6dhazxGYoVKJEFxydgH8CK1GPp
1774584094	2M26fnrFAzqgzYGGR5okKzKLG2eti2dMrT54cvQCA3n5TkAcyETKzqPS6nLEMSg3MCV4CAhL7zsWYVQCYN2x2Mrn
1774584094	3H67mo6rrVXKkZE9e9ex9YihyPwbUJAYb8eKXGWj3QAw83Mwincg5r4zjWXGErJhdhb7XFwYRiP6WYHvqWYoP6Fr
1774584094	LtGDRbwFsoHiGon7riE4yHNWavnkx63nA2MFg5SRBgbK1oDvkXiqeNPQufacFcCHMDqxACrAvYRpYwMmvH8g48x
1774584094	56bXaC4tcJdNSnvFAW9umiDoRxYF95ZW3KFqYhVqzN3C1VvEey7aEhJwCPsuqgu5sNYssAekuQqLq3wkDfTRoBKU
1774584094	hc7WBx4dg6wHvhbFNCm9uaY4bm3bREB2iFV2YaWWmcUbXdQEkm2cdCr9R321PbHUSC1HMzqHCrorkueu1NuaqyN
1774584094	2chGtxKdqYVo8ZzyCthLq4SqWN9goWjScPRZudpgDLqp4S9auv67MYMin23h3Z7dfiioDGaC9PFaXBLTCAgiUA9G
1774584094	5id32LHWQfscNhosk7dLTJsvm5nfSNPSTkXR38wPHhUL2fBjrHGP3iLjBjGsyn82nqP5joSGH6nVxg3ezyzRpxng
1774584094	PENAcU7ptJpawcMk5dvSVnZLUKYbRsGY2SoB7kqUw8UXVkwg8tUJsuWJjrcWjnuR5QxPANMyqXpqqrNXntsEYFs
1774584094	2qhixwV4UwAoeP2m5YmLgg12BAkN5Tz31y7ctWLdi57AZADBWLxgHRFX5jBgEYYSucWvf1SQCsSZsMnsbX9z7yEv
1774584094	5ZAcLS3DALod9TnPNVYJoEr1r1F5HmtK3uACuTqkPvxkqHbUcDfFwgg9MJXr8BWir1jtSkiQt8HUJgJcbQn82DDZ
1774584094	24ZchcXkTGXEhcNm9hdmzmL4MaEzcgCe9wckWChAVvQt4V4BtLkRJ4vmUqkgg4aGnS4voJAQr3KposVtziXgvkWt
1774584094	2YvxZJ4Pa3enx6g5fGVH1TZ67DDtFTmWvmfD3QqPzHHkKykJaqeKKoyatakiYjGTE6uceJSThrpgtbsqhuoS64oM
1774584094	4TnhRVoQwwmhMryFUHqYaVu9SqCp3Ga89R1CE2TwwTuc3mcmMneaCDoWWSgbkCSrbpDm5JBXfiS831HTc4Tjxrnz
1774584092	5YHCJk2xetiWU7TLcAmitAhN3BVJPTfvU4EhVywAybdr3tSRSP5CUoBBp4v6xfb9zh5XkoVtZygfVWq62c9Hihtr
1774584091	3QW7grvf8EYbvhTyAnZbC4wwEhKnasncJpyLADS89gW199qpB5xxqCVS4mUEQQncKsu4n2MK78rpvGiKLHjjGnTW
1774584091	5JRs4uEEk9ntsstnGiq6AsAKSXYJrcYgzjXS3kDE1fx4Eo1YfpJ35EuGifoxW2wnTJJb5fUqSiYnH3aAx3KpAxfN
1774584091	2Z9y1x1DB1CPfqE7r61pELVvgrdQp9WLQjY2mE3agRnnBzGwpsKBVVVm9U66J7eWMmQ2AcjxfBBiajVURgb8J859
1774584091	4hqDebR6t8ZyNyEBzcYMSZNNqDHobxqunG4ag6FbJ5ufH67HaSspTVH3cdBJktCnbesm5CxxbbVZP8Gp4UEEZgV5
1774584090	283pJAXPwD6Zu75Cto5hBLvRev8Y1DXP1ZZwUh8EGfhunLGnkfDK8TkvG6u9i3jvFqhqHeWVd21e1Vj3UsaiawTz
1774584090	5HFTbbMCkrbYiE1U8N3o8CRPHVpmHZ4qjYGErMKCJgNC5MEGm9jcctYeekic88kgVLXHJuDcJq54q7ryGLDPrwtX
1774584090	W3CbtxzGwiTgdqHv1yjbXT9oap6XUBqAnGQ2NmwwaktrTujxrE52Rh94ZaRgN2sJZvxj49K5sfzZcEqD5pqE6qF
1774584090	5sPFfi84YYs6K5ZDrPNFqUvh84AspakkdYF1FQq3BBibtLSEjDhLmio1P3rr2nC1z2tPC8Pe6rCXrEV9w2WkSe4j
1774584090	5farHTcfcVmQhfKYdkMESfGyaNTNrrYFMEbykZ7m6bAd2Ah6bU8U2pGi18xMW4EtRHmenoMXKaj5yKHwvsUA97RA
1774584090	TpbvPDaCVLUS411dwdERU9yywZUteCK8rQ7pdtpTeLgePCtHinuCrUWJKU46jtisEord579mH51CyscnjDX1CvY
1774584081	35ouYW4RBqd485Ph7Aor2BNNz7Uahd8CACPQCK294F3r9cyNbDsMN1Px7ZcYT1dwphoDxjbp8mA3KcPF8Cg2BAGc
1774584081	2gJn1rjK45bVBvzxM6Ua7S4tVKBZJwiKrzRR4wJVxaocZCZ2B8MAT1UDCSuZii8bdKxXo9ZxPwrFYZT5XxACrbaL
1774584081	5HkJRUQr8f2MFcV3WjK61bFhg41bmWRJEaV3gjuaviEvWGL7NUqjb3rdzCrKgogkP9GMwDoC9Czc9Mhk2S1TazVd
1774584081	2nHxwCi9zFiUdPPtrfQhCiYntPuXBVy2gmEgQrYm7c3kfxG9KAJYXYro5Wcp48AC2znb5fjFixUkjtet6hE4qNyH
1774584076	2VASwmBu3Xv9qFCSWv1Ebc9TivuEgkvaiJ81dnpsAbHsbrK8GNw37qc4FVHxuQQJUXmeF6RqFRuYoTNtK3Tq4o2W
1774584073	4U1J4LyJt5CRdCRF1u8jnNme5Y5hn9VQTnmWD1TAg7Tced3uzuQqyPoLMXnHucax8Bd9EqkwK2WPxhodP66np8st
1774584073	3wzJiQQTs8aT3JVaxN9faWuaXgX13fmbR9Ds5sWbQfo9KjAs2HeVsF5fabF1qw73SrobbYAwFBDatrvapWpwjCwu
1774584073	2AkdH5wCFtnre9MKbosBW6DS31XGJx69Y225714fSK8e3ieQDmxA39GpVp1hKpZcs4i6d61t5HhqGMKPo7yutV2g
1774584073	61U6jL5JoxBfNgxhKesX9XqhsPCUJYGwNuD37ksDYs2iXub3a5dugyBenhpSExVPBtyw6zu7jtmx25jWJVnMtVhq
1774584073	39MErcvzqJtbZGb1bHY3HyYTU6QtzD1PAzjMCRBGWC5Gk5V9jxn23CZRcmtnogi65qPv7GEUxgUBCdxTYp2RENxx
1774584073	21Squevw4vpM9aD33s2bBWHmiKa54RgfzF43phdtNTHZwCMphS3wNzNfdpWJqbiZbDYGgPrLrAVwK1SeaXXnTVx1
1774584072	5uQsXdZpVvK7Hkvg9Spe4bHQuXhmbWsCVunXXZBKmqshnumaHPxaCqjZ4ALopqgJmUSNK6az75AHoumyy7ekyHD7
1774584072	2rqmiMGQ5vsPVceym9t2dC5MTpvU7eDRXwgAijy3Du1PjQMSdpNC6xVUGSANpviWYhCiQSHyqHWi2cLQ1HENDHR6
1774584072	3MRDu86zMsLithFW4SEzQhNed46s9DNqFGLfPSc5efka5ccpQ6KEGdDvKcZh7CyWV4izmVnxw1jgmq37xYXUS2iA
1774584072	4mn4jEbcCjN9NBvcyNefJohJfK9WjCoqN21R44vZZWr3q3HXmZeuKSzQNbtx9Fhj48YehPFgyojMrV6cE2sVH6qv
1774584072	65wBVkVm4quo3hE5AXyjY3agXxtzmNpbah1Fum6zA4VHw45xFbyVW7nfP4fYg7vuy1P1rahTjhn1UfnZ8MMmkfhg
1774584072	47MzBdpYG9o9oXMj5hxhrjcXWHZvSihAM3C8jwiySLH7gUJHmWzETNk3UnvH934hFXzt57c1nQm7YbF2tVEdTnWm
1774584069	4JQ4jC4rW1ohhsY5DpraxkjH9wNbTTuwGbXCqqv2V9j3MPhzxVVRVDE6BPnFvwgrZQPfWmCp23EiRwmGiyLPBtCA
1774584066	2pFJvpKE7gqStzFe42x4L4eznph7mPbakErqTfPT3ebQMm5w9LWeCpGazGvTbyPjn3DTsdct3DmvXypULoWDLWEi
1774584066	2dDVrZxyvgLqrUsmfXG36e7NNQ1HAEUULsSqF29C2RjA1nPeK2opo4oheYFsAmtxxj5pw6DYUwTDVNxTQ3DkNxfq
1774584066	4V1F9JMo9LSQAUwpppxvVYPxTrMQwiRJgZYUvqCVEWpZcWQpEfafVQKjMSY4GeokB9wYAFvM9hphRYyxvwhoiA34
1774584065	4WkEM2hsrcDdm5Ntg6z48Eno9MgkmecHtqhw5phKL1XYGCJvjvbRQWcqQoH9xFR4PYRkSw9vPFBd4uomV7d5eKc
1774584064	2hBNgsE5aNKEGQRquW9WbM3kttzkAfwhnjCXgg8XFqSEXpU29cfg3iG4svHuWcua6YY5pMqe277w4o1uhH8tTRcP
1774584064	BccSpu9Pn7ckPxghXVHgnjY8jBVVWh4LZ3BmgVDLXkQo8s9orJ16cqSjJxcraMmDseKh2ZVzqCvexMvivrxsnh3
1774584063	62dpQUKggoRCtdS6y4a27nSN3epSUcxLd5bEHRM1SpRKpaLvoVTaniW49LV3WVPde9asr7GybX8r2x4xduhxpsrX
1774584063	5TCe8dse1rVwyacS278HHeP6hj4T7c8JCVN4ZdBs3oXtr3Grho3nh7oQkh2P4ianUZM4hvUheyVSGMXVF3cTamfJ
1774584062	J3Su5TJ1gGXxppjFnKBtttDXE6gVunWkKE1PPY51KtgFSzzv7gh3Tf1U8o9N9BRMTB6YxG4sfdHuFd3fNQBTkWQ
1774584062	4b8GgncETMkHxPHqcmDzbGxMUGXMjLKjPLqxJk3tM3xTf7H4yjfDCHfcKZqLcbhZfbr1rczK1F6wo3BSZsGZWjHS
1774584062	M3Q58yEsSBieYDWoKmGEAsV5MZy3iqcH8kftJDBqz9EEZkiWYNznxf6ZBkSymVtd3Cz3bfhhCw5TDQMjz2SjGJE
1774584061	5c72FY9kgmjN8KrET7bhJUpYCfqcAPRKNu67LX2h22gvD564o1QN7JH2JHto8LqA5R5KkWt5JZVwWiDDbTRUy2c6
1774584061	42aMgZrjwSKFkAZNBA71UwoKZpSik5FyWk6KQg4KDejz2WzKrGBhfF1PvqiyGyGkwMNruVWYELFQ6Q4bjsp6eEFB
1774584061	2T2vesSzqJVvnLcuE4GXipZ33cjwHnUBYL2LKsGAJRbiVV2RrW6xWpT7dZqpa8Y5PkPfwK42YCkzjkAjceTuVuh2
1774584061	3wu7kaPCbnaMY1t855CJ6CKyEw5z8Zm9jzXRJdBouw7cQtA9ChBCHjuTfc439CfsgJP9p871komYZFYGStvgKgJF
1774584061	u6uFtGJJD4YwsdXNnNJukX2yaD9z9UGvSe3tnhixTC5skYMLqyJ2jNbaZMJaRB8bujeqgr99NxEhhpFHfqTnQp6
1774584061	4sbzEYFFisBMshTphvyL6DhoN9Y6FqWy25STtnk4c87DvqcHs4Vzer9KnB3DykmcSD4w31ts3qXo5SaFPp6KdG6k
1774584061	5M6ujdgrmDvkijjHR2R4uCCJNqNRa8LNs8kbK51aBXbz6rtahyKGoeC7uAVCNdDkCRxV6DA7xUCJgo8HH4VEd8ng
1774584061	2aRNmNa3fdqcrVWnkxkt43rdCQnq7Wf3u1P4AtM87f2rN3Ukwd8qHLpRZvkb5HdZoMmkFeJ8bCW9zKfnQJcLdo5y
1774584061	2Hu4hpyRFbkN14DpESEL8kcmAkvmW57tnnzrUQ3cmSnNzTE8DGpf3JVf3TWLswz5FcYEXoLJ7TKfYgLJdeHn86cw
1774584052	5bt3WaLKB2K6x6izwKtJRsXvYsENFXAkNAd8wuqSRoJ7fhRPNnk6HnzMBEchUmhMc2icy96jyRWkoXNtTmy86Qt7
1774584052	ig81kJ9nAja1dM1qiVb8z9uqKxV1q226KqfetvvbL61FiR79AsYyDt7eRWxRyRctEBJpfmK2DoUnN9n3jngxb3b
1774584052	3qSELqr3rSqfNJJnHu6ZvrSHnmUPfrB45KfKGLgt5mF9RpudZ5ntUDg68Mvb2Kx2PrCazZpDz7aCtB2rVNQkEPjN
1774584052	5D6wWY14vSMWfU4HVZ7beaWRigbopdpuPhY9S3JX3V4XNKbsuLECfz5ccipjXVy2GDeexj8wwofAbVaJockgzwiu
1774584052	4gC5jMyqGHFFdQT3RxzVewKqcHQwKB9JWLpH34UAFqkBtiQLKkoJqi3N27Ln1vm6PLN3WqwKA2Pv7Y9tinhJCtQa
1774584052	46KA2wsXBx9WVuCCDKKVmsFixFpxvW3v8CNpiu5wZR5XfVotMvbcwtT7bLUEnt1yGctgyFbfvg5DnHSpBBndD4kT
1774584052	5gK2PutsbyuiogGxAccQAmFNjqeZhAwx5WiwtvXzHmFyACdJvcLgpFuAeCcxfWorrucL4emqHSjYrMwiyUszHkyu
1774584051	4HFydwNdkemqzMhnYqDJkPFzS1p86h594SoL5MHC3NL58Usq1nSZYuU4nhtGaYEorkDy3CYfpNDbtVBGNpmfJ9AG
1774584051	3f2tBmnidNifn2C1miNbRpVAqsZBMY8VG5xG1k1yYVw21GuebjPjkJ2FVf4Pv7SkbXMh27tGvTYDfnjCtPNPoYzH
1774584051	4dtnGNMuaWKyEmp7MVpvEZ42PZx5qbodr21i3Afj5PQQaN4c4Buk1H4sM5GeFJDLN2LGuTriomLyDyU7jaELRhmS
1774584051	3SyMYEEVU4BN9NSvHyVAoan5akJHoLKjLzHG7oiEXDTcBPxKkHh6RF7LCabcACv4LkCJFHoPNxEVAPXFmaMBTzCU
1774584051	4AAi3eSRDGdSxaPJy1yh9jgc7WEsiCU4qiHndRYFGnTJ1neT4eYgV228x88wFbmEyGhFxKueKx6LPSjK3nzL9CAa
1774584051	xZmvgsMMmMPc8mHRVeZPkASrmGtxGQWnR5sSAkSoTGQtpuh3GMhhrEtsBDYih84Cuqog1uwneBvWgR5ueyuikzn
1774584051	3odxejmi73zVeHx5ES3zcT1Vc81upjBKcDDjCNVmr8iNWzi8mP1NiEE1LPPBgHW2cVVH5r7xFABqQuN3m3hsQJVH
1774584051	32XR9oRiKGDPzMQpFM73buaw8Umv8yzEkZ1wiQ4KY7QVa1csPJHbN7CiciXkCpRRwuX7H3kEKoqrk8oCzSKuuBQH
1774584051	5BzYtvid1NdyD7iw1AmNimxyq757okRZ6BuvCxrrBrVbt3pCB5pkch7pRAKe9p13W5KShgv3UQFmcGigGTGDYoCT
1774584051	gpHwiiFZhLnvYdVfyz5LcYFpMLYAxKe3VD9cgn6rndQKS7Kmk5oTF4zCmnDrwCEZhDyPBYwtiZrCW7yVyJXmhY5
1774584051	6J7Bzb3XDkH6nvxb2uJA4v5q4yL9od6xwaCUpwdttSYXqLk6awJM2Z97XuTdodTbHTfEWhy2qbaUMNvsDhsmjcp
1774584051	5TWonAQPEQiAEV5p9ZWtj2coWFNPsDMhJXXKe2t26aVeF45uMwhAFLQg96e4EpBipxMD4za4gHppB1STxgfnytL4
1774584051	4eh3heiZ3qkL6EcXMUiT18W89BC9wprys9XqxbuwjiktGNbJrm2dqo9FnxLjLfSXouVDU5d3YANTTMsCRytS31QJ
1774584051	564uhoxpGQU5qGTSSYMnJ6NeMJ7fNgUwhTQNyJp1JzFea2JmUQR4bJDPrUXafeGapMKEahu4GdkKnaFTfPdT3XXS
1774584051	fBsLfY7XpYUhUnq8WJjFo8ZWSpwjgVE1jsoD2vv8ToSmtPQPFunYHYXmv9b4XGDEVWFBwLzwjJVZ4ZaQmM9Xhhf
1774584051	5CqxGcHkhjqvUd88PCCZLGUxiaSg69SWAJba9fcb1Dh27StxR7Yj82KdzfDLZtqVjfGHPRgYrVszohSbvQKtfw4X
1774583721	3vzrArMvMkbNBbNyAg1hoAsvHq3ut2pprNtMvsyPwdk8LU6zsvKqAUAiNNJ8jEGz3GDHkGNPTKLsXCKFpo6ybJ8S
1774583206	rYeUUYzHR1CKP8xLMqxDnMAsRo4HnX1RWKq6TbHbpRQUyYb1oK6uQDZX1UgYcfY7Rmst6P93TySJGxH9PiWZVhS
1774583206	5gY8tYuP7cuAWTfi3UZR8Njfw2uqswHqbnLGbBBT7ifomCC5RjdBduyC1W2sEM18KKxsQCDndGpM4G26UmWw2yE9
1774582018	31YMxKb3Zh2LPMQsGbZbE1nn5G9RABKEPxsUywj56AayjGPRsFb4qcys6PWSnSJ6Goi4EbM1CsJjqBnhQKeaaAe9
1774581614	fr3qob3yxrGCDDej1TqSL2E9L95maja4MRry3pXhibRuvFiNCNQPKxpVeVE3BvBJp5Ke7GFAQVtjhsgyR9ar7oD
1774581110	5GuiyaST3HZUz5WqbrJxRngU2VDZ8vZTifC6U1SK9SsXRD9aNmpmi5xzHF9HPsKFMT5dknLHftScxym6xz9KUhwE
1774581104	pHpfAN5tHdJff6DWKPa8VwevvHu46rbmyXTfWYLUGen6BsSPrSkTT42D7NBykoumh65r5DeoG7DVRHY8C94tYFW
1774581104	4ZbdsnpUVcnw2yZBofityHFntfoNfR4Wo3ScxzGpjKbJLBqTPr6tADtkySb5SqBqnmc1R5F5feiUYsHvNW9v1sXd
1774581104	2x8LYjbHrNhmfc5rQvWp7DNxC7FuUWnB9ToX1Rni2j11p1XYyhqF3gPwiP1HGAJffW1ACyXAkLSNqVJqomxgfd6
1774581104	eNonryphpr23JfLLyV5rv9sRLFiVwdShLxicj8491ggGmToNPLmBzjR8JqLVarzv7LKZVzVnmeGA3F1K2pLQLkv
1774581104	2fkqD8apPEdsE9KHK3jW8ymhLjGZaV6PkKWdUVTTn1gWFFrhvLRxx5ieD3MEVE1T29dxntWGsh5qWW333Pkh62FM
1774581104	2q1ZnsUC5Ky8PReEC4eFDzKScW7gJVrQPRjvxdCPXvmKgUvTXAnh729j3uVzWDYHbejkr4Vi9LCotknj9jV84qBW
1774581047	4UkwGQc2Qd9xGztpXdSajMqdPCm5WrruMN4pC3WUw8PTjKqSihR1vbN8Sz6ie9Ve3Q63H9cDpGcxtLNBAyin21Nj
1774581047	z5bCWbBrnw5JMfFVvkuvyVezKfrvST3XXs2jQrSvdoqEkAZJ9eufJ1crxaz69fLMCVeSPidf8cW5TPaBvtAjNbU
1774581047	1aYLijsT73CGzeJimuyL5Xf6EvudVgVJe78pBakBqdb4ZKXWx3Zo8c3mfbmTX1yq8ibxqhY3TTQUntocQ4zxVXA
1774581047	64EpSXhuFSgYP3Yn2PnqPX9zu92Pibyx14V2XPBVA6HR1dkaZcAD4jhdJGq7jJEhA32JTYYLyucUhqB3hgVU3jkf
1774581047	2p4mzKUCUzwYjpi4qMpDWDXKoXrsGjtg2RvhTbBA4ePAkriY7nTtwbiDAh6oA9tJ5z66gyZyRpHRB1M1TQJtxC6x
1774581047	2RGMaodBZiiCcEqLaq6BzT3U8K7XhdGt1hnNR6tSuSnxZywgcMpDa2a9iViD1VV55hQm4wSAAcoHyQG1QwXb4WaU
1774581047	4GZDrt2HHLi9qB3qk3SVuwfV19Q2x5sKH5G7pV4JjsGyKYqiar85fvFwviPMt5wjxuwY6xPXKK8dmGqWnjc4Wbxw
1774581047	5ShrUVLSNnhk5iTSDF7hpzWVPyNPWhedyRBUi2qhrnYxj7wiy97xdb1Gi5U2Ruuj7r3ou2KTa2u7dy72NEajTHHP
1774581047	3Da17FdyPBSKULfydC5Cckx85DrH9HVU58iTPNxRjghnGgkp2zdkGz5GwjRV4UGg873ACD3P8Y7DFETnLuasWxRE
1774581047	329531dyhCrTB4yVgVneVBFtWy12jYJQ78jgE84nNsH6TJsHTWX1Q2czLJxE3NCw2rF1THXhk3u3yATgEKPeCaGu
1774581047	2s7887GxnGMjVKh4DS7yKPfaqKMt7AN6AJ4yVg6AuAvLsNJzQT1KoutRQCSo4cyot6qvh59J581Dow94g8gb3kXU
1774581047	NVc8URCshfqmDDGwXZpoBYE628EBfZKjm4CpQb4VYvnnQ2FwYfVweNgEWuUHYd5HTPhAiJFxn1GvyB8mbmwSqcP
1774581047	48sYBYrXWmecMfKysqQkQSZsb6RNihGZxg9DeeuMPp23BZLGu8CAs1tfzaVYGQqevSZL4b3en5sms77s64HhorrW
1774580963	5BuGcU6iv7ThV5BGDKc5XdjfS5eaVoZnvVLVBdrjRcZFHPMcVc2bfsjTrBbdHEiEDir2to7C8Zsce9N56ZDMtuLs
1774580962	3dFtYBn1LyEqZFc3kfKfEu6cyzcXTWPUXHJDvf5qDpnuZwFmB4QzWefrEbXFAcBHt99rgxtSoZMvMJFSRHU8koRQ
1774580962	63HeMZ1T2a8rnHiZqLS7ykaYgANyqNQw1dbzFFHMWkwkBsK63Lvu3jhPh6VB2kNdzNiJaUtuV5NnpXV6LSG2etki
1774580962	fPBvGHsRXH3JyeZJwD8ditewR6rwU5jC5UgFZytEqvm4G83BD3fq8UF4MVrPVctnP9w1dkLxnaHu4vgggbTqRJu
1774580962	2LT9xQ69uHdxs61QrNj6dWM8mqDfvThux3nDjQjBCCGxxWoqLaEoxdbeeV7BrjyUGR88KF1udNTSAfoa7fnnAwjS
1774580962	4gaZDU5VSAPZrrAYntjPScZa8mghF5mhgvGcHvdixmYj8pKotosPXCLvG3nKtCxGybSAMjNLzdyqmmPDqiqWTAjT
1774580962	243trShPPcL9g385156aTwkpqvyK7pWm5BqcZwUDDabdMb8TJMUqzdDTiKSefRNtPzBDhP9DWYdFeaPF7PvvFmpS
1774580962	2LMCoSTtyv83euk5mg2bu7S4qCqroR9pwQMsW2J65C95maA6r32PPA13AnodS2fPJMBg6FKtWCr9vD9goEHn6ZCq
1774580962	Ndav4DiKQksLRNev3dGJ1NmTn7bDqzP2ADSZWKTCeSyaLx5hPfoEyB6y7T2DzVnQxKYR8cRpMD1chRPFtEM2moZ
1774580936	3ZidsGri6rf2szWBgA1ZMjPonUVjoBQ8jPaobRWi2mpbZ1yDaKDSgfGofcHPrisfeL9PpSnP6cXDHkjTUcBbjzpu
1774580932	2jWkWv7fttD7UriJvEZhgYLVpyjYyEqFXJF4X8P6AJKuwoLyJ81n6qpo1RHgZPvXKZKQg8tNpUMgQWUyvHUi3K26
1774580932	4ZszmdFb37PgPWHv7AgNXswdyRc2tAtGLth31PVGNFP7TSMmZELDdfC2AVD2rALLoQqg3tX5cHBvJ2aGcU669MZ5
1774580932	47E9e3geX6qb3FTxuirCVkjaxzmf3TWtVgSfiRSq7ZkYx1GTffysub4feus8pWPb8zhkMD8BS4difM9yYkADSdnz
1774580932	4emES2cmD7rHXSWVRz5RPPvTUvBnGspsWS6xoxBW5JoxJFrK7hHkHytPxVWUMi2JSEEmTnWu9tcu9dZKCtU2Zbh1
1774580932	5ZCHK6Twa7vhFkTVxZmi86pHp7cXrfmWZQPgva76XfQbJfNRHZ69Usgp6kMdAbotDSrnSRWtn1RyF2tpkK6zUEL6
1774580932	4hXnePYcyhxBadKFjZsLgFGh9arcxWWiFJKhp22f1AtJf2L1c7SbhV2graUBx2b98Fj2FRru5qomH6RWGLwRRZUe
1774580932	37kRBs9XTn69A72rmSzz36jTdrQRv1DziY6363sYs13TCnZutq51WAy3YjbCD6L2eQgP4CTjTMjDhWpwdLY8oE2v
1774580932	3siZgfbHMvcCJbUtGo4ZV8eqF54AiJbL5syHbnHKr8oo6hAVSgJRzKJr5Zq1Pqj9W1sxcsBNohH38L5hrLznFzPi
1774580890	3vaC51ZB8AVmmss6133o9M3WfAXwWybaJ2Not8jLAj7gWwWty5KbN9cNzmGamvMn8wMZaSnZ3vZ8KohCBQw4vDFu
1774580890	345K2p4HJveX8ZxNJ7Rv7nyAyduDefbkFTRtFso86cvJi4wcaE4ZQMHVY4L7mSL3KWsgwnRBeCjf3Lq4ZcRfKbQT
1774580890	2FbkSFCc9KcFmf9oMLwmaKySrrxg9MM9CFXPsNdE8fYqE3cMvfMyuCtJt6Gc3nri542owo1mRQuo7avguZCFtXPU
1774580890	3GozymFd8ecSGz28kGDTSWuRW3djUY4NeqMB8SdiRo9z4zQzzyq4tNsWvzLhP7wWxin7hce2LqbZrxwW2QHbBqFe
1774580890	2A7giWhdy9pN7ZXUT7NjpjLvEMaMbnszku3XrKQxk6Dq7RPpzMqGqzfGBHHSTJY2Cx1pH6pkFoDpbmzSskXJGN6A
1774580890	4v3mZR2pfDN6rrHeTGqbMLv637AMTzwYDnuYGR5PWDAvTnY3hSXpPVdYLTKaZtamRuoD3UsFhpdavQnKazZF8Whm
1774580890	5awtPbazNdtJkPYaLtyGEyY3F9HNPyu4wt6atyALCJdsQXtJXNvBCZWL9nvn49Lwoe6c6sF4X84AJAUrwjgLAzr
1774580890	4166XdaLE2AMKLSKbT9qexU89wewaUh63cZzDdB8ffATexQBeXD1qvfd48xyEBpNa1GWUxsjpLPDU2HyGg9Zwa8Q
1774580890	35scd3d2wNrwArwAE8Ke9KyE5BEwq45dKaFMkhqWediPje2BePmqc1zXiu4JrxCWTujcVbJkQ1quScnsKFLjEwe2
1774580890	3gGKzTspYqjdeygsVkt6D7NBChavuNv19obvipQ2hgvWqukAHExybVNPwVLwxzfmrUYLDgzTRiKx2ju5PcGtyfCY
1774580890	59dzQV3Vxn7YDgAxcVs1wA5YWjn55sFSwNKXRvpen3PZSVL4PSbiZ13FqLaynNRB2vPQAM7m3f4LEdQdnPnVjG37
1774580890	5qo7T3UJ591RBMJsHpGzxdxCrkLMyV6TycnWbteFfQs8xuS8StweSkg12qanNg7jmnisDxCeCAtkr95JMpR4K1Ay
1774580890	44iT2Uhq6RDr5BDHdk2TMZeZm41S4opPoVC9KaDaYsbCzC91APALsxxrY5f9SCq29fu2Lk9JbBYk2oGcNx4x86WT
1774580890	QvNvkujAur8mMULfcYPvzJemuMLdgdxwP7wyc7xBM4rjHEX4cSB7fpqfqqyiydBmymnFzXhFX3uzBKxP6DfoL9v
1774580890	Rrs8CoWvtRkk6i94y9edNUJ49tTSGtyzLm9UNR9q2VSoU1ReEMpyoHLGecfJj4eJu2s2gy3cNpA3ZbBAnLM9xrD
1774580890	JrDwQTnVSQDKHx8y2wqAN7aq6WpaAN7L1Fa3YCfnxoDNDaKAR7bRH3Ax31hB4m9QZgu8jR3c3QcKoQoPzWee513
1774580890	jx21swqgL5YJUYYJ67Bw59aoagEFcGuh7VqpiJX1qu3Qx6qZ2xizPftauUUJ3MGXqYyK8V1Lc33g7ixPVpFJqwZ
1774580890	KhZsY7YqPncf9cE75ZxTY3SjEn6LxXhvsy7fyGrVM3XKnEF1hB41JCUGSXkFXx9WLPwQY3KLzN72jVbFfV3WnTc
1774580890	4n1STCwTkNctxYeFv7JSi6Y2KaCaDH29Moi5GviNcrC3NHRQSEqP1caWyq3qwpbCWCcm1uxs22VBkrCdLebcXa3B
1774580883	3KAxNAxnEkMy5tHRaMecttPnUQaeJTFJFSpvkXzrZKfJNkmoFcDAHpXy6BHXUQc2LLZ63KfWX3Pyk44FypRZNb6K
1774580883	66vATkzetzvAoHrEw8z4URGUFesiDa9W6YNrZW7hHiF1cRhYJm2yqiEct2BDa72BURYZ7esBXY1Qifhg2V8sFHMH
1774580883	43Yds617pg8TsVYAoSZ4LtKGeH6utJfLZUVq8fwnZ34F7TiEBsti1mGJtokVzrF2D1vXiVA6UgMHbLVJfzQS242H
1774580883	25kqMZQfjt6zRhVeMex4UVefTa2wbbXomGXeq2Q9pXUqwTFb3VJLhXFrobFf4Mh8XKxVkodWZN3wWPS2a7xNwFbw
1774580883	46W12wvaGv1mNEKqqdJ4D2siRq6H7DBWtkRN5Epqi7CrwB5WDfo8GPbs4QEZ513W1hESGFydW2NWtxG3waZ6THU7
1774580854	678f7UeBrdXJLozsN5qQBiJaihwEvD4TPZAWiJzvVxQ1zTG8TAuU83cAV9LFm5RX6TSyEVNitnXLKCAQqZPEYNMc
1774580853	5cpebqkPe4mLqRJbhYqBWYZmE8SaULkG662a8YgmLAaFTFRiDMaP2SqK6pzrkNQXTjUWwfCUGdgTsDWJS5NJ2MQd
1774580853	4w4fhBcZVUgb6CKzUMEVmCpzKWKEHk2GvGfNiibEWyAWXzDLbY9HmfJwhVFtHipehcEVawj3JdaFa1f5Q9cpE6JX
1774580853	3AeJNvaPCU1Q8o3WvRnynfNNUxoMVyd8Mz7XtGdj4vfuiDJpc1Vkz11QX8nS3chmc8gjXFV2NdfWSRngd8j7kHaq
1774580853	4CEKA5PHNVEiPB2Ej4G5mbdboPJVDuXYpKeWdkSFyfBWwmaZ8G4zjUTKs3wKUGiehvNnUtk1HQMCvpvbnV6qt7oe
1774580853	3RcbLi18M5GzLc8wCEt4dznorjzDVeCh9ZastfBiHh2EmhnojVbo6jmKDqcm5ng2yz2gH4SejPV6biE2yAZ4o879
1774580853	44YZCHiy9iKnhMj5tBLqianwoGx5FCh3RDiPxt7iMGwDhfN1g5JqHouqHWwBjCMEE7ESZCRmocypRjGaRUCRZMh8
1774580853	Wr5jPJcfYgwv3E8RRgA26VR7QB4wvSzqvGgbowi3Ve1Jk7AzdVD3rBmGYVrEYvyntemcScLT9RUfKN7RXg4AF84
1774580313	3hNnjzAPryD93sXusSiRk9gphP3iQpaYB81TNsyjApzgDjxcKxi7muJMBus4fvm8Q3vjkifwZgcJbu9Cqssb3MP5
1774580313	2NpTrrKzLJf7xCf2SjKmP78xu8ouWKJ5kpNC5eSTV1je856LRWtJsBSFfgjAF9Mw7JbCXXAYrxzyPFDSJBYbJ75
1774580313	NfVK4aRX9aiJ1Hx6A1xmJRPezUthMM83GvkHufyefwcy3qKxVu3Lk4UAGRUxQjraGYVNmX8NBocuU3Ma7DVyWNx
1774580313	4etPwEXPHWEnh5oN3JXJTw3KBpPvStEno5hPQUZF1KYnmAeP17behnmYsxS92TbYTgRCci9UZbJwRAmRWLFic9kZ
1774580313	2M8ouofCWqxZWTPZeZTNcprr4B9ahjnwjMFsW2o8cKikLtpA78pFqA1C3TJomeyUfijFB4JhHFr89XG9gUovKyA
1774580061	2QXovbhV74SexhxNTXj9PymCFHTjBKn976hK22fwziTRVRkND65DXnxuqQHZTocw8V5TXa3VQnP6FmXaX4PmLoZS
1774579422	4wKeT9wPTL8878ErmUk1xAtiTmeGvp8ADkv2gTm3WSSPV6e7u1TtN4KqbiZC9UuY2hmDBWDbCuvTrVmYkV7oxrR4
1774579378	5nHyQ7d9fmcf5H8rkiZ1wPXhrRi89csw65kP1dvS9tRwy8mpQqpEtvkbR8yAia4taxhan2Cz3k7Sd2WquLcVq8Eu
1774579323	3Caaqfh89CL9VL4djYFUFx5gHWxhCbDjTTvbuqgZJkSa26x5KZE2eVaQEw8fWzAHF1C5aWeJLLxfrXUvVLnBK5AY
1774579157	e26BhBWuvqffzvLqSDFqMTp63GAq5ZQu5F6h7yHeYozXzx4LQZXHx718s2LtzHbbZjX28dZ1nPJCTBigPAXB8zB
1774579152	5ebc26hTfMgivsBk138XvHZ7xyzLhznhKXWooT6okER2Bg9qR1XjrbdF56xGDojqcwuSVeJg9upLFoCSTsypjjYT
1774579122	3eGE9351h9zY5tBF2uBkCmYVBtYAo41DeMr59Tgz644CC5WZBe7MVLzdMb1Wofq2bC5SnVvStN2JFi3Bpgcjp8z7
1774578131	4XyX2Kb6w6mTYSkNiCtew2b2YCJWf7yEbEnZYataTBmi2kRLp1s6vVvjPjkroisjZ82WXteWFSRtZYHHkzEy2o1A
1774578118	zrrHsvf57rnvrhECRs64RYaLYUMaVaD2NJcRA4W5p8szMUL8sCDXRDFnXgg6RjX8ehGkowGYzHy8Zsv39AgVWC5
1774577231	21cWX2VWNYt3EF36ahhGXuUQwhNoUrGXVpihL7ZG9dKzG6Hrs9pfLbXohzZC2X86P6KCMpdGU4XDH7g3D2jSiW7Z
1774576085	36Apq7Wd1oLMZA8V21z3iffiQbCduUKYQifHgkgwpgANRmA1qNo8wS12JzsyYTUqnvgqftX5tnBWirFZqfUGBxeG
1774575132	654RRMkKC3snJhMeVYbGdCK3Q7ScnduvDyk1qEL1CECZ4w6zSxhN97LWtpjc6TkDhHdoTz3XitF3PU12EuciLJWn
1774574894	3KrZGSb8VgsYDPNwfWoGHFeFfqbMnu2oPAwo79LzBFsurDK8ZZ8TX6vGEfVSb9S7H4PrZPJTzgfXBmtErc9AWFpR
1774574715	3xsUFGRWpQGyPNUmuveZicD4M3LuBuEFbCY9iFtswDmBuivunVxof7SbMgFpyHj6MQAoU76DnQCFJuY8FcLa7n1Q
1774574580	Jk5vaHvvfNJ3jE2a9SFHr4ZWCi53bhjqoGQ9WetDD3beppHCNDs2FbpLZhVt5Nkf7hp3XGmb8BZ3g25j41SVLpB
1774574567	BxhzePYxGQY5bLLHaCLGnkm4Zt4UBE9GgUZzHz7EQ24cCbekrRXiVHKRDt6y8Bcn1yPEnWYu6YYsYxjg1hZpgWa
1774574567	AVZoqEUqMZJh2taWHQp4cjrNfd5RRiGQ3bhqmuKfjcmQNAPdJJSeTf6WFEFeRpKyYzWTxM6hcjqjLTzj6rA36W1
1774574554	5nMVqkniepHfyFckwipnGeCTKfnbZwmji2RDJcX8iwKToCxh16rQ2aXwewQ8sCeBKeQwGvR4ABPLd8P2ZD2oF4T6
1774573906	3bJfAyQatA1XRFvDZHFcJeUzku8v2rjn6hb8va7LtXX5y3gTBymKSQULZXvPyZYpkRWJ6U9rNdW9XKQ5UYd4UB32
1774573890	24heP4VZj63QUM9H5923Bu5NgBWYnSSTzfmMWW5YX23ZY8HrugwK5LnPVUHsbvsZb1kCU1UGpLiYx19nJLki2em4
1774573878	4ZbacaLPGWeNA57Ck4ekMrkViJKWnGQMVHTuZXxs1D7DBbzzSiU3gd8cDYjdKnAR6bYRw7eu1RVA46h5b1LFqGfA
1774573555	3DaFzagbvtoJdJNUxHZ8LXaL63UHT9f4D7u5mmNwuF1Xax7R6UBVBXw7jq9sDzFGVQqjG3iC9K9MBbEBdEcc1c4P
1774573145	3ogDni99jzJZQfuik3Hm1uKkHKxUdCmXzA1zYdT5g35NieMV8faLv6UCXyKpErBpETKq5hmDumuDDnmbtTakfvQQ
1774572651	63Ppm6MYJ8ag7ERuyXpN3cVHz1nKZY6u8uC6GzJz4XWPVwkArod8KRc9tLvp5GRoyVZAztynxuYSbc6ck48wJ3cb
1774572530	2W8nh6Kwy6R2zwUzN3XLGbTPd2dvdNrQZZWiwxtm2ZqgqKaDCXdB4gxvvK8XG3PQESFio5QMb5p48fuetVvrPvZp
1774572527	4aYYerD1uFAJBWrh8KmCXBD4SxnZyuFPvpDUzonYNkt7c7EzDDUEpL4vvvNrhMBeQ5Vb3P6JKeXpxGnssYMHvyxe
1774572526	3sMrJm2Wq9xxebXe8PGoPyBtLYQjMH6A1RQC8d18ZsHW2Ay8H3bUbfCfzFsvDH3JaaM82zx6NbsAEvSLsRXpxim7
1774572526	2SbkenqKHFYUsLNYuS7X7MsbqvmQfrHCoYGCc75dc2e3F8V5VtZbGM5RdM2nPLH93qk7FS2SiE27TJcenuWqUtgm
1774572526	2zNKqV9QEqdYBokb3tRCUebMvnY6g6WT8mSjX6Ro4nHhMSpoj36vssZSg5fqs5p7L6gXiYJUvXC8bss38aiSsysK
1774572526	2YRgUYdNxfK9jvnc2gahjtx3w5cta4VoqrgtEQRDdbWMR8SprS2udfy3Lj6uh8fa5FyDUDCtj4zT15Cbshaf4KmQ
1774572526	5AwU2PLwTqN9sPLqoYaS477bptwUGxmM2KyNJkQUbqmwVnTQqpSmSgcU1sQRk1Nj2rrpiBbksDabgZMWX5oedugp
1774572526	4MnJMZ1M83tCtrRuFoAocAdvpeBR6jWAHnrph3wUPy8vvLR7YMRVUSdW2NEqVm74ychdHyaNuJTFjtnfEHcZVwjh
1774572170	4H52aihTn6CKncomMQitNXJ6V9wyMrm4pdEi4eLBqMc4vuGYT53fW177yGTFKUxWKJVgJWuicXCWGxvw5UoD9BKH
1774572012	54c1maeFipJ91Kabj1EaTnuUwwkKA9sLggVk3GSzxbLoxvhscF114J7oXPwjPVg9XHKTsxYfqi63UCztZfBjwcZ6
1774571928	2hXNUSw5KLztDBALygpHzAvhRNAZtPt8eCR51jajJLsHV2VuZFqSxZ5ucPiu4xF6NvDXwsYkwtjeG8NbyjugnJKL
1774571907	522AhRdTSncvB9vV1m7oRXVnhB7QjaGKMHeeFgaYmKvk6zdtErZfrvpmxidJ6oHqjEYWoFCQCsrDeSe2aYh9LD3t
1774571907	2AjiEchjvc16MyK2ZLdKYxzQ7zP7H2qJspmsr54hNSzBASQi9HNjNQZaSTn8rJJZRkhWCbMwYYkRbn5gDXUhmatQ
1774571907	3bqWNruf6ab5HcuF5qy3rBHfPz784HnvvKDCk7VTVyrcvu9aF98XsZTEkcvBKqETYAuw87CRPWWRXi5EYfZpnoW4
1774571907	2NYSQgvUspWu8UAEa4Mn7mm9T5UVgG5U8GG1Nbbmm85eMwxUwYNaHwADiNccyKcFAARFxm7RE8ZSLTdY4kPyboN3
1774571907	B5WTDxSV8VVPfAEtNfx87GGMV3ZLLR8q3Z3BkHQSa1YjDZ4WY8pVu3fKP6CQ8uA1Fa65QgUjSv7NFzPCW4Azu8J
1774571900	4sXTnzLV8JTesx2tyiPAuMrgyUBBRV7R2bJhsVRqVZmVrVWWUXUCDLHTUjGsBoyo8BRM8k7y8aTRipZdSSaRCLD8
1774571878	PkWAHR4U8xGgHaRWHW7VMoCaXfMrHUpFUZc3C3QNcd9oMXciV9oqaeiQcZRB3hq6BB8UXdPR5Y9jvNTEnhpLf1A
1774571877	2NrHK5nMX1riydkfqKuFDQooV12mxCaNJjL5xETHhxpyYKJ7L2jN1Z86M6NEtHb9DAcXRXQ12oAQ3Yk9asVQJ4TX
1774571877	3Diu96UkaHwd3j8sYV4aheje2VvtRQcCqQSfsqk6Xq61dHiADTQYc74Hqtjjx3DvEZnmxHsVzbJnsLmEaA7C6UQE
1774571877	2mgCd6mrivqeLYybUu8kvNbCxeP6joR6oZSgYBkLP63oBxywMJvcGPWtXJ2BmpHUNgZsit9iUXvexv1VuiDvguGo
1774571877	ryDhzG15o7bmoZs9MfaijwFqGZUUmpQy3BochuoT9NFKc4ympXkxUh7KW8hfbzhebsts7ZXmmF7V8h366zebtXK
1774571877	2pxYukH3yy9YST454WiW9GSoRy5BmQSJKyQHU9yaxW4uvgp5Gx3LF5uwQY69KCyEdHPD3QEQ1qd7xUHxCfWSUVrW
1774571877	4J3VLZfjJxgQNUHTSErRwvXaxZeB5M8VkDqXQ3FfcGibFudtV9PP23BzCYUFpwAAqk2AFrPVXiBfJnswPsidPDGi
1774571877	5SriPh4V5oxrhCuTG6L9bsnBZKBbeyStBNePAx6r5eSZAJGCBnybGw2cnV1criz9fThmieqzW4WvWrEuf7asXhio
1774571877	5tAv9HfAi5mMhXWvFbGjtKKYSdYQxNYfYQfvHTndt5zVje6jAczLnrVpFWdVfBDQtVt2R8Go1sF8c9GNrV78num3
1774571877	3YRsVPUUNge34NLaKCqDp19xvY6nBEjets46WSU1jMrsqz4JZhvAv7Ypg62388RHFY27abEVPFRaz5zkvxzMdEx
1774571874	3beVsigNhvL6jxTTAqreaBxRE2z9EFUJgGdS86U7hSMo6DXtGcyn6LSrTCa7cwJ7pYbCPbtaBt1XC7jxQuNgbx9N
1774571874	61AwN27RioGNWyrEcD5i3oabhBzefDrgvm631LuZvqWpE82Pkw15wggrkwpkghHoqgbaG33w1EizxqqPmKQ6Z4R2
1774571874	JCJQnwvNASAmcprUi7KTfESQPy9a7kkuG5yNk7J5NbuN7WdYgYDJ1jiWqUw5taKFh2AHkyCn9H2SRgULKqpcXeA
1774571874	3LB53T8Fkq52bAJsEsAQyF3A1H7T9KKcKB13udf1CrrzoWjq6qbezQdxykGhavjewsB6U2dXkpY8wZVtedBXKyWk
1774571874	4k5UhSr17LWw3AhMNP9YiwKth2edHcbkVY9TPKY2d2f4EkJ7FatuzSW2gCjxygzvq3JhsGywPTU4BEmG6HodC3oU
1774571874	EdTnkwfkUFyYa6mn6ki8MM4Y8gbbRRGB9WWF8B6e71tSJ8PPJiL6m4g4zopH9ydjr6Bfm5UUM9WSDFqACx2ErBj
1774571874	5FJK4ndA1tWNp8UHAPAohtDguqeghsj3Z1gthJY8oosVwJFHto6jTcw3D1W7eTQZ1geB6WqNGDVchx1HiW58ygAM
1774571874	21G3rVd2iMccxHey66PcBtDt2DJ4BptjUJo1qS4Nx1QzzZvYnsAMyjEC8tkNELZxwaC8nSwSA6yZnREchZKoKtbs
1774571874	2eHWbLkYG4HdbYM84bHLe5TYQbQeZ2WzHdTRZh5D5WGayeV2nQjsegvKJSqiUrGPsz7qwzAn7UYWRzipvumJu8ka
1774571874	3qvgCUAyjdUQwCMuvRGm62P5WN9H5E6GezjuVjhyxBFtqW8y7HfntHX4rezb7W4gkGwwau44a2UWLoqtSJrccFcW
1774571874	9bmDjG2qDMZFnYGyFCCeqNckJDN7z14mrMMEHF6H7BkR4zxVSNP9E3wTczdvi2rzru7ErMkzbW7pJFxAEzy8oeo
1774571870	5vKQ4kxsAHvwdfqYdGeQSU3qZ7QWVVezi2S1iqyoTgCwyhy4dM4U6kgzUhFx4JLNGq49Vu2jXLfLuhCCNcniJHha
1774571870	bsQTuzAMb59MVSdGJRHr4FLAqJATHufvosFqAaQdLNkEKttEGRoqhhJTAMMVzV5AtDoXHRZACmcHJeycEbH8BoY
1774571870	4YhnYLM6QcN8mCnmyME5u1QSiPYXJUd5TnN1g9tziJKQ4yjStjvgRTTixfNuKHKJpcJhhWxmKrpszatxHJD4Sfpp
1774571770	5BmRwdMadmWVmf4CyQ7BP6t4Kvxyinzoyyrr8wdWqBbj3Lkpt84S69pHzd1QXzRqUrFkUmVSxMvJSGE4xJDZW2U5
1774571770	5guze3qQwfE45trDLpTg66hGpor71amvyBpSd6Ffr9dbspRfuzWdg1W8RZHmAkApECwFLphmXEKXDnbhxofLJSW
1774571770	5N54rf1vufE2euZ8W89uE6kscos26p6mevhCCzZ3Fen6jFp9oMqhFJSy7U5SdbCQ9uzxn1S8EwBPtD95DmqeZ93c
1774571770	2REp6uMCTMumgGRxADJuxtX7oH7apyr5uZq1nAAa8wJrEbKsni9abM4fzV9SZ5hFj3ENoJCiizMC5BqiGRqCM1y4
1774571769	3daCvFF99g8jMFqfw66NgiDnoNzErEGoFo1CokQHQo5m17F27L85LowwbKgqRDxd88XwcEAm2dvmP8DonNRWcXSe
1774571769	55ojxPRsqqfsQtf6fgxQAbUkcU8ifXtnFpz3EDWD6bwq7VY1zB8E9FYWoW6Ac2Mo2XYRPLzob9YWi5Cu3ddywuZ9
1774571720	44pJc29EWkXoQw9HqDa5hzQ2Vskz24688h6vmX4BntdpfvryLKkPubJKoyfkJmqzcuMSkAyLHgetd5ieRbvWgpym
1774571468	4WX1svMQJGf2LxFVckATqZoEaMuzLri7GgzbcE5irE4VgJCjTRfrJEJt18ZRZMq6ikz4QCZtBZposZs6pswRAfA4
1774571400	5ZG89RaTvZxE7ykydYCyX6BN86NANcZDnpuUfgohFyBD53FDpV1WRAX8kH4iV4TfdwPr45FE5y2tG6CCyBcyA616
1774571400	fddQzBgoKpTvkB4cFahNkiso1BWiptCSQ48EJGiM2vuBn7VGv2YMaXGjSPGxWZq7a817ikudGbYShgzXX6sFpoA
1774571400	s2nhvmLE3UMfycz3E8Raa6f61odGt8gJSQeaSihxfwa5TN1TLVgvE5D7zjS4cApyy22KNK9my7K7E6mV8gwB3WW
1774571400	5sY2mLtpi2E6AiGmoaNhgZsK5K7LyHTEBfnpgzRWKm4MMzpiepXZXbhAKVpzZnmy5oTyfF7zahwfQWCfdpQgnk9
1774571400	54UHjv8KiWPMpM7NQLT7tu4oZVqaBXfgqQQE37bsAhyuVkGqE3MHwRG6324R4JM83529NjtybaXLHYSi1d6NxVgv
1774571400	4gT5WifBzG8ioo6AUxJZ1xm9HbUV5vq5oKgWcY1N3Gfpm1ggeCdhpEJsdVPo6GU1Wsb32bSUmHC1h8Rz9ZZbyxsY
1774571380	5TERJc5b1yRFT7ahvYDPyrckXmrhN1BY2tiMcV52cPYZ9J4bZyeCwXp1YDWq4Ufj8mV1PTv7cKCFqJxsxDHnAPn7
1774571380	555VPqSQDWgHWkfxFY6dmoGLBbmCqZhmMC9ZPGhi237RD8sEPTDSCcfAVVLpyKKyf2AsmssNM6X6QYvZgfT5aq3g
1774571380	4P9LXCUjQB4wvxpmSPjG9XUdne2x8qL951uR2kZJFCfxtYt2DzwvVtjGyUYAuMSWnorDafPriustsNj9ogwctJut
1774571380	4AF9UMJRh8kMaarbijApvZUDiHjwJSip8qxpK2e6TmVmiCNgVSSuWvS8yr9fu7QdN26SUJbcVehcqHJeRmjM6YBc
1774571380	2SiaZmW7grfCGAvek3PTfKqbE2sad2UsaYQSZ7zonTdpGLsTdgLo2qJXTCv6mtnF9coJSpcaMdM6qERyTPj5SzEc
1774571380	4ggfmcvuiMxqhzxJAvQhYDwGVbXBu95rge1MxcSVe7PjRbiewq65T7cdeQ8jMiFVb4Xn2WpbyNza8iAjjGCk5QNK
1774571379	3FUGrTC45t5XBss12UwYGTfqULGgSw1gM77AJxDPHD41x9AzKn8mpNUNyyiJ5E7KmtwKsAvsd57VZiKUW9PPwZsZ
1774571379	5JohBgxDmwHBoUUDEACiyWSXwuRTNWoydmNeW4K9snhue3dt3hxaT3RGQU7qKd73kGKG3mXwr8Vnew3cBENbeoFZ
1774571196	2zAFtgkiWtNQ5qi6FVQexgaBd2rUKP5L7KAEgPKaaCdEs7eigxnm2Rd7UiC3HWLgs4fXVBeZRuFKwXjzxhYbBGZY
1774571048	2FqPpnEgfYs2q3vsnYSjDD57G9taCxsr2zqXwzK3R2rjH6SkvhBaY7T5yo8ePf3KrLP4V3e8FCna3BGDnW1s6RqV
1774571048	CgL6LvRCZ9AerEj9SigdeTJrGqGApYK3fUbsoniYGaL1p5u1Mr5JACGAYwNsXeYzGJT3dXrtY4E9EwnDqeJ9Jmu
1774571021	5ypsnNUpQQuCSgQrPWnccjPPS2LDtP3VGbipBxxYDzFSSBEXG6G8NEJMT91tK9iRhf1txhbwSLL5CStjyuV43DZL
1774570212	5rd5Gvt7vorSwRMWvkyzVeLr13wHsP9D3SR7Wgkt7qLztYpGqFbAE8v8hamPM8tfqqMvVLeRU489MMNtvewLMRkQ
1774570212	5jz2wxJXKiN5y1XWEXNTPumoWbAKpQp21qJwWv2EaW9ktDh62GAM4nDoh8pJd9kBnRd3D52dFxaHoBmsWWQfR2f9
1774570212	2EupcDjP5VY8J99yxYoMfV5Nxdk2pTHQFFVpWrHR2UcLazydZ9ohC2jmaRB86H595Ceqz3Zn2skYr37q8k51DCg1
1774570212	462epeK32uhuQZZ8Ug9xCJ2wTmFWH8nwTgWE43JfaTKDo7XrgKn7SJ9i3zqwMHpttmWWqe264e1HtGHNucVQW42i
1774570212	4VWdCUngrCunbij9NRUzsvf8WW3gd16v6xF2Buj1UaoRFobtHtcvjBjKsjSzHvjNhgpapCap2BzkArZ8jjGCBQta
1774570194	4FHMof5oZcaVYyUSX5vH2hpqKRqeKzT8eTyaPnBuD6EEAZeg7FYjHForHisaYXdY9mYWw2jNojgDLMxSHSSA2diM
1774570194	tTjVhxcioimsNFSApr3HZeQUyfzkcFLXEGG41daFRitDkKGX1M8go2XJEFyWg6rsip5JRafJKBx3UqiNUmE9CWK
1774570194	28oGKmSiFUa8Xy8c7xHqGqAJDMCKBvq36aayb6u5u2NMVcqeH5AiFN5Xet4xaxse1GEFzk56ZCUzmpEy1DEGnNXx
1774570194	63vTKjrgMXcN48hhtRH6u4rsoxh7jSqC13hnS1fEqcLkedX3yvEBJpjcPzm6bRaqJBA2Wg3RVVq9qJAXSxftaT14
1774570194	4uLSvADH5ERKFYgoqDAW4LK5xdp7fX4Uz7v9hFJ2vgT3QYQqcdNgKMH766GoNZ137XKE598gDxsunooSYzQCcJ6w
1774570194	zZWB7CqbuscbmMHfrkRzBRy3VoQenKaqbeaEHqpcRCxGArj4kmT3asz4uVgJsPgiMM4QS2iwbvt36Y9UNtxe72V
1774570194	3VbUWPK5BrzRHskRySwETNKRdUeZ9qsBKJLKx2JWpScjDd3w7qXsq8R8fsyQxQ3e8pjFHMjh94n9DYMTvPrw25rt
1774570194	4rWS1T2JbpSEX38FyxpmZSGQ1gp86iMUL77ww1qtsXFtBsvW7q54Tf9SikUK9ayV3ESBaooFJKxaoS4XwPEYtA1z
1774570194	2yins9EUMMFN8XUoPF1qBokfuGWTxiBaWCMDmWJxDA58trZDGrNuVJR66QWCpZ7bK6xjHtBcJDzM7dAuJZDmHdfQ
1774570194	3cCuyFbovQnqEGfqqXARhX1EhPszGHhffUzUKoD21jSMPTWv2RF2JgmdoSTg25ZU7ujwQ7Kjg6opCSuDiEtjoNMT
1774570194	4kkKTD5AUqgguaovJesALScwRzcgyBLgtYvgsNPfcCdXY6PgEeyJHmGPhcocCYB1K1DtYcyud2DDs3jnxgcNrGfu
1774570194	51vhiboYvVcyHYUwDV83XfxtKASqZmUb1zMLuUdr2EXjnQodk9ghmVnBzMXctUXHK2nTqsiBHGY4VjGWkJ6PmvBm
1774570192	2aDmEx1WVXsQGkAEtQuHGUQDdjWLzM91HJkZ2tQwEPtMpTkUtqXqir1EsQCcJJ2kjEsUYkEHrwUvJeRUYgA95BH8
1774570192	3M8Mx3TNaGSKYBToapZPKcgD1uSoRF3SjK5oV2sZ1unhQCo3MYcWj4qaJbb2U8Qbcx2L1GpuXgX1ZCBGxJyc2Xy4
1774570192	3Ytydx9eFTJTdKs29RxMvvpLPvH2gyoe264fDWDLDEFBDV929yX6daDzRM1NJuoed8mSiRvAMnjwU6LaTizCG29m
1774570192	5mouZPQPeTfx8haYh673GM6v29msywcfkhra4gupCtzXCDepjxpf5TTd7QkuWUjuuTM51j178jUen7XaSa6sfJMo
1774570192	wJCQ7uPrrqMtkuDVsWFLSHU4WLbLJu3HJn4TeBUrL8L9X1ELnxJMpxMWawLSbP4rrjfr2ZnJskLEHDcKcLnbNwU
1774570192	5FQ8fERi2vH5eZ48GzePq1omZ7PQGuc92dxrZrztAeQyqwXd6EgQkaYTnGuQP5FgUFuL9hTLbYZFoN8AfShLeqzi
1774570192	5iP96teVrSYYN13BRb5Vd3AYbUKtSUbYVtidDtYHbdTkfTp5JCot5Z4oX1jK4e7AgM4fbZ8A3qVCumUXbHCP1Zdc
1774570192	3TAzgsZQ4Rja44bfJaRdCjfN2pbfVeLjqLXZKCSZzazZj7NFxpEJwSuVchauvUs9puxtV1wL1P62mJiRoiuFrCQ4
1774570191	56QLXRVRqXwH4RyMaJsbaTjTpBgbuThUbehNJx9rZmcCw68siekQfRnu3Hy79e9KaDXYJgytUBPfhxQ33Cp6zZvi
1774570191	2GQcKL8Cy2yq7H17pvRRaTJHUhTgXLxwAM4QzqVuvTQGkfNhynBgd8pRaSRhxCKfqJPCtUC4ZLzzPKX79Yh17oDc
1774570191	2DiJJGAS71cQFjrc5pFd6aFqapz44vS2mfTDc5XVu9pCfzRysvsUG674B92pZdvb7FR2by5woRCrzTRbczzgeSuX
1774570191	Jm4JkaYtbUcmwSsKVk4Ugb6CETSFHNATwd9q7H16cgiptYWxcN2bmN3GX1pkUkBdDhPq2Lc3ynEQkCZBYADzJox
1774570191	KosXwaMdZVpuNpKUBSkcknVvSmb9i2KK6ifDdAJmZ64SapMDeovEJqdoZQ5vHa4ZoSJZzb3qYjQMapP1BPjxjMe
1774570131	5vVrzq6t3S2GCgNc2u8Cpg9AVKV2M9rnozNHW3BkvdYFysBW9xobFKZfTNRfJ3Kk8CPAKzHu1UT2A8s2HKQRaedX
1774569839	4M8LL8sKSeGE4NMbvVSWV2etekKq26pndi9QxdT2GuhMxBUFLAPFApkn4vJh6PBWjkoVCS1uynCuc3AZJoDXqs5v
1774569822	61yvBkKjdT5HLsvnciDEFZYJoaCEUJniqMitWosUcUcgf5NAWVJ3Ea94roH8bav2bTu1qR8twtBE6H5ePWhbH3uT
1774569822	3jztkQAn1Xcmvivaf4EbWhPkmQ3LCkrJZsSvtyYtVrzqgFzwY6eoGeDJZJaoVPS4Atscp1KBQ4fhYFH7MiMMqN7w
1774569822	F7dGWhwTwTNrvFzjFvqhYmGaGXSF1fXHVgR4tXMFhpyG7JBhXMzq8T4WUHvLhT8EoR22tVsMUQXVyEv7fqjHHhM
1774569452	4iCFSS5FwBejnT687wbHpa56MA1oxJJkDReW2uM9asrXfceaLePK69aCCx2BRn3Exfvum1pUHe1ncrHJ2xiiR94A
1774569221	2UdCRZryiKX5PsgQfXDWUWbLcdwFHwWvvhok5ySQnacYK9USpGdhJiSn4KQjnKHqP9DZ5X7HzXTwSAfWWWcPKYbc
1774568770	65fJYwBMWV8rKXTiSHfsBU96UiPwZ2ekkjTto5efzShxkMsDHL7X75gz9mfWTw99nxxcVcDnBwUMV31p6hUCZirR
1774568743	BNbxCgRAm4nHeyBA4Nivk4A8anMHSPvWUxFka7YaSN2Ew1o5FUMmwjEhffBGaWGFvNWLvjznboJExZMcR9v9FTb
1774567996	WWdbHMT2spHWpQiabC9qmwEw9riChvqLPVFeKQi2XNaFNXb6i6W82m19qidJF4F2nEHuHqBYWvwrbSYw8qWshEU
1774567990	55Y1onY9tizDh9HYmazCSyrMd79wTSZ6wnqh1qz85aGRjKrcsriBehrorsA4PUmHriJH8k4zRDU7hyhmySmf69Xn
1774567990	2tdsAHurswQ6S6zk9buAzs9rZWGUf7hDs1HCbjjdGjtvkGuJh5wnpASAgVii3bUoZwWHneK2kfhfHKhaLWuGM564
1774567990	3zXVcCD28ucWDEYd3djejEKikaLv1nW6ZYQZHGws4BKZAhE8bga3U15d7U4VRsMkYeDtC2D9uzygmgbMAxQLYMCF
1774567990	iJLeMrzNVFa8Rgbf1VpR93m7hPXvA5AVw1TCou883eKTEA4KqFrqpmoEfUXxMR6EcvLpz93CjuD7tMkKr5DcT7D
1774567990	2o6RBSysM7Mkjjhmg1Z8Q1YbPTRCHD7bEinRtj2XaLQT2RYa17p3eozfnrBczCpRmuo7H4ZEX1o9zojccSDv6F8V
1774567990	4ohjz2fNhJLHCaS8yXMrEntdKdeHbCALcWwNYKhBDHhbKGeVoy2K4PFUijm8fjLaCGLUdFGX6byxSC1r33vhvzoj
1774567989	41eiobsLoAJBPsJxorqoJDTRqQ3Hy8r49UAEpdQG8uAus6GMWevfA3zpL4AEXtMVZH1Khrke1JwWevxkQC6wjB2
1774567989	KvTMboynA4EamGT1QqLmx4dAPzjMK3Aa8itXXAoLYmpuqkF56qH3fZMNidxdEnHyQQ1qTCgC6QLAGiZ5oXJLf7G
1774567989	2NAvnDFPAzdbeaLo3xwKy2WnfaaNEQ7vFizrySgpXF8SgQZyMPbQ86yLx1w22No6wkgvgoUdACcfHQa1uXExuJGM
1774567989	58E1aUWUc5FiEk6B4jnhjGwHWH1gy5VX2hDdafxE1uqx1Z3WPYpaJDsF5t58wa1c5nXRmM5Xba3HVoRDEeCzJL7k
1774567989	67afhJauNYrUkuBqo5G1pd5ud9pFCS99gzdukN41P4MdmnyrR9pr4EcQnM9QzrWDUmsV62fFCrH8kjtm8JadAXfr
1774567988	3URZUNwoczNvUsBHuznarBNHp1wx6xVPtYaWzpoeZjgEbsKSmBUY8kfF4fh3BMSU1MHomrK8Epf4CRvA2dwPDArd
1774567988	5csHbq9YLNBzXiDPD46Wna49x2xsjwacNyhLh6GWJzcw16jqLfyouy66g9yMYSyJBcFiWouhUqHGP7qhxVc7Qfs8
1774567988	79kwjGcMiu8LNvshFAvAUHLp2GJWJHV2CjNVoGYJMHRCVHuin2w3h4U27D6zr513KE3cMuA7yZ4LDbpn9dZyMLe
1774567988	Lf94s7hJ9evJWWDG5sRFfL1mLNCkpMjZFVbkaaNNgqEJ3EhE7koa8sqUQTnJsCfJWNzuygX5JcHXLgM3VsX9agv
1774567988	39FXtvFmej47SQXoTTdtzLGumsw4wfKBemJPfJDmReSfg5KXn1wMQQZdr79T6dZQNguFfSMYYLBu8xp5gEYiCC5o
1774567988	2e2JvYd1bA3kQPqXN8Dpm9A6pknfLbsBJZ1x8i7ut828ngPV2z2T1enD7GS7xNGYS4NocLXa6VxwDgm9dEGjhBYS
1774567988	5cJwVFbmE6JkkRVqeRKtrjifXf4cCVzhBFw46GTdpL9KEJxaL7aXE4Sh5CQmGNXPFaRMGB1p7234A5WUyYZNUKmy
1774567988	26WpVQdur7aSHm1gk6iyCWNe77MBVzc1hMtiqgvoEhRJoDTC89FLCMkMp7CvZJrgCRvGKoVz3SJUFxztq2AXdcbA
1774567988	27LazBLTf4YAm7FMbGxQ2AK6eEY1vE1YYhK7zCaFLHYtjS5fprYkoafqLDozYyNVjkHdokKKgtepBpD6KQENUZ1U
1774567988	5nupVBDr83nsJP7NYa53FBXVNoDFtE5kM4D6U6yySnpYKPD7XsaANn2xVfgCKy7rjLAoiaWasefAmp8xgJMDUF4h
1774567988	4v4GhLRgTwtemUkucpBCT44pf3oS3auECxRCpPkGpdXSsLR7qm5E44oWjpSyK5MtmEpciNQb2QXLyyJ213nzCSCa
1774567988	2oXXCE4yD24D8PnYLBmPZdpPvNf7RYfuYVTTXA4z29Ds8G358fiNWdKp2iSRiNGUtUjhq8rmJSjDHzByMzi9hLD8
1774567988	3xAeNHyjxjPVqnRKaPB6UH3hSjGuuQxa9Mvv8q5csZGjnzE1DLeinWrMfhuBn52AHoeeeVArUJsWk9EKG6XwguWg
1774567988	5mF7uhk8JCHUf8MD3RNj5ziEQBZzJ8JSTbMHT8YvZ4J8q8Tjj8GAPffvozo888CwvoSn27Ts1ouVwGRBdVq8R8DX
1774567936	3VEMmpfgaY2yigZKsvRmnarMJKdR5pKmGbwS7wbwDFv8CMEwJjDNj8ZsBzL9QLZH358RSuZaqx8CpYXAA5yqtewa
1774567936	4EYQpZQVpFQw6T9VCKxTwZN33g8QUZjxSnaprKS3K2gRsCuNSRYv1Q2pAtY2dcFwJ1RHukx7wzPSB5kJq4kGuCpj
1774567936	53uRKGkMwXW9wW2eHvHX1WfW1eYEPz9pmgvp4reXBgzKzwQKab2EcpyZhpPj2DoM8HhQeeSkQ4DEgaetZ8BKbTgV
1774567936	3zpsw6hYzyTNdhNe2te28Ykx2R5mmfbejgMwzNTPgDYrh9jPhsQjsWSTHYaEwUpGkiZsRnmcfwzVeVft7rvHfvFW
1774567933	34dirnvBZ7bXeENqgJxSbePsvArtDrUzBffR9naZgKz5QR4w6nVUHvmM5uKL9HrvWM1HSRki7CpZdS18werWaPTr
1774567933	2HSSmoJb125jXP77ZqKvxGcAmQVYAV6wpRcSsFtVDNHbmj8Hz7rsZTmaUenosYCyU3JdgJ9Kx5Hrc52b1Ys9waGF
1774567933	3SwNAugvP9qYDJS9g9uJFv3iCPwp4ehbfZ49ayvMxke7qn7eoTeeF9sUh3v9TNUAy27zMpoNnCWwkDijydFZsECm
1774567932	3imGgDUGLV9GWkQ8fxcPR8HB8yPM5H866PvykMf76MVTt4D4Xj6HHG6rfmc2UUPgXyPew2ZNxBRcdw2TYCqnNfQi
1774567932	2DcNT85UzmLnPFhXhXKrjLyfgxzDm9R8MZrsyoPuhTXxPUggxz7o5voYKec58LoRNUnetC9WES4M2c1EiVLHRsyv
1774567932	bs6t1A1j84JTQmUEDbnPf8hkhdShBWfNnfP4d22UT7fBMFpnvcBcKSohWg9vtmq3txb3LXPGzegZRRpHPek5KGp
1774567932	4TgRqYYxY6stVHppqTG1Hbc8jPV9i2oUP2Su6WiJ4ZTTqMYKYEbtBoAjvVrf2zEFcUUBjr3m5mZGZMYkv7amDSZ2
1774567932	MX7evm3btxNcdgxdLQra39SUjUvdiT8JvFtc34Vy68D74gHbNkahitae77A4tnGnZ7t2TAaiLAfJ17mFvFu3TNF
1774567932	3DJjzPGq8oCjjkfSHjfZXQT17Qx1jtF8p7wRDCPk4zKGUiEiobc9gSEm3XvsnyLDjbjyNL2bvTTm3cDXcpY1Ym2Z
1774567932	497wY5FpzKX9NKcMPrH5NRq4G58RY5msCL2PXjmdYMUTkZsBaJeeUoqiSzf6Ezwf89aKjrYFsmtheQubuVVaNMY
1774567932	4Rc4g1wcSszdRUH9koBMKtqDrVRK376hNWaknS959YXDX5bLg1p3XgvDuuuWhUuyBT9zxeYGg3rKwBbJCwobuRRt
1774567932	2CfUKcRU5hbTpKw55M6Ru78wucfwEwQkL1dvu5xHfj8imSakw4EAaMb2n75df7gyZjQaonjcoFi6Ce54TnRemAQS
1774567932	2fTdp1ftiG4dUEPKxDYVV6zmPFghEHJUxc4U4av9UYHMrvjmNYF4nMiK7HqogTLC4bA6M7myWq3Jw2iFsZsDSDsS
1774567912	REGXvL8rTsnY1FK6a6gh3XuHPLraAw385d45W8aDxm2DpSYKZXUxcDwSfFy3VQ9gyWWTHk7ucKNJ8ToPDnbs8TM
1774567912	2Sykc5B2T6P5RYNr2JU3kfYgQtF5x4SPzxoncNfP9UzxjF9F9kKpwEP9X5qnrjht1ZHVBfzuZQEa4QvX6QVBtGom
1774567912	5qYJFdXq6EwWX2uj4yGGkKcuH4NuvSffJLkTMTsdVuzMkkRhwqnKnyMvk6mudsWWHRW1jzth3VFXAi76J7uVCHkR
1774567912	3FRnsc719d1QnLvDJUCrzzLNWM32tioCyKN9H51ENq1eaGxiZVaqUhxHByXCjRghWpd8z2fdasYXsbC2epQYqHb6
1774567886	2cUFBoY6wWPtEiPRZCHbfYvkUEGRPzxAkri8X2bQPLuxzbA57sRbiUBGYStX3Y3SHQUhzbstWggxtxhwF3SmJLuA
1774567886	cKW2QSQadB7Rr64X4F4NGSXX29zDpN3kGMKdyCYmymKdxurE52PjqHUDFSAV6hBskRzNVQBMyzoiU5EFf4NL8wk
1774567885	4f8xHLgK6yUva2Vu1MdwTAig4hH6cACJQTbge8SY3wMjJ5aRYMysuHwaFnDuvs9p7H13uEeNzwjGxDUvPpp9XAGM
1774567881	5bAAdyXS88GuMQxBs94MsdpVF3VS8GpxWykM3VSnV3oWqvAquhgSqiMwTe4AATnszpWNLV5Ch4KsKXQqq4YQ2a8W
1774567881	2YTyXtn6xS4KunPipyw4xurDtKGLYLJjafXrVgruXCUMmUKtoz2wY5NzJ6rvmaHAy46SFjmMt7M1hjCcHxBk1C4U
1774567860	3qtUUa5wg4dvuNRNWoXgkqu5YMGi2aRUx1Q9kfoitdjAJYvpXSNz9faswkKZW2WSYzywuxuBTnbWTQLPQKmC14GC
1774567860	5Hq8s8RxxmgDwsQqc31PxrBZmWpeiYgsHGdU9fJoX5tfNN6bDzxY6HUjoigcmw5QaRyRaJpF6Hyf1XdS6zuNm7bH
1774567859	58xYeZXWfjPWi6y7bfX7dbgmkbvLavbTamhF4SPZS1sbsawGYLgvcazsmXAUbMCtcF4L9i69x3fkPufyEgaCiQXG
1774567856	Eyt39JUwZBDGYYLD6W1M3Tygw6Js92RcxZaCr9GWv44hYn6JzWiQt97nFPQ5xDRCcxjXdsLxxkvTUcPgQBUC916
1774567856	3pGqknqKGWDKRB4QmHAto4jP84DvwSmuGAWQ4CYZpSH8UMFWQ56uw6T6XxX47cnCEg6rvtSUFMmVZRTxcxkFUizd
1774567855	4V7mhQLvKBtuLj5o3Cm3VbhmsorrvZUYNcztW2H1W8rwUV23owUWiBYatQDG9PEMJrr3H2GCMTNJdqyS1hVGzB2E
1774567853	3drfAbiZFACL8mwKnM9nxJsZxEeijWGuCWCUJNYNA2FvhBmkSvGdgSDdzQdJfBv1HoxGYxdjHBq56F61cFwUgBPZ
1774567853	38RuHcChBeCQUT8bokGuKttCjHdkyaKnjSWbDErECNJUxyL3kLNWXc4vYhiH3DmazVCjkKhFxDpGqmgrNwwnQVgS
1774567853	3eBPBgiFTKBfPDycFB5SWZEZ6K54WCpBqxeuTtVki5V2BsvU6P3F1dU7LzF7zLaQPtWbcTZQuKadiFYM7c2JpzYt
1774567853	5kcyg39atheFxU42QcxLoWZH8XWjYFWY6rAjkN83epuX6hpsYNXrEdBDcUsPgFBgsYiNAfumUb4jQsq7Jw7uq1sw
1774567853	3rbxYTguVTD7wRMEQw8tY16hnApNDTF4XaFRjsZFmdGpFjsHoeucbJ8YKHRP1YpivPdvzq53rPdnJrpsnxtCwQ3K
1774567853	4YaBmACm7MBJpNrcjnRp4v45Q1wCHoEod7wP8LLV9FFwDHDLDp2gCpubXUsCM6ATEUhWBsYd2gnrvn4BcHSYS4tT
1774567853	5kbksiDXVd5hSfdCGDB14jQHBDUeYRLzpLwPax8veVa92adyJ9PdgNAuXC98XS1fC3vDftejoux5HBL9UEuT5d32
1774567853	37xC4anwb1dHYnR4KkfW3Gdv8z6yt2n8Ay91WrKuj26KRwHejJExpqVFNmQ3L7NmWabHbwfrBUXeLNRccAgbAmms
1774567853	dqB6VgJPx5GaYzVgpULqoV68MiTeqSj4qwbpqMU9Y6497Rm2CpzAPMpcQsLd1z7ep2UgHNeBLGa6r1jV87e4usM
1774567853	5erkABEgmMJxNaK4mc6KF5jtif9vpDM3V7oL1n267V1uSUK7M6nEtW7Y7dW6mGP3yCiGjk3jVrf5kM7RPK5zd1uG
1774567853	2JXmyfqnXfZ5X9jPt6vscRs9mWyd9cH4JfD4EmfewUMJbBYESLeJrVkFbtark75meH5VwbAyoQgkEFhyyreFAwfk
1774567853	2jx76Xskm6nLezHXbMZcLZjcdHjvt6Gq1ynkYzPXxYhb4WNoi3Zi4GyTGvGQNu4T4B8oxpgRApSMXK8KqEZ4DyNG
1774567851	26qCos8Pu6gmvuekyqLzWXa6bnX9yiSDNvAs1eCzLQfewLAoBXHHDKsxW6sC7RAD4hW7LnTTdSxUz8WCiJmox3PK
1774567851	5upUocAk3JgkFro6uRDT5QNvdJaJHitxobUmSncprhy34rEVB8yyouQW9tN4cK1jrXBguJGpPdshpnWGAbsF21Wh
1774567851	Ak7J6xbuoc2xZfdbpbYURkrE32bP1SSuRtUtj4FZ6pB1oi6TKTkHb3Xa1bmNshRqavwZhPpnF7J33cv9AQfA78r
1774567851	yLaGVxifoumS5VAxfF2jReprhTfKQfmpX45q4nYTfNA1RTGpEbRePFYLzKR2dvrqCLMNGwhJYeYDVmNnq9Gcubb
1774567851	5dfyHToYo3XxRViZ6Pjgjk9gve2QpszPpnnQEumV9QU8J3FJDuw2LrLmkcfxg3AKqjnHve3zXQB2AGgvN5w6aPAj
1774567851	67T6657oLa9XzXrRSizP5K9HKZ22LPiWUmGBqpPYkg69QFRxhMBPretgquBoYxcuvsCarbe41MJacxkF5r1vFPYf
1774567851	3iQ87G7cZq8evbL6qfaBP6ttBZK4PAtMRLfPMmJiNZ1yrPkUbkJAuTeU4w5RnP1v1krQrBnMSUGi3zLYSYbMRgTj
1774567851	65TfLt94hQnNw2ruUaUqKU6XyBWraSF5RbVa51wScDWSaaRVWVxUrQstyTuqvhh7ZmP1K4oLwnBNgW8cKeYUSU5Q
1774567851	4Mztp3rDjvrCLU8miqodx3vGuncsDRbXDkkJE5zLuvHmBzSBmbg7VxkiDLaJMkzpvrxLWNkoYEB6gfmhs8EgatsD
1774567851	2b58cZSX8x9tQ8SY9B7bYq5K4g6ubqRXUkKBrhRudAJedQnLjBa1wQWvzL4qZyWUB7ec8qnYZUrS4RQZeeKkxn2j
1774567851	3KkoJScnZxs81KAgRzC6dWBhKdCvPAwK9xC4KqaXiAXT8w8p1NhzeeHUrKtQ7hRXgihE5PonczK8CgcGTcXub1c3
1774567851	5q13Zbn68LTnZMPisnRDDrj5YtXFQVjHFHEXnGn8mAbQMMxJ4RmJtZF2sTbBkFKcnUuUCDf1eQbAddLGP4AEW8Uu
1774567851	Ehz98m2ewUr7GjSxVZSoGfgnW4Eya5wwMJAcnbE5Xw3CzfogoqniRwaki3dGrno9FYjwm2efgam6Uw3CgjQA4Kt
1774567851	2o4e2Ysk3BWbmjSUZg2rSsMTUw5AzPjr4pUEknoEiuNehEnCCEKLRxZ4w8iStz5UXNp9UeaSuDCg3RRWq2Jn3BGu
1774567851	3FAmmqwf1t3pdxXwbhcfxjPEjkFSkDseHAChiVzd6BC9SkxL9BPLqDt45t9Wk651ZtECCLfC4CVPD7xYQyTJjf6r
1774567851	2pq5g2ytSwmHajXN2HbLjvvWF7unWRS3RxxqCTNaAL47Zj8xpbfRENUZ6RmJsp7QwCnCkwbekesMNAD5qBJpje1u
1774567851	25Ae9LT47dfms69Dutx8QdyHADdZDAxZMKRCuxzzvUKsen1MDmgWq8MxYHe9hCJCfqmBY5vEx5h4RgFezyCgpkNN
1774567851	3SJESgqa2VWaaYCCTCpCrdTbqn75Z1ESUo5mawhksGPW9JWMFrVsUa1LAuYdhLBdpeZFz3gc6YjouHjNdDRFQHs1
1774567851	42qUEDVG6Kmh2fSUwHx6X6MPG1Lf67a5Gu1C29AexoHi1JDQTvzumAgPyKN5bKZyzPb4bgUxHy77FXLHW6711cf5
1774567851	4qaiWAmnHNpTPnK7dCWv2pM9XNTMyouSXEuHV2zynQr5znb1tvm8EvteCiHN6XxuAmiaRxiyykzNdfhSCYCHMiP5
1774567851	3kDARjhzDxMENGtfcMhctnYKWkrXtwVNniM9VmG3BaNAAXGgLiBSsZef9DHBG9y84WMdMYDUfy6RopgSPgc6VkCf
1774567851	3k7RwvTgB9BFHdBgGRptsgRAZpn9U45Byi9xPStPMa6tLLFG2xQ9rZERbsXkbkA7qwsr9hvDResnCHFMQSy9LyXh
1774567851	32xMJi2QC5idFxmeahagsw4UqQ1SeroK8hYtETCq7jUdm8Xb9Kz5KwdxZwC6ZxKSyB7qt9GeS57YcDLajVHp3oQY
1774567851	YV15EcTqhrdpTsBz57YoNjszhMUVYqXh4pqachLUKAMCsoG5GHqhZhzLeC9WM3qgGMbSFsjDvanJnnuLnU3DLtn
1774567851	5EXMVjaaWBbK7RyDc7zSHERSJhXxgVXGYfKmiQyC9DHTH3yMVVNp44krXtHnf5EmpzFVBrRMwWVKNsi8q4PPQyb3
1774567851	2a9ZRQwTPkgFbhmn5nYdJmYpZXacfMhh1dcp74tvX6CjpUfN8RTPp7Xc6k9yhGGbJJNfmWuzh5g9ANYxHX7NaLMZ
1774567851	4Wbi14MD9ifhPd7ivF6Cj5ySEmVuQYQ1ZyrHjpFcyUGdbJQAQReKbQFcui1e25yS86FUkSjHK7susAStMQmG1HaY
1774567851	b7BJLF394EEzFUARmr27CeHnDoiXS6vHsiTqmC1e1DeqNyZRfofY2szxXaT4NUjaubczJbW82CRriEbFkyyU4mr
1774567851	5ZaZdmv8JUE4pqKtzjrRqLWXdUTuGsFAHndwmjhfbZei9VQDbbLga7oZdmaeosDTjP3PNpEXdvuRmkTefAcYT5dm
1774567851	24EPf2MzjJmTNrjwp4w6Hh8N7FHpCFuksuhMp7thBTgq4AHsJfXh4S9NFAAA3Lf3GUUtCMcUuwXofxFSRKMHh1yJ
1774567851	53gr1espJVWqhxHZ5UD12izBcVd9MebqpWeS8bXtnchfDJAwhLrrSrTWvq2gm6rCgGiG9XZG1sBP82qRDzZzXcf6
1774567851	5vcG4Lh2HDDDUAzRYUZm97J3jVozsmnHa5Z2L1YfD3U7Ht5GSBh19db6rtEihPvkKHKffaQG5Gnpf3fhrMywLAc2
1774567851	5aMR9KS8PGfxkYmjaWmchBrLNwzTc25muCLqg726jV7vjT12DPX2YmvnsFnXm8aE23aSUXS7vkM1LvMepa7d95Zs
1774567851	Y25ScPrA2hjMYoQCKJcfeosxxHm2bjmmNkWoJt6Jns61MNWg2egEt5Hgz5DnmCbC5creDAuroxzGTDDe1G1asXi
1774567851	gP3WbXE1DBfgEEyygvJWdPdzgqwJ3PLz79DVrapz15XiUER3kZKCXgYJtkKexcpavkrdmf7fuMJ27gt8AdfQ2WQ
1774567851	2bPGWJBNxT9TXAXKj8XzNYLXZ2Bai9zFjBsScAAgqPRGurSydD9puScFLM1DeqbyM1oihyvcUjvSbZ97i29244ZH
1774567850	2KmYJ1CCGX49TcUAfyZKVgiMNuPbJcuyGNCMPaFa4JtDuRKEYLM36SJUhEHnCeQ5HG8pkQDyRhSHMnK1ohWmuiUY
1774567850	27xua1EojuccQgK3cqRBg3WYB5aKUqkeVTweE9ZgfWP6ef1fsTjd6FV57nbVbdvSzWko65qrZnwFRxSFezNcffp8
1774567850	2dAWAPMWwt9NQF9si7Mcw1FTYiE6U5KAVwD1BTrsMugeKTLVDJhnScpNCPBzv59Hd1MzFK3AGRgp9UffWXfDBiW
1774567850	48r2LDVxTfTAKAz3uMsJYSbJa1kWZYspp2TN2Qxi2cbogVS2WwAZNtfogUwPArFTMfpYakcF819LCFPyTovjcisx
1774567850	5aGcao3n7emHtRsP4ExBNBrHRrtAq1Fbb16CqCQeXk4xM9DD7vYPgKTNZbhQJrDiSKmVsCpg8awBQJeumdJvaDFP
1774567850	GESiiZv4HKsdd58qBLXpSS967pxxV7Ueryzchgb7mDYPsC8M5T4wDkLjRsu6mTYdRMiRTEMHnVG7gdJMCc2GSx3
1774567849	4yTnFysEtBinda2euVoPGAHHqFsJv1b2TekF2jrNKTzER3QiV1UCUTojWUK6r7Xi1ZribGb3xYJxPAu4hQySk7Er
1774567849	5rPm1a5pv6smKSvbRChMmPL9inRgLWTGg3UFahQn1wFVqAALGSVf3xjj5brYaT89B7MgGMSDbsoNp1HhMPwB5V3f
1774567849	4SpGvVCvfR9YsU5zSfVx4n7juMkvCq8h6HDXxuTfR8b4zgp7CxjbNWQML7KXDK64WQyFCkRnCk2KnkK5crcUD1Sg
1774567849	2phUmA2VkTKYrV4njPvKNTYVxB6eQx1s471Z4fHTc64FpCoR7UdFoiFZa9TkK5QwG3P7NA1RDJNK2FQuNR4WseDP
1774567518	2v7oshqAUHLoMk9Ygnpj5kofEnQsUHdbPXTSghB8WWvxmYnL2Jxxu1dUAQJhuMtwWEKJjBsKCHdeqrkpb1brQB4B
