1774826553	3qqm69X9wXodLUCbZDGzNHoLopdJ7BZP3qQQTZzfzjBqn1PXR6asW97xMfjTvdgUGYvR4gZhG2PJnWV995qSo3zL
1774826548	38tGh7k3UBgU2Wdy9tduZ72YbTjnozg39ZE2Z8fUPSjE9NnmCZb5Tdqa6KHF2GaiDRUs8YjVPoPqmoQSR7Zyhy4t
1774826493	2kGB1YQ9qYeRbrqqAF9f5niHU36ASWtxQzmJmpZSkyZp9dqpRhABaMAwA8VCTs7PVpp862GTRWp6B4uPj6Ev9WJj
1774826493	X9XjtxPX5GrB8n1VbxQVpM3RVFCTdp4gRHyewczU6ufxPYYPjHufZfqmxFXocxLi3EFrgKxFAiYneokRza5o6EJ
1774826472	kzHZ1LNr5Ch9KWsp68JqUtG8FPrdSN5h9Z8RywCjSvwdmwq8h9Uxzm3JLxQjQztpfCAviiqRAFBq8tLTUUPfsmX
1774826314	4QFXpLMfsocdpyy4cEuKoYYeH6nhTpCH1uFZwGW9XSVuJNgUxFQeA18gkCzvRL7W9CepoWWSSsPpU9AaT86mQJwt
1774826313	5FCA17ymVRryJoQSeeVH9a5MC78wwwqTwPPuCkPysmnL2zw8bKA3reFBJNei16YCEVaDsgYcG99MyKTeNdySaJe9
1774826313	61LiHwp8fJoATQDncqwA57iMYsensnFKBZLDDgdJfA1zQ7zoX5LtqiEDocyu3PzcVEnWxAZ4siQ5N3Sfr2s63u1V
1774826208	5PReYXgxVubrpeVgkdHzswNRmFYFotXNBqLo6Q8w6qKssmxizpEwwG8ArBHA79m65yYUcsLA77ZkvY9PNyLfjF8i
1774826208	23NNfmCiRZDLFvBu2yX1A3YxQQpCF6LRi2AgzrcZHbdhTQzi6E1iSKjw96VhWVQAW6CCnyWR2JPzdAHeZ81oerMn
1774826207	49cF4A55kwwi53fjrSAgDLWEWFtZ77YP7fXxiaNnAJHu5EgaPnAqKx1qVTTu7nmN1nrQhX8MMKBxmCaygLPv58PR
1774826207	4RkY53VA5SrGRLimmEuagGHarBi3xL5rPnk8iNqQaHSm299iY7aMYLsaVwjLjJNsnjM46sWguZFvCHNucsVQ7poV
1774826207	3hGRCT9GB8DJEXRstEacGbpkYG3RfxuUpLV8xUHD197odKuPHsNJDkodum3mYGd9Znn6CKyrNPq2ojZZy9RQX6mw
1774826207	5SBTxk4ncaoeVCjqbyaNfmq5Fi1cgJ7wCnCkMdd3SeLpFnYLivsDvQfiAtBowo2VLGLprUgJax76e2gWcA1r8zPa
1774826207	4SAbrkgHjAt8vbb8G4CBSHK55mLTTeG5L36bK7BEgbcHYPLoDg8H9Bexv1yrg78k1BptVZfrbyLFiy8czoSDNvqK
1774826207	33e6W3SgjyABFW24uGZPEmkpBWDXSnzvDLhVhZKpGmBhpeCFBfirSuEroCATfyMe7NYaQQ2KNZ7Lb3Qkpf9c5z6P
1774826207	2FE8XRfpFSSbQ6Zg4rgVg8k39hhLqLKtkB5E7WgfBjNk3Y8dHgWyzXjG1H1qyBeJYQ2VZ5CWQAzgeYvjR3LQN19S
1774826207	5zPwVpCmD7gzGUKwJiGNnMjT1JKJRwvndXZ7vnfJ4bYGVxCGkSRfufWagZ9xFjPCNsGDV4FjtphdUDxUXVpsBy1U
1774826207	4TX3t5oLATpMWFRdBGjbdxVH1jjzHm9Jyt9ZUgYFTZcRUELzCM8aC8CRe82mnEjYnSw5CVxiTrxhuXLiRSSvNkxF
1774826207	4VR29U5djPoTusjCuCYYANYjmLu1EjbamcN8ckprDjfyAugWQmMFJxxgcLhH3uMa1fiFtGsKUN4XYM5jWabZy7sP
1774826207	46fA6H3RTojPBtWDZmD5C4RuG8huQuwGAMuQWY4wh2mQuaWSes9fn2Cq9ynzitS6jcCF74PkFWHpiRVRLZTmFEVd
1774826207	5BFQ3SLuhaGNeXBMz8czzHMLwbYMCekhzGbgXZxDHcNS78DiPkLEZ428MthmVTzpGL5kVUz1mBR71g9Z9tVC4DDs
1774826207	4WeUa8kdkdzJhEVBRiToseA2iKwc9HZzbJqvzk3eJvQvWGng2GZbE7rSynfv3c69XEQVsByf9WLG2hfipP6cwGAc
1774826207	3zzSeSoicQLTtB6VAqDfqNiDA9gJcDoRt6BpXjWghV3wNgzNv1CwQ1f9vVNu3icHZNeK1G6f6D5CqNqSniYu5cTy
1774826207	2HwgHZfzs3rYV4H32pmaG2f5RruGvmXtjFcYG7G4CFZBZ2CdhC43oKrgJVLBobvDEy2z5t6Jic4f7xR2nLmdC3zT
1774826207	3HxBskB82gdtc4gWR7wU6YKAVTszKta26nsprAPq3A5HrEE1qwRtBuuP3JwHBxp3cNUaXShjDWtJYZ5yrfQXR66k
1774826207	24aPpzuHTUNWwVLuAYGjKEUNU6qBg83ibWotijrVEiBSFLQjsatq7YHD6FkQMtVa3y1AziSPqsuUbi9sjnTuoqiB
1774826207	5p6QCdn2uJmDDf9DEviKAdWmdUaPiDrp2R9TupFgYwppS1MzTDsemFskQgcfECH49YZppM2C3BtBVRfSjeif2iSj
1774826174	2tMswU9SKT8afZiZLrZfsyp3uHQjAE1ZTnxuV7N2Q4qQMs7dXbmG7SP7RRYFsSHUrRKFcJooa7ANvBknQqLMdXM7
1774825975	3dr6cp58JH1sgfjuRJfz9LywMEnXqN4fDP6UboGcVfo8VY2FZF6BMW2hPbvXMMvgdRZkWfNM4B6mTsEHoDnADD8n
1774825877	554HHXXYJsnzBvdzoVEweZY7VrfqY6zCVaoN4pdgTmrSwtoJDymiDaUFJvra41ctn3LtNkBuNrDGSpzCThbSzFV2
1774825573	2cjwZofigeiU9Uwu2zmZYesoghjhVcdnyQXKWQ8XVcJE4Ts3c764DvUVEysYmEWnas2Ci32hJvJm3cWmpT5ZV4b3
1774825564	4ojQybKLDxHrj5DNmnR3J8P642CdhUHVGzyjWaRikb6YjsvpNMXgzGd74hcyXPoyFEeiMYcpjBDzaJuRqf3xod3Z
1774825445	5QFSqTbrMUmrpCc3xWi1THAcCfyGbWWgVRwp1fvhRC278PXpk4wYxGiEFWEX6YUFLnLWFPZAhE5ZyATtYwda5Xom
1774825340	3pf1JRho2K5A29GjjrKgeo9Xu8nFG5Vrgsi96F2MZRraDnZV4GhyUaYzSrjrLBnakkYYjokLtPRCcbicWSDwLoP3
1774825325	5DLyo911pRmpEi636JV8kvujotn4td2TjkLFDknK5yYRPhwWa3GbQws25od7S5J7JpnDssaGXETLQT7AKZw1PW8o
1774825267	5ARUoLbjPWWsSbwDHBZVvSs4tUo6YYoGBX76gjDGGt5JmqqeW1KgLZxoYWPpNEtVxbY5c3EajcH4QxY8wxYCriNE
1774825265	4SxJ3Un6mea6ce9gkfW5A2cwhBA81kdNXBfpq21vLHCCra9wGZwk5CJdqp2ohCHkQQMfcwjpiTvrKRdfpzL2dnH
1774825265	4A3PNW9QWC4hm3G5S1bE85T3QLbgyCsC9bQDAYhJtbzWTwdwRxWe4bnqYX9XVCrY3mtX4Gfj8MxmSKhypueH8P25
1774825265	3JxfJqxYJT386dnfpr6NvK6K9yzrvST23j7dwESckMXcpikotAs1chXjm6hBRBx1xdNDJPQHR7EAoBTVaZd9FCyM
1774825265	5oeUowd1RpwfZkThEWRdFN1XrHL66PqNMRXD6Q4YZz77R2LWGP1NuXTAdN9wfzKdxQBJN6qST9M7H5wKFC715oZi
1774825265	cVkgjEDC1UjgJC3mLB5bCFK4E7Cwr1HDyajG5BZZLVhFgBfPPcB4uZaEoPLVbG5zDP254naz7TKSCJcNNZrRFxG
1774825264	2D1nnuVgvAkeRafae1Nhx3M9WiT4wB8K7g4ExfDBbYZFsbGig5SfYGdF3k8gezP8VYcwstfx1RfcxHJwU3vX7pLu
1774825264	2oBm6DC6iyzj8bmHaGMjDpqijFBdMkYCPM5HQP1t43sovuFL3fnD8XdrFkepVMoVvDgu6a5zsAApXw1pFqajRrvV
1774825264	3ajarBJZv2fkyeUawumF5842b3q8mvoWwEM7FJqU1TW3smy9ziosZaSBRiuxV4RshB5qhaCuXmrRQueijysZR4es
1774825264	2pRwBTtUFbQ9maJXKf2zXwiBHhxbufJcnZXDbpo4XJEuSVVPrAQjLTKxU6AyknEtujkrZwdoErjoU6TNWMZFvYcQ
1774825264	2Rcr9sPFFca6yBzqjJsQBEqydfp5SnnrxH8V1PsruCHxiihRjCPNsC5yvyKmFMP62VPjvowysDXZwbwQzykYhtKy
1774825264	3Xid2pq5V3miv8tFvNCstP845cmFjJHuC32gdLQHrjN8EJNyJWqAgeYCKeexWJR2b797jY289nViYJ9u4nrNwXHB
1774825264	CWsDvdp3Cb5YubWoX6w2TERwg61TfUkqfmNM2UmKLPN6ffpBFCzb8yzy5f4R4NXjjVAqnmVo3w4x2HacqRasQwk
1774825264	48eNy9Q2JHVK6ytzKgUunCA1jJCc2PY7PyyVDWpwRtsRssCV9KXUNcf7QPhGjyNSuLq2aP8inF52gzbY926SgTBE
1774825264	3iDdxEf88ZrqecykhsTB5tYTsAd51SoNjFCKRDZUXDXLaWakk1pFFbdqeeVj47nqpobZXH35E3FYMsmd8me7PeLG
1774825264	Ec4QEByNGBEqeX2z9Ge5LmUyR4NNpsxmNaT5vYmgEVseQ2ef5wS5cSRkebQRe43Q6iayX4iyhu48sy3nQQs42pD
1774825264	4VVMbKK6wjrZfzARbbNCmjVJkPfj74zDyMqrgH9A6LXW5mNfjsp3BH7JFCaoXxSvcZ2FzhALrJTj6mWS4JjBMsYy
1774825264	5k5Jq5cusZ22nEsjbKQFw4DHUFnD5sYLawCcc6kAyG9wZhVkyJdxwuCyyWFdt3tZxeyFgveNr28aSqJYzHxwGoXj
1774825264	Ebf9eNnS743mD7HmG8Hmbp8CpzH6TmbZ8iszAwwLgFF8aAS1QqotqGGFfYJ39TAVkuE3hu3sqUSMeMm78HEzW7Y
1774825264	3wG5hK1T146apFyV46QJe5mB8qN9kzz4tsA6Byy2tfXS5c3EoL5LbpE1CCkV12V3HQHxW2beF4ecKEh4t9JbE88o
1774825264	23RDGvjG3buRzprNtVC1rPY9mggAaWuUZ89bwcWHVdrTDZ7vNco8229bKy5QgMV4b8xFGF1UuC3q6Gt6fF35REGA
1774825264	4TXNqmvorGyijvatAzpeqSoKRMjvKKD341NKP7CfdyGzAq4yiEXvi7tRPgnqdVJnMzbVtw3xfmcDZQqaHxBYm8dK
1774825264	37Mm9hp2nLqnX6d6vLKJgDZTsX8sXrxFwaNCkCvxUiqnHX8sMSHWJdcx3JTSVUqLJXhGHwmUA25QCkXfnpo4Jp7u
1774825264	3RGYzfyVqCnc8yh68WsifqGEtWi3E5QfxKnBjTHcrHDhEgn9nTQQH1ctJTUkm3RrRfQqLGKdVwFByBFRP6Pnn1rU
1774825264	3HpAYadSqGkSoRJcWPDyy7pJNuyjaKAcwPArC36CgyxoeMBCX5aR3XLXNm75k8Ya9pUBsZgwms2gBQbnbBUx7Y9N
1774825264	5VJDGStjFb64qzkGY3d8YJ9QUutcyLgAkVCiUnkG55XCCZBaHfteZDWeEihKiQeKzYVZDejS5YWnNR6EA9Jr313G
1774825264	5hJi3G1kFm3n5PrzRrbAK7Yf4ky9Fq5enJhW3Ja81kxJBvdbxKQ8iqWQKnLfPvsmE9ffBEkwkXfrMTcNpPguZZud
1774825263	AHg1Q67W1hXbzEAiwsCVBkEFqdFS3sZpYUWhQib5eS6iopbUP7ZPeprBdYjZ5E7bvnaBChNYcfTip7sc66A9thR
1774825263	4vL6GdotdPASHzXnEH8Hny86Es7ELkxGd2fKkFZ1e3dkfzKtPa6WcQRJXm1bgw11xCTdqd1a3C3tqhEr6NUMCqMa
1774825263	4UFKizGUChK1gEECsg9kyazf5uJ9gyFKqtjmhwCoAX91tqcWoCnVN17n6eSK6sYPMGAgj3yycRpqYdjaB5nveoZJ
1774825263	3QVNoy9nSGcrXKS1kPFLSkCyw37TXekw18pvq9yyfEyDE3hxnfb4vSXxWa3qPYLb5xc9NbVA9xYJYrLLn2CfzXNj
1774825263	5AxkFbh34zRvi4P6s8euuLvyHftDVvjw2NSz8M5TKrJcFiRZoNWzDsufiy5XzFT4GUFHoV46ZNCmjoXCdWcvKvdp
1774825263	2V2QQ91soppefMcBdAf3sPZnyVFkvpXd5sBuEC1L9B5z59ZMVRqfLjzZeD9KgaStCGzyuPCp2aPt7WJexKdwAcfv
1774825263	3uxavXgTx4rvXPnnoCQ8DY6E2m1oSycv4USTceVV7wky1pcWBj7UffwWVzrRNCvKe7E8ZNXgwXiDGDhpLVLmhaXx
1774825263	TUwwArDtzw5EZinrbBSytAUjSjkXfXoTfqymoaxJAL6BAoFU1tXU8HBQHWjNxXbpoCGX2eBUnasM4G5L1wejwBH
1774825263	3Sa5xKxA6cC3q94rQF7aERA3AzZwn6LfeiccJHFngznJzxAQ4rgGeBnhFSqsUMPFwCQvFHxVdMvjTyVqNySFG84E
1774825263	4GGw3SgRUKyKoKtDMLKDF8LpugAJ5f3fDWHj7vKUweVUE19LEAKnvs9scMe4EykCpDNcoT6fg4E4oyPNxGgrJ4nJ
1774825263	3Q1udReUrCARMxb7C4oeYFwncyBg2XW7is5BzJ5T28VTD4vdk9kir3PGHjeCGKqZupoAEGoNXo85uW5TvTRvrRp5
1774825263	3qxvYxsRHd9Eu7xffYrDuC3GH71E9MK3K1NgmMbJ1V5azhe2msLzyfxkdtBDxwjpJJRSuoEfD3vio5N2kSK3FGCS
1774825263	2Sb4vEcAoa6dfdmTeKtYqagDhHyQpuCdiitsyPzSRZddBrhugFbdxje4ZCm8KiFMMWRxqaf2vEM6qpPaTn5SX9TA
1774825263	2UGCKAgBzWBAp7WBY7FDc6xQLWFMpfMmzmo8R5Gu3xXirMtLbP61PQQ66rx5rcxhofnyWiVrEcYNWetb7urpWhs2
1774825263	2RpmWMJJFaprotpazaRN29KWsLQmT2zDaX9EYmsLvx54eCURoxHzdiXWaLMKMF4wfVUbg2QqsCHdd1kTzSPgTNTv
1774825263	5fTDcCGUfXHXnERW1NPTwB6tg32rQ4c7S3HKxjyphi9vZriGB2cq91ps7X13jC1QpPnw78rUeA9s5srTLZu63ds7
1774825263	ue8hb2rKE4dgTXaHZSQHTnRnDh6eZdyAVnitDgHqAhQtjd56a9wY6XJXhdC7MqhnoThfxQUSAGbir6SAEo17PeP
1774825263	2ybMu7CV2MW6a9hcYFVPUujmWsurq5cL5gVehZVFD6KfXaHqFjJFnx3Zqi1W2kvRhjBJGKtjZbxAc5xAQ6kh1PSk
1774825263	57BWcREYSTw4qBoxJ8HJAGvPzEGWspAQboQx2vtskndrWLWi9v441Hug1ZYwU1XhCAXVhn5xcEsEHgVizUcdB8PY
1774825263	3dwNiMtDqLcvkjQT5Zfs5C8jSs4yoED8kfk5PKvPpyf2ex7VP5Hz8tYjdySv8Luid84hcEdA4v1ymS9VeWw4BShu
1774825263	3kvtcwTr4HmcthmCPhSRiFff4iHLppJgP2V9QyynCxe4crvrGtVfuuXRbS5hBZmbNzDJay5LMxNgLVCrxEYcGCkW
1774825263	41MX7XMboPwhuN6GuZjjUxztJh9142Gg4RHmmzvprxwokMDfTPrDioysHCVQDszSVmK5cFgXgbm4nULi8LXe84Pz
1774825263	3AtZiCHebCLUr1ZzvW8AsWPadoW1wernXVo8tesddUztC27zsUuedP1vpx8M2UocUJTqNvG6JiVNfjnB8XcWJdMN
1774825263	4re5KfiqNBbkZYrDioUKsitTZ35SgqN1W7BaVc47NPLaUX8qRiJcF7RXoV8WwToVY9pZns3cSVpF5Y5PnXs4TBPZ
1774825263	4uSnjtUy3LezMTjw2nwz6Sw5e3RYKRLMKwv3JuQpJxdxD6YT75wkJ7sdeGwSDc1BCPCFyTbrvpuDAgBvLjqVUQDb
1774825263	4dAEaQzxtgbD7tKsPjRuvgUPYRFrL13yYs8vdJs71oQ5KNXrpNrrKD3dMSdhZ44py6AS5q5cop4a94uSWsFHb3WS
1774825263	YhivLwU8rjzHYBKPrXoiRnQ3LS5T5J79PDf3t7MS8KRk9YVgMXu4yN9cuyE9mNKzWtNsBnmQZREzraicPBvMZ4j
1774825263	3XX6BAHewG2uxFsdH2qfA3jr2pmyf1yMQJV2U3443Cn4aLA9XR2nVXGM6mEnqNbgonMQs1KMb3LKBv1pKc38N5b8
1774825263	4c5A5FoJXNicLWUvvdsxxqvPRZ9nCrEXkyLgHuXicejAvSLo9zgVe12q2wEDHWEMDYVHJEen9DpQXwW8eT34x7mj
1774825263	67rmCYmfJ27crYnV6Tvc3wrfgqezHETJ1DCqFUvQTJKBbYEemWwmqGh3YLhVwQWBG5F7yaBSsFn6WrRDsJpSFfZQ
1774825263	4oZ6QvHTevpfc1dnqAmfa8m8FtDBEEP4KDDTcBPvvhCtNHfcKcyDFKHhxr6oSWksNPBkYfj1G4vyUZ2yWzjpu2NK
1774825263	4YnVnxMZULgxsj1k8iU1uwVNeXrkF45kSHZJkjYdBQPc1cN1kWzNwyfVM4ZZNMBozESsypbUB3bLsNJYqr9yBHZr
1774825263	5TwNLJ7QcECBfHy4j8bvEJ8nhN3p9hWxFDrpyNKBL8SxEKVF1z6qHb88bJxe8XbPHMHuKhAs2EhaHJBTfrPNtk8e
1774825263	915Zp5Vtqx7gz8CdW4bBogndV2U9Ew6HdRiND774whFstT1sXePiTzAJaKGhon7iuQ2bmCixJhByVszG9wgxmGg
1774825263	AaKhf66Gv2ezLdM1jW1R9pUHUWZ4wWKwRNXqb2j7y1bbpkm2aQji47jWFJQ57PRtYt2LJ9URXxd6tq4RMnuVeEW
1774825263	5rWZNq7cvBLd4REZ3WNKTGansKHFGHYYKoFFCtSaKTWEDKujHCTCtAn5Va4UntXJUNUGjQHHC4b1pqY3bP1kdr2S
1774825263	58BkjZZLWa9YX9JsgjPE5ex3SgYrQK7gRG3TbumvMtnKD1V53yHmeVGuDrMkV2euigeZPMXfnGELn9RP7jJ6nVjX
1774825263	68ngjbnNGtZwZA9xYv53BRzF1zMx64tqSbCTFPjkATdTAqPmHf3FWhAvFtp5Ji9TjYTbtw7eNAueXASpKWKKjze
1774825263	4cyJ5DMEVFDwW3UwabcFHMpGPbKhD1Mz6qppdYEhbJTpqetmR6RaoJLqAe64KeySARWhhXdEKnuhJTrMG2oHuzVH
1774825263	4giwws9U3cbWgsu41FoAp2GrfU9Tf854BsuvzqEdgY2VtXNf1Ws7D2KApm3wQ9BjQvDW8Dr3gA5a8MSZdurWvpjn
1774825263	2eGbMMhNigveggSZA75qkCWomRGyuQ86zksTZa8SZrQxa31gjwSXbp6hD6JS35RTASrafuqRbHL2mVPvKv7Ud2A
1774825263	49xnrcVQKexNET7d5pcwCP82hZCuy1MFv8iWamXykNqd2hGzendgrpVc1nF1wZKR2bAVephbUZGCEVY5ZSqoqx6
1774825263	4BGKz3zUr7Qj4NMWvDxFS5hPn3eFPQsyo7ToBxKZhaRE35SiQxtCRZECjMbnJdrms3J1tneiC6t1HY6bKWxJ85fU
1774825263	4ThuPXQCNbdT3JabBceZhHYGegHLHszbXL6fu4DoW1ivcAMg2H5hfUcBWuTx4Dzf4aRNWVvzLhR2GVGarKG2p6Rb
1774825263	mRwtJQ5i1qN72iwWUFEPUYqvEsSbF3sEPWUWDkrcGfVA7MPEiYE7rKRyEn3UyEZ8krnPuhmokx8V3Shis9zm5PK
1774825263	3RHPSRgFvhDgdYUhRRKSkDGpJs8TMKJ6QHbQU4cjDmBwpMR4CC2ApDpk8mjfYvbgCYdZpKADzHS8jA34yq3dhmEX
1774825228	4YJotA7cHfiEFWAcCnzHvsLcdQxj4bN2njr7B5e4oEaH57W5zC3NZ5pWSAE92ecNxN5rMHiTUEcDHk8kRoervBan
1774825228	52nqbFPbdHz6nhK89Sdtkb8t8H1vw47kFQjXqDRVfjPoKsw4wz1QJrPVXWHzBwSb6iE8hU5gBLLSqTWETB8KuSZX
1774825228	3N3TGiSgeteSxZ6pzEuD1UbigjCwkDKzY2PXTEiYXPetQGhTdQbU8HvZ5ViMqcbgt1Fxp9NvXaEjo4bD93eLuMFb
1774825226	5YeXEPTxPGWxzAZCkozh919umBr5rFqFtDgsdvRUj1iRMiEGXxBpeVwbjDMPruWTMD16NuCWksNJo8PYMnChHJxF
1774825226	4ab8wnR2WxxViBpL9JefWE4eW2FtDAd4eZA4Yxv2Q5C51nXi5WsFd6PnHLM7ZhEJ1sst7PoQ9DRPeh6wJ64ZhKtE
1774825176	he7tMNXaRK3aRmDLVLzLsSDDdULT1mHKC9WQtdFMHoRMDR8rkVU92RABsQgbByaVcoxonFubW7VzFCJep8Quq1J
1774825097	3j2rSEZ7RAFNWhpJMPcWz71Q73LehqjB67qMtSpNTdBkfN2gYPwFgTqdpzhS37nM6XSwixGZ4JxRHhZeqnr7K1m2
1774825097	3D2r1d2rYB1j5xgnJjw38Qc2edUzEgbxB6FTeFrmoyXDxDMiLWw3YFyzW9kEKS3SfPhWPm3WkYkTC1xS6rc1RPW5
1774825097	4GGer8KeNr91dwYc9EZ5wXJn3BzScmvjJoN1t4dnb6szi2YEYGHvvVypGEJH4w5vwqRCT52o1AC57xvWows4qv1k
1774825097	5PdtwFKtBLSASPxEFb7WdvYsNJVNZEavk7QN3CUyMZJ3Rwa7Nw5KnRDkKaUvGVNBxKoEyEh3hFfoJjt79LLurzip
1774825097	4L7aPj87s17QBmu5T3qcdfL6GGGerWN6uioxT61u8QYehuc58QTggCH12S3f4GbpV8eJB1jhAAg7aRqcXowkSHc6
1774825097	5yX7tTiQuEZfwih7ahXJb1P74z5o4GB4jrESe3XHbEP6bX25auj7zDmTfwRBuanUNHWhvjYDi8mfw4ejTuQoa2Va
1774825097	KeyYBNkWsgT7jWZqqyxwMTjqRYVHgxU14mtemS4hXQkxAdUUv8JE5CAnhTY1n6Z7fQjQfWf8Zym23CMQ3Nvsfwz
1774825097	3JzoE6WaZxtD3WZNiuZwWg4qfuaj2Xh7XwtLDfVsnh8Hi7yEWZQRrKaNAVqta7FyhXUkKvnoSJFtVFMMeQyk73Sw
1774825097	5qMAk68GZNjLUhQwituvgUZRrtinKqNdRaujtga9apsubjw9xatewK8kR6GWc1RD6aiQUjQVbGEQ8pnkvPAYiGDv
1774825097	4BD7irqAk2K1NeVscYQ4FwXh6WdUD7vMf357GHYrCWAhoUYWkdrfcW6iJ6yQuyDevZy75NEjyAqnCHAcx485BvKA
1774825047	2SXBzUqDkXG6oja9CigVPCiSqenASLtxbW4Xnk8q5YhwPEPQz6HFARwpcaLPjTM2viqRjiNzAAexeX3W6cwhQGpg
1774825046	482CopNu9ZGBQPQx2nJgT8TQYTYdNgFDwGcvMCmEJMZzmJebudoGZw8jwX6SwqA1vB7dwzqubXBU7nP2rWMnQ3YL
1774825046	2AuPjxgA1PFAsCUagv7EXpY2u5H8yhw6TRfNTaRvFbJNGonumJ3Abm3PuLyZcPeFoKnXou3mVFhGdSAZYWrQWwEd
1774825046	3yrV4JxVdF4EV3ToGsPTAjtQeHF54Yxtx3nQBr761nPnfZPyFGpHj8wFBPpvQ65nWfMVt7FEoRYEPT7Jfgn1sGAr
1774825046	Hji9xdVqHqMeSYck9FNzGsDtpKbL6MEMc2JiCMwEyGVS7nYe6wEZHbpXutpZoCGafFv1xbak2W5iMYvBW6QuCCG
1774825046	2rbnNe2vDHUoDZSL8nCU95xkT6ncqfND5HWrP5YEv4axfgtMWWCrb5r8QdRnWaBgc3vNdqejUaQqGvU9ow3KmSST
1774825045	3Yeh2hDQmk8DFi1nNjvx5CaCveSWdhmV9h83EZDtvshDmLjpiE8MKJrfhzXRzj7KqdYxi4NJAVSzXsuxoEuZEucA
1774825045	5RvCPzbGzhDHyfXpy4vvaJKq1yFkaNKzCR57afKzAXQiUAHWZAuF5arQHaWR9rLmJCiPAG6Hzjqe2trNNAGxotYV
1774825045	3q7e5fTefWDYtPaBLW3mT6QHEXCAFEaA817adWCzr7s5ryQXf15ghquziA2zqpBU4d5AUN9b6GUevvVLAHR3wSeS
1774825045	VaCBQ8z3BBu6A5vdjLkvWtHaWK1z1j2wv1Ax6nQnkPra3oExh8g4Mq2HmpcWSarHX4SJTyEKGJoS7fj2CShrgaA
1774825005	3yhm5RsEznXK83rAfYDuQrkteo27A4fJjrsRuGivLduYE2sAD4ULt9rorRrYEAaCvUc2UXJAoav2hxCkLxBRGKAY
1774825004	5UrKWEUhzMenDg5MsDhzVjhAQwZ1gDjGmnbCMykZwuCi2tCnPFD2aimmXmBr8SYUCbC1uKHRq8qLYcjV6FG35BGS
1774824987	EUDPAie6b6WMqgiUzGmz1o1QMKzcVtfKzHBRbmXX9EhUuEzwCDhmb6vBHa25fuBfEqpRu5UPxrnxc2ypHmjC6qR
1774824985	3m7dZHPw2MGt3bHnbtw8y5FN2PRMNwiY7oxF6PLJ9Ls3tfu1u5iVwuiKUe2baB4QQNnJCCzGV7HUNWJkz2337uji
1774824985	4M7ES8tVhcaqGzqEq4qutSQP332YD87usojvjBmEtgR4DkTkE2H5KfUKPyVrsMG9oBS9CEYUa1xyC8eMVEfgYach
1774824985	QyXLPz83NHeYDjYSX4c7NrGGs38KoFoHcS7msRprt18xTQfyudXodqHBeD1PhwVNcVoDs3LyFistDXSYwrSCXyt
1774824985	5fEi3a5eSRAjsmHm1WHe4CCUApXN9igA5ALwDqi1aZ2dhwK9ysmVWkfh8xJEW2os5wpJZnbEU4PkzcdqwetfsqNy
1774824985	4tRozYA3o3EEQNFEXWiE8yQh15Tt11CckTQ5uXdDC7X3zYZqULNcDLyQBnSkkXAcRn2UHnQoh2AQr61QJkYnNZpi
1774824985	3dWWvk4RDJyWo4N3SCXhosPwswwbTu8DkiR7dVrbS8EBt87qBhaZAEoxnAPKiWt9SNdbazTGvTaeKscN5FMkZsZQ
1774824976	4Uhu63ioYNJEoZUhwDY86rdrJ1Nu8X7F2TPsgp3TBrDfkC7QW1rGxruYU2jSsaKHNuY8dwEZcMV3kcMarZpcDqL5
1774824971	3M8ykCFKXLUGLZtXb9nAzQd6B4Sr5RSN9mjtGNif7kNVogJqrFRtwpyfLvU7FTxwFTpJbk6LURGuCP7tMrukj66v
1774824971	4pAJ6EdcaPsaCFR9dLRZigvdqivfPDQaM8aSJU2csjZCke9uWKbwzGrVpMdvPGrvSp1QN76btSaLTw4tCR6q5PpJ
1774824970	41JGY2qQLZgtutXs6DXF1CRvf11kpRbyzMpqS8naieGp7muXkYh5fjYViPTTU7SWewysitKxJbdDhq5efh5PhuGj
1774824967	RPCabVBs7YSVsLCPzZayHiEh2bHhbGs6p6aRjPNFr1LZzsBWrCaMdw1nfRE8kDAa31LhmBYzqgyZPnofweQYbnX
1774824967	5CRuCcS6tb9o4vJpY4FBa88mtjX4CwoJuP9fvmh2xmYEgwLVojHMqDJ8U5SU9MiYqxDqJm1Pfcn2dVLHUa6ZHvhY
1774824673	b414vCgPwuYBnhnQTE6gEHrPB9tyHN7W3kpi25tXXKpTCa3WqyFRLHRTsDVneXXqJbEpgiumCbps1UiPk75ThGn
1774824671	4of8M1Xuzr2RgSvVxpBVnwUvcMUk67BeD1Cy8JfDQM8TsvC5j3NZnghnH52tR7ytgqrcximppFAuEftFjKMf9Mxi
1774824642	5nJq6D9EXT3W6Cdb83PStHpjvN3udmBm9GaJvvckLPQ9TmjGKLCMsJWZueXvYtSUUupAm52TBEYUJkZ1g5heyjjF
1774824614	ceiS79WvDhiPSTDtQHzFo7BRPoGityRYTB718iWKKUYWM5LQQP8b895ivDY2DXjyUEoTnHwwBFpu5pYxxuwD8mP
1774824609	5s7i17oEU588VhDsuqHyLL1V1kmvXQxbdLLyoQCjkE6d2krjWG1k5DzgaCsSHrwfXSoegCuLqYZ2kY8AFQh6DCVr
1774824609	KbadJ52geK28WcESostvqFzFzaFr7NYoLWap1XXdoHgwH5K7qEta59ME18SsfwyoRbC2S2Ff4U5Fa9rErCimymY
1774824608	5LSshiLbhPCSR4nen5AWMUtLcv2GmwEr9RfrnGhSxDEYme75WJ3AEC8mRHsTduM4mH47vXeUZCHtgHfnJTwBXpnj
1774824608	3zXetD1dduPMQb3hCw36rJeSorfMNpjWhPQr2UzoQxp2ormVypRo9W6HtJHqNswKYuqJRffMjgqNrqZHzzgTVA8J
1774824608	63JPDvN57wF69X2sT3ziVf5xbBG2mBFxmtoKxABy6zLnqXJcLidyw9KMGwHd5jJ8cmtFCrtpShNwzfYjG5geJeTY
1774824608	5TM4xs4YvxGoQB6fy3YK7dYEivNyqfLUArWuJcwQuK9uWhCWjTfDd34ssiAtmMeoPCk5moaVa6vFZSx9eBAFbnDd
1774824608	rdzn9PCB3DVryqx2kaGuJJ5WiHmL4DNSjTrdAMDWZREvcUpcpN7AFJWRJNFV1sPqNqA9a6Td51hV5HC16yUs6sy
1774824608	3sU2hLxu7jHZxQrZU8zA8Ec1r4oDL3AiQFgF1yokm7gwDuz1Zjc1PpD5CPfGomLZvtaM4QJ11oNtqNEaRsyGiSMZ
1774824608	4hUN1PDpDu5PinZ9KbaWEgRFcZNuaX8WTgwT5AJGB4yhLqdCijXf9rYSu6DPqVPQCfHdpN93pj2HyBagq6yyLywm
1774824608	RX1bV8nfq6XfGKmZcPqmPEzavLX4qhS36cUTbcR82eyQFzQTkDtv4cGusFEwGFNN889s5rDGpVFJV23L7xpnRi7
1774824607	3QCy3VmpQKHwfijFNJ9SojNcsFQ3R7SBxAjHvAt9hvcnKoQLJu3Z8p4hK9hxqo6YnkLuipRKPZ9MtXPHD7GRttVn
1774824607	2ehCY17TA2MAHwu7cPGp2WdMxwokfgFWmheo1x1RanS6F51SoJVpH6MKuSepuCuaSaPeHLsrv1DdCertFjm73CDM
1774824607	2Dejoh3ouTcbfXsy3ug52JgVnDPBtbzGy3etwEPp8n6ZHNQ3aCXpDGQJrHutUjpiJSRi9gV2PQb51iFLQXPttJyH
1774824607	5GQPRpcuHS3HxN2SPVepaCKyG4YheEYhur76FWTszj9qFmSpEo1fqUKe6LM2Dn7Lzm7V6qRBGJKaEk82qcjZmhM8
1774824606	2Dsp7KvE3tbohSc6n3S1JrHddTaLbEXc4d5oLTTZcAzAKYR5a8r5EDNh72LcLV8n1b66zrdNtarKSjM6USqXTtrK
1774824606	UVWC3AuCdo4166sD8oZQCn8LA1rJ9eXGpsC8YpkMuXizDoKqtGLnNHcv6oVnLzyEX3ftdXR4NGPZeXsL9u9kCUj
1774824606	2AZDiz3NTUgGBzuui6JCR5CLTvrJHpurWfk1smR14xGSC1QBAYE2G9ZoVapHh7vmV3U96KJwFyymLJakfGc758o6
1774824606	2L7f9P6dnRjxTaJMpcTuiQ22d2zQhyignT5tbDUPeKUPPG7zWKzmKw73igTxcCTB53ZyFV4jWEDDtRgomvBWoRF1
1774824604	4V6pQ4QVuShZrHsPFo5X2aPLvtp933HvBWDe8VacToAm1z6wj8HabGmtr9GfpBkvVyubVnwVaXL32iFtYzkRuKQ8
1774824604	5ojQpS81rXa1BSQHgkw33AWPPyyi7ggx584sQdQfm2vTYc8FugVzWnN73ZoEsc5QdRnfv6e3Krdy5DSHjq4xrQfr
1774824604	3skHdUM6tnsz3hkvH569vL34n2GtKVimHzxnggZeLbNum4mvujfjVvfDct1YLhEtoTcLzwBQNBthsVbvCR1vyE3x
1774824604	4CcG2kDentzX4AeoCbQSYBYoQmX1PGbU7o6mRwockzMAnaWeZiN1RNjGr3khonrAVzNksRmqzRuFvxF4kEHcgHfj
1774824604	2nATfnT9WP6kMCY4wnWiG5VnTAkS4HuGEGbmGdFxJtcLu74XVUPmxy35yMRvRxYRsCt2JvamKvXHgWHEnZxHgDBZ
1774824604	AfeUzcMrkehzD4QN1qL9ztJhMEog5wyYZVuGcBGHEqN9YgcmFbeQu1iopqzXFf4QSEc8cTK1eeezSBgRGFhwN3h
1774824604	3XFYrWovgf8na1c1ZL8fCwjUum5ChB7mit7WJvGF96G39X48EFkPNa5u5nftDduywmH9vwDRx7QtWUtZkWmgrDut
1774824602	4asxGZAJtAA3SXdLEQgwTJbV58coWksP1LGevFGB4DeyofRyRJ5PysGfaUYhPW9VJfAniSgERPwqzaQ2vkjLA5BZ
1774824600	66EYNqJdv6owzPzbCxcHYPQJKG5tt73nXj7SCvHchQ3ob6h7kasmcJF1enZdvrZ4yEMSYJZVMccz5ATqa3tkX8k9
1774824600	4khLsfrzNv4bMfXPsnY2MwQ4Ku3t8WKkRrjwmFjvWCBjVXKFvBJPoF5dGqPpE7z9E1p3AnKj34sC6aj5BP9YZNRo
1774824600	3dimGEEhroyngEpXT3zEQyP3UwusE2nDhT2yejfDAFyaicqWDqTTCTJgCNqYCHnm5PzNHVwg96Z9PFRLocMtxVA6
1774824600	66NfPQTNPcKRuLFuTjE4havjJzLEAsikEFELgqchyKFogqn5WKSKhj58bedNqqqQvh1GYPvM5CLU5QmnqyoD7LgJ
1774824600	5cT7UHCXqjDwcbQ9Bha56e43KR62jkCbg4sCJmR7bxSe2pEuhGjX57mmVkrr62SwoZP6yrVUT6FZBQf864aQ7gQV
1774824600	5ANM6bURK72yrLQBp8avGkgcfsiq4HwJAEmHEhmTfwWSEES6M1jqSLo1urQzoU1QWikXPwXP99JZch21kidGpfvj
1774824600	2tAqW4okUi6hSfxr3guJVNHDE5q1H17oJYbf81VBYmdG5EFdeFyEudS549TpndSWQw9QWWMGqhxJwUHSdy4wcP1y
1774824600	4Z6NWrNEjHi4JT9gdjKdqm5SyqdCU2BwVsfmstxQHSVCRBEohUecgVyHHUnJU5okfdxVXT4EFAgfwgQXW3HY9zkL
1774824599	26EzMRRGqSFAArSnnmZQDwhpJJs5nYVHbp7xvLmiewW1Sr6hbsrDhtu167NkoMEnHgTEMowSGdBff6jA6aqiovPU
1774824599	5atdBrcwXELkR3g18WTf66tHYAr4FEw26wscVERSku4iN5bkPS4qTHTudMzc7VZf9LoLfqGSfVuQQZKbfwiRXEgE
1774824599	5rXJ9KbbJ22HrND9xhuCRbSiWPaynujAcgGkMduYCG58LzFWPSYcmk8kryudpTnKRWUs8drL9xyZ9PpCL4UFazyr
1774824599	2yVeDF1rCow6EPakGi1JxoDrAJV36snYK3gdJezpodGbVNCg4pMFaifZcXhQ7PkzRKgWktcehTqhyvTV8Ki8G8xn
1774824599	Ts4aubfTpej4tCKELbLHLasgjMNWeAUhja4WAPAyayFgvmaifcjhqMfevZNT7TyPD1T2xy7fUF5J6jkQPs1rbrx
1774824599	3n236VbFuxdgML1kci64EKDK6MbR4JadRB9BE88iVzEFvdKCEiwtA3TtM6yn1pUW6xCXWuZLEzFjX4u5zyn4BHLS
1774824599	35ry9joTBgR13U2ks1SPRbyN7kGXL367RxP8PkomkwwUEJUGMbDXG3w4DLiRy4DSfRTstdDcszPzimXQxJ1cCRgb
1774824599	2gjrRKu5Eng1kM1UVciuxYt6e5xXyVFoo8hMKzhQfRcTabKzArVWfaHnjZuuX9KPvRKt4q47Wg3WSahqjSZMSTcE
1774824599	2enH4r76yqquhnRb8coETh7bQdQhqnKG8cpGfLLJR6fYRALyKfhDBWGHLwiZ3TRoQLgkwz91NwyKDtZCXG1XiFPJ
1774824599	gZsRErxSwc6CvhAot6u17XQM9ucmjfzhMnAEN9524jKphzpFCNxKZBhsUfDXtseb5uHCwWsNqwnUyHPYr3NeZLf
1774824599	gDWCt3qFg5aoXHtUDn4TELRARHmjMvE5YbTyAWVUYim1QNF8W24AauFcX8J9m7NEEnkhb3kxundPWw1LbEhr9H2
1774824599	ApAZ9uVochjopMnva3976vFm1PFn2mVgjboPADuEwWkAgnZNGPTw6sybgaNEruVzeXDxUAvaivtRc6bVo2uE4FA
1774824599	3VvMN95pJGme3bi4QLSQ3rbKLro5zr2JGHF7t3eihxQL2asqU2eiY51LiK3cYAqj21WN68JHRvntKomLHpxsRzgf
1774824599	3Ph2zfZvuzS7JeikugRLy211uxVqpNCjMqyBbR2xyz1sLMcD8eyCR48DkNPPUmyqYs2dv839BW9hK1pLh7KPjK4b
1774824599	3G9nZJBnJSUzcepZFj8u4jmgSXjjotkrFtSVZeTLESBYtwmSiWogSVwB4CurQvSwGc6aCpb4C1YU1BqDyhbb16ut
1774824599	5gP4unAZMAQ8h1zqtN1PjsyYzBK5EJgKvLqjuJWTmUFEXf3rbTjCNjyc3fwBNp5bQ5yiSxTjSvoLUmEVLYZGKxFY
1774824599	4qD91ENpSWm4h1PEkBiraAHX5jrKtLBFWokumcRdgfg4b2EiQX7mjxsymyrxrNLqjZfoEqd1gYAgdsm4aqb5s9AC
1774824599	2b4g8RzXzDHT2RuzTe3yCqocdgYSi85dmSN7M3yi4iBoHRbVpwHvU9Ccy61Y1igyt33nnLbUeWnZRnmMjSDfMfR8
1774824599	3K7YNkPiMEhhRE8XyFdYdkDRb2oPk8sR9c7hir6ceZg9SizydHKxSYSQXNuyiPUf86C49CSS3Sj47YpAQCM7gjuS
1774824599	44J9kRWFVkL7VrFn4dTzy9GMWKyduYhUVZwSJ9Zwo4nuMr4tg8r1Q2ftgwm3Eg6HDVyV9S8dHgPHFvTRD2tuxxs5
1774824599	isjwvY2ZrgX1AS2VmVgURtgeKk5pWUU2kzBx9mtYj3kyRyfMXNeShr5BFbyckXXRSCkzVL5Kk9QStFmF6MJxZYU
1774824599	5MbmHb1s4dxUWeruydAgiU417xdwhvvgPe8MwQQaaCywXVw9h7pFPYbH6YsZWWq2WxQj56NQiPLQNG6i8wXcHAi3
1774824599	3JbygVqXdnchdm5ZPepWMAtX1qTbKUK6V3L4kyT6UXEpD25GbKLjoAtWAp9kFoXvGR6zVwasL6NtjU69XnfcfC75
1774824593	4rHTS2r34dgzbPm5kb9SuqMda5b6K5jGD6hCJE8kTGcE6CAKNd7z4WmB6xngAAhXWQm3rZbj71Z8WKuVP3ZHexY1
1774824593	DTkpyBtM13ixxRTApGtKubEWKPcvb7m68sUuCQ7TyQUoj9trxhP2MLqyQqNmei6wUw91188jDfJSMvvJ9HeYNR3
1774824593	43Z5xRAqHVgcpq7P5XduetwQpk3ph3vKV3ojf7e9dHFyDmtguLfkKLeWSXCHBVagrBsQ2ESwFcJPNd5JkbwY6pqD
1774824593	4W4M16Snu58LJaDPG7uFRgQTm5TAeSCLYBm5HrQavRMS9KiGTdH2j4ps5siuqixXVSudyaVmzeSKT3pBVK2U7Ryu
1774824593	4bpRSCKPrs7YZHTuuvRBBXdB7c1rhPP7CLZm5Zp13aDVEcsjeZ6ojCyHDSZSN9nCXkXDvohbQWFQ2D7TDmZCZAcg
1774824593	3BERQugb3ERdN1sYi5F213SxboyUkT8bU39FpVp4jZirWZhR5fsjptFfwKePo5YPUSSt2maQH8Uahqjz7rP8EfUZ
1774824593	54dyx6BHyg1hBEbE1gvpLteM6DTY88hrztaxjdqkfLWu3wLTrrJPZpxQBtVGZCX7HGVLsEqxzYZ3w4czs3xMxaCh
1774824593	65oa4reWShYYSrGeL9McpC7CxY3mrpoaCZNZ7GDsNEyWpujXpM3euJ4bqqFrSRbWQAbfon8JsqLxZrX53xqcydUf
1774824593	2ao8aHj8TCimQBWssWnfFz6ydtiWtdH7pWUhEUeZjx7i9GsWRbefaBqFzGUD2SJH7exKbDYcaoN8SrdG2YKae3wf
1774824593	2wi4D8FAQcgDVM7KNMQiPZs8JEmKdQcuqbLoqGW7sjY2xk767439o2n52G1yboQ5mPmBykMni9KxDke8HeHvEMtQ
1774824593	6CZTG292NLc9nYqTvx696F56k9RHtY31QPKbussPTJVkCMNuXMjnhsmrseC7ATEvAmmy7yrPKh6cozfJ2jxTcMT
1774824593	55dV8gfvGKhNWwe5eeYngYJ721ZZR71UCDuojtZPprnemt1Zr7Tfn94xr72RgFoLNVVdeJ2hSsoGHZhUpnNF5QZg
1774824593	61UjPgpi2b7wMSyNMvTbptQByqpp5RxPvrBgCdQi769Y9yA5XVXMuycremurky88ArAYtWBLf4rgn8Mhk1w2RYCb
1774824593	4WGZZgDdo5v1c94rX8SNaprZLdBYi7jMxaY8yLFX9TPnJUUxLZ1rDZTatGX4G6F1vHZ6j2L581Yr4Apw3fJCw8bM
1774824593	2i1DqgPA7wUMSRaygiQ1Kgt5aWGtNx8XsQdsQep7QBEvoonGt8tzosa3AKjX7c5Vob4oLAjNkBciETxK3BNiXA53
1774824593	282M9ZRnpNW5B5UGkv3xejnjwW4XxiuhfAWTy9ioX5BsuVCc1SZvM3SnZv6gVGQKfJMZXWXRPSToYG2K4CkW1oCd
1774824593	5pFCzobrGozhF23KuERM8mak9Jnxa28kcW5vkrybcvmgHg1ht9htP951VtxHHpdpkKEqqmeAStud1oL71Zs8oNvo
1774824593	2hoiAgXhEUUN5iAwtxAvX6C9ggERMZB3w6hgHxMRucLqcTwhj3tNU6XqAso89YgPrDUDoz49tmwX7ZYjCb2pg1BQ
1774824593	hQnArErxtcVGcKU6Ldq6MLfRBQXeAe5jk6xUYNjRhE6crwhm4PU4tUiLH8UvuedBfXAvmuC8BdXjaoW4uzr8jHy
1774824593	2Sd57MWvbsHEbNKfnRcm33NpTh2XXNAzueNaLBmQqkSgL7MKGDniGPCDBmbbJkG8Huj5iHhPMcNHxNaoBk1S5xnr
1774824593	4zBYjVcGTg7HytJY6yNeFZ3ScN8Cp2uoxvPoaxFTTNfknYpyHxSUUVaVPPH78etPQayNRQDDaUifMpa6bsbxJZSA
1774824592	3SGQRYsrAh9DzSMWxc424FF5axEPBpLhfWXStn9YDcPemB2EUDdgkLqStxm9zs8sk2k63AMiXKf7itc6z1LtKTuw
1774824592	49vCDbLVmvSQaUwWhc5XN6JUrVRYwYnMEBbotTGsD5XgTvSamGMNvxSaU5N6128yw55wwTNEB49iqt3fQMCGs8Xb
1774824592	2E2kfwK296NjZo5MUZbpZePbHvAXGgaQHHPqXa8ckrLFHTacMHrjDtnCeAfb693vt7uhZiSHWd2Xus7KzsZxpgDE
1774824565	XmbxvtLVrYMo6htTyMGTpwKJLSMyULbtVMnRzwtiT19szMip7ZhRAjhhfNN58wcS3KXJ2tofZeaFWhRu9Raw1Ls
1774824565	4myw6dBo8q7V7B7JYgdi1S9eJykWNZjQwShWgQHFPUcy21NxA5TScZMjmQsvCPzwAeFXsJqQR8i13wvEk6PA4s3A
1774824565	21vY69KKuxbg3VfE3VevL2zLyU2nhyWbZ9aL1UTXGy9U2R7RYPGvX3yEJJQDRddaG7QQ4dmkFX7wzrqwhSLRx8Si
1774824565	5Y5kf9HeoqxFtTsAzNXLkbjX5kmFFRDDvNsgiCL3He3iFyPdqtDVnebyW1vUrDv28T4ddHVaFRSm5d9pzLhBkCDd
1774824565	3iVQWexVjbDUXFuEGg2rpz1tzPdr4brFU8c2seAKKk7p3qkpYjiHmVbNQ66hoPSvYyDmEdezPonjCZUd2crSos2b
1774824565	3QmH3UUxZihCjv7GStvtD47KyTDkEzqp7HvjTimsnKMWPm1QUMSZJYkAY9wKYiGw2iRo1kV9YtLWBYmnqQvPqUeX
1774824565	3hCAgdZ5BJL7GRkwZtk9dek5BNaHnkMGvBQdGVvX9XAEop3CSWQrRa9gw3DBeprpmrsiVGhZAge3rQZvyaUkDaHG
1774824565	3uxa4fXh2eeLbnyhgdVBGb6GiG3VdMwuCMQnF4wXbEShpL9KTi3MTNm35pbz9jMj4TismwQSU6i1wAqvf6SMmJ8J
1774824565	UFTvFALr27ScP4LvKWcbtCpYyKNCTTyjGVuJ9jbVptZEydyf4UfwFYYA2ujA6kUwtC3wwRVL2jsALVKkB8kV8ew
1774824565	2fJAuzmW7eCiLrNRyqnepicb68FKV5d29dHQdAGPB3YgiWKu6F79cvvxKAcTMNsNNimx6huvCgSNCejLh4Fij1ws
1774824565	3xDAhg8ov3oMiHKBSutdw1dDmHnh9CvxVPhsAHFuRbCvZ42cfjhmUffEYfH45nMNEaXQRBEysM7CnEWxg92kuasY
1774824565	J4gBkFKzxhxoUTSvWHUt9rxJGy9xpCnBXSiw5zYeHrzeRjzf8ukSzC8bQ2VzFTvfYw6knN6RBGmm5Jjw6wMDxKX
1774824565	26oG6tswne5iMPFtuhPCV9XWiHb9dK37b4koYum3ubGt4YwY2YmW7232tqbvpVbM33PiKpYrGn7pjzHwaaG56Ya7
1774824565	4MVqdc4ucbdD3aCuSbxZDuVtHvpqnbfDh5osJWNmHraTrLbGFpMvJ8haq4u81giF3EipDh599SuTWv1V2dRDQQ5B
1774824565	WQvgPT3YBkoRChUrYPXR8dFCcan7pyMtShE3Z5WkD3QkvEQnCwYRs4htQHENtDeHVU2deZdDrLq2og1fMyshyHp
1774824565	2DnDkFtcPXbkrxfacfgpw5PHJESmTmxyZbbYEKCBZFfeZuUught3EitA1VBYw71GbP7iYdAE6r8PcNGoriaFm6FA
1774824565	2J3mUzY1eMRvoKj7J9QrNFQfgNFXeMRAeD7cifhvxe7kUMam1Sr6ygdfKyqNrDsguMaU9tn33ZVLxbHRHdfRf1g5
1774824565	4Rm7FANpXHqoVaZkuxyEHHryY3Y6EzVsxuvMFieVbQxSBoqTiz8CHpwXr8wq9nvNzaejRpqer6vV8KpYCmf97J5D
1774824565	2HFYeGaipeCqbMTX7pVEDBV2wdcyNdnt9SQCg1p3trPjKTCjPa7QUDkud6YpvjDPAhQd3FAC7YNSTLrnx4VghwEF
1774824565	3jVQvHyKxvM7JK8uGuU2i1LG66GMH6GyAzXcRJLbyMSBVYF3eSdM8Tkj6RFBSEMhHvDpuBwxYbVQEGm5hsF5hATW
1774824565	4K1Hq1S7bd6MWxSAmh2FC5LLgHbzwh5abk52x9QRmtPBDoqZzHDYGgCJ5A6Y1Y3mXFcngJf3juLcQFYCuZQkYQq9
1774824564	2T8aCoRLgZYSaEkmBHERA9pAVTFPenwpN9gRuwUpo9krrhV7UVoKBwnRdcHLF5wbHG84Mwr9nhnC4ZprQnLaQMqB
1774824564	2jauZpH2yJ39dX8XTGtwzjqbEt7vN8DmRbmAuRvBFpq588GqPoj1SsvJ3wNyiQjWnraMUp3ikbRdZQ3uVEfrRxa4
1774824563	2TgFtPJdZPDG6cE49bMxC8FSPUWBeQxNhWtpvgC19hmtubmCi5A8UkhTHi5EcvzCVKDCz85nJNPcBDyyJowLGR2k
1774824562	63W5TSZ53T73qHCJLnstSepuAMhX8t96ktw6E8rjwP8R23EY921BXGewdLWFqXGiZR2ho6BAN3CBTDcXu7QNmX8g
1774824562	32Bhe7rH8yakoLuHiEr1QURHPqxqjmViMRRmd94NDWRiFb4srBk2G7xfpAUNJEHsvmfgEiS6thKgxsuGUdtPUeyd
1774824562	2gP5XmLPS7PfKSWvD2obEns8waR2p2De4JNn4DtX2Hw5EKDpS9UpSMV5J7WN5nVL9QJMZUjknDeJsWR48v1GN2TG
1774824562	YtvwM4k1J9EMizVCJdXZYgExipHjjNdsT6HNc81tRWNMxjAiF6VAWQhq9fhVwzyQkhCBQPemGmyYGuhdFBo1URf
1774824562	2HWVEhYQ1MNu93UuHBwU6vf1m8JBBFsS4odMxou7KzXV6SRk9A7T84MTZA6fNAQhxEtY6Urn2e2rwjarLqC9WaNx
1774824562	3qTk5ireMEQzuuZUypBNErgkNX5GgbQuzXA4Wrzwb6eZPhSXPvkzzUUy2ubPixCZ28fRjiuHzo43bde9UMLPaiQk
1774824562	4CNA7gmYRVoQ9Ge8hEkWgEsbjD8Hh16EmgxzkUWddWM2KX5VsejtCbd2EY2GmHd6LZBksKJ9bXHDBJbLabrRfkzA
1774824562	5BE9CfABrVwPBTkMTVjkCDV8NoxKVtYAWfArKPo3FjkDGPKDpChPadR7ncDpp9hRvUB9B914HVXCDSjaJyntCumq
1774824562	nBET2Aso2Aabk7Yjf33H5f38Se7s6aHNr1cQJuewJeAzxzw9QHfFbxnBKMGv1um8zNiBnmRjsxQHnGyuhTPfmB2
1774824562	5uE4s6FPUKYFgpdt1vgXj4jdkjEj6rsGmv4ZHeP1hbCFyAYXP3vZRPynu7TFa2fAPTNkETtM3aYgXa51FWC36Jew
1774824562	453hJkgj1s7S7WPVzq2GCyNcfgQXaRjjhXXJmSQ3shTgjYhHuTwWdX3yCt4T7c34xd94RU6GSCYY2U5fKRXvsE2Z
1774824562	5hUZEGfuXrVDBy5799Csc3bQjaSGhEhHoxgKk13MfPHEuUnaMpGxGPVqyq9GaL6XE5xLidK2oofZDqgC4p1fkoFA
1774824562	tXt5B9XB3bLJuKaCgMNLQpDFoV2kwY2sbSKE3EBBZ3FG9EjxyGtCLefrYz5p2zuWr8tx8Kgw9YbvMnfHQDL5mDC
1774824562	rcsd7LJNu9UTEZ1dYHnxRoLdttuZGfK4PgdiFJeDCdjrmmYRcvgRt4zPousuZdY9rzrs2VPo6v1W6V4tafwVBG1
1774824562	2AKBEb6GAn1WukhgAF4Er4EnMaFqZ4VXwjpku1wJzhSGzXUfkQDMy4A4LnHTTj7N78ZfcDeakVUpbDfuqTTXfU45
1774824562	2NrpDZ34yVo6Y6P82uA9x2NHWwsMPC5EVeRg6b92pP71ByHRz1fR2pqbP8oeuCD9nJ97baKMj87NT9V2G596dhzC
1774824562	fG1srdLuifvAZJ8Cgf9BRcR7LhX1tMVju8C334ytERtYhqnuMSoJpvuDXK5rGHf1RDkhsa8HZDDLeAyjeTYscbj
1774824562	25Y4oPXzyCrFxTj8WLYikEbcX2UUyXAfjqhcHpHTUbLdDn74JHZJGxDCQHA58SbqG7AwZfgq1SCrFn66GgnniBA3
1774824562	3K3oq6pgf9hVKRphobjnqFrZwFhB2G9UhpQikgrpk9YaDh1azV1D9s2jbh2jkzz4ouHzUWU1mQx7SvDk68W93qPN
1774824559	j4GXYsJNZQihFcD94WEs6eTB5KRo4nVqjT5rrJ6turVVwTCjcUfK11h5iyznzKmS8vgncJD57Zj9D3TZitkCDuE
1774824559	3C7xYciE6gAjQ6hAG3xRAt7ktGjmaCQ3U4wHRmdN5mBPqTYrZRWiptAeMWg2WVPpsu4mWDxL24MCZxmqzLc2QUsX
1774824559	Lgk3asR2eA2a13SMDL6itZbx7JhGJtoRHGm5DCm8WKYqrBfXkPzyFGRZc6vbVtLGYHTGRdcWCd8ZtxeDEqgwUEo
1774824559	3xiL7bfvxWqyKgvW4SASjVAswtJDiTWZEnLR9smNqrdqLgpS3UaSmPViWoJFAx4frw3Kurv7n1UFUR5QgwcMUPtE
1774824559	43NDfWPaWHD4nMzTXmKRktcreR49K1enb8GxZfWVqQR6cjpAi6HAz4bFEuEN7Pe5kbogu74hxiSXp9Gb9DxeFTaA
1774824559	3oGioXQemdMeCf3FT6rTv6yW4bf5Xfmv5ZPopn1ZHCVL1qGqpvhko5LYfVvxU4ZeYYgwhfoyGkXAmKi1jCNTyMED
1774824559	55wh5GMJyp6irh1gAQZ41Ly3Rpmjepu8erxMbWAEtdtKf8zWKnSkopFjf5bhF4QpRmSi5mMN46xDkMpNhZzAKepv
1774824559	3kJxDssmp94CfodwnfU4WY7xDP5fix2xczz7NaMfLMXsFp8XZEKUPdtDyoDWmWrL7o3hZ6E3uqJDiQSEBbTMyDRj
1774824559	45Au6XzX4DyyaVpHXqkhYJiewqcMjzgB6mQcSPQ3t3a2JvKwmK1jcobteXeQyW5cRRfycRkS2yNUqMu3Ckt7McBu
1774824559	5pNefW1tpk3kmAcuNADqpunz9NiYdoxXD2QaNzPgkfLPcuVcKUdg9JMPBMa4pNg5ezaSJmewJcihbn7HGRh5cZdd
1774824559	2yAobNaAjFbWgz1T94YZT2FBKXe5Ti4oM46VjMMj5Gi2x6Bh5RTcw2Y6giMZ4b7BdXWh3SPgf4kraF8iHMe8dv7B
1774824559	2Fd4N8789Fbxh5oinEhHb5cjEcbgKGkhtGgHhw8aotRT3jsYk6Qmb9PSXBKQ9Ue8jz5cvPqf7RZyxft3hQXoQMwA
1774824559	62UZZ1c2QtRympz7Cq1unkhczJn4NMRsBDrmj4rtSw5sAYi4oAoAmgCghA3CY8mvyZmeH58K4Y7dnoSe7ZibAtjq
1774824559	2B4NfoK6AQ4sfDUCZzCBecsxMGZkqPxSNDxHZ75P38oj728VbtqqQmdQqBhcjefXJDZRwuvVX4f5GBJwfUmH3MfD
1774824559	33n8LiUyNzEKFGcoRa8YYkCza4AyGV9rjZaLuvvdxZ46bHQwCJKL2xXZXAxyWFEVg4gM31JpKhMhurWS4NWES5kT
1774824559	4ZwKnP8ANiPctDzZDyLASy8qN6yJQtWwxrMPd6Jfn6GycqdFM96jPu61Y9mQHD41DSGbydSJ6aYPBJHwjtmECoDH
1774824559	3g9ZrziqJGUJSztSmMhGov1mFGHdxf1QVmt4wvxou7SiV7adkbGcxiu1tEKLhEXjPEGwggpysPxcaVQhLaduohWb
1774824559	3B4bXWppn7QGiHNkpDoR1gSZWyKmLEEBeLMR5W6UL1Ui594aXBFQ6g42mVNPkfsrDgctddKjuSQAwqSC2kB5nFFT
1774824559	4dDUMs62SN6xyveZUj4gx8PmD6VG79Zdr7ZKgqSAQk7VWz1WY1Qrd1fhYUC3YYZCMaYCRy26htpWvAyGwSEyq9xD
1774824559	4SS8Ca9UDERzKtFpt3dApa9UL4YqmdXiqrXxZ95Kv5pDGDtrnNdvsKAQSs1DQKAvSWVabS6DvvCa95n4JUUcuuKo
1774824559	37SCRVqd4pTPXmkvsiR585v1Aq1LCxnwbLtgN6GDBUi6CkgfrwLfgMQp6Wzw31pw5u6PGQJbeb2dvDNsFv84nnbd
1774824559	NVQza4w9oMoCvS4nz8DTNJ4w3cCXS1wwRPWPYU9owSKVv11uYJ6baaFXzkWnZSyZ1R6aMTArHtcFUqkqNjpr2kD
1774824559	5qvVEV33cCPPxCNGVAaW3WoRh4nsVdgceUgh3kACqEEB6AWD1wEX1QPTrfJLS9jq5Yf3cexYwdazRknfZUyWUqVc
1774824559	5WdbbjW7NusSqaYReu4ceVN8DRypow7VcXQrJYYDMnbJC9TqUCEsR3tjt5z2cfRTqMC2GBn9XsYdgYap6YaQZyuP
1774824557	5PHhNcViYwQnmz69fu2Rq7AuVPqSdDrMmHyso81tZaL6Rc6K3oXUkAw966yvGy9yQbP53nLABgWPt4n5x75CTqP8
1774824557	2VNX2eGeCq4cY9eHJ4z47JDGC1c7mKqdBtFDCDVNkgUP2ecLoRg5wWBZtNiYPob63VNBq8r9nY6bXCirHUAsupuB
1774824557	38QCxw68E4KytEu8apYGKAnLVBVn4RKT21XPBGfZtPX2LZ1Zh2HiEk7e76mC2YNKuQtoN69fAun3fYLASqQfoeBV
1774824557	3Yp6zXq81osuMGVMweXNptTm7YGNj858oZih6mv9pauX2BaxsEQ7TGEWPTzpH5CoNFVHMHPMXNyEqBxYqT6dzhH6
1774824557	45e6otxsVhJzdaWLcUv3tjVCqss5enbLCVfXBiL6FbERNkm5BVPGKXJ1Gixdv5N3ZgCoELQjiDBiZF9aoXJkdYPz
1774824557	HavWv4iWyGd6cFSU18SUVf7LP5ecxkPdUKAu79u6fsiLQp45GbauQHBgc1aKfawZhDBmE2ATsdXpQEzrMB1rbuK
1774824557	Vv1kzDxbYoDdN8xYhG3FLhYKsKLG7iEGMDCpkMr9rMhEwu41SR5KGL6WFwKQD9XeEV5TD9DfigtGGoYtyotnda1
1774824557	5s47XZpfD7GsJsPXPubzzy4p4nuXvPjzWJdB1Z29yCMNX6x1spM4BULWszkKNjCJMPqdxyKi7aFENGuG8KDf4ktL
1774824556	572LHsfa1wDbYTjbMkekiWPA7tBeugGVKe3pNFWLv8Zvhm3FbY2c1jMw1wycSH2uxUsXwwoarHkUGHif2GVcqCmN
1774824556	2DAWUW8fD6PpUjoYceJT6CZduBpEKZz18bVKVgBmrPWZEXdJgSFsq32K8WdcES747yQKC2DshaLur3KgMexn4tqL
1774824555	3pwBdiyuWM4QYmcXuysSfnY9z9BQDRKzhUTdasrmHiz6Bpn7JYufDZs8uRskw8Wo65dwUqB68LgsPsgNttxFc6nh
1774824555	27o5HvEBFuEXbSh1TtYj7Lfq1FNgqgY3aGNCTnzTKLSmDwiqFKjKLg2BdNWJ8Xm473v6fW5H4St6BozD2WzdAqdU
1774824555	3izBBDUFuSxCJdX2Z7fm6vVSizak1sJiqzkSwTPy53qtb4Wq9Qi8wjJsowSW6AHufAdEeepYuAshW2CLDnVxtEv6
1774824555	2QxFEi6NiDxGzJRxWURJu8u21KWFFwGhDQikHkro6Ut4tkW5x5nM5hB6gumafacNKxJ7DoJk6ksDfvz9QFjmpcyF
1774824555	5FNwLKeFM8DgPSpwHqDVsTz7HybWFihiEDKTBZxZvAWzwscczQHpCsrPxc2MUpMgxouHfbiJQ66Mvr3etnweW7kV
1774824555	3eAfnsVM7gms5kQqCLVXhGjKQ3xyu2ZaUAarisMLZuMR12AuhKMhnhBNPGu9Mxh55MZmYiN5s9nZvzTmD3JHVXUr
1774824555	52CwtJPDPMkN9FL8yGXaDXXWiJEuYaWpmW8QaU7MGgEXeGgpLyr81zKxqoWH5EMmJf9p72bEbgf7jNqXTrf2D1AL
1774824555	3GYkxkTxLWjT8PCu3XyE6UNxssRdpySrqgP4b9KpvyNU5exqM8uFQRVkEw6wUo4Daqvpqcza4JXowTyt5KjtCjeN
1774824555	2rpVKghrUC32bZqdQq2JGv4VKKqp9NeP94eZevfRV97cb1bkV22JGZLKHAqwJ9zpEruRqWJc4M5xNBu6teC2zQrL
1774824552	5i5pwDVMoJLreRT1TVnDC1HUp14EgE2vASGyjZXeK1RDUgUy9brp9yXVmJ92V4tXDp2oPgDWSWwSrp5HPuEHkUwk
1774824550	64cbo7HXx9jwVsryJ6xwVAAtz6fpy2JVVZnSWRsubYkWdqBtRbBY4MVMHrWzweygYDwp7VtrEiuiS6FXiAqJ4dfG
1774824549	4ncyVvgdxNKfsT5DMkxmy9AoPvyuYdEVebUUYZ5R5zF7yCVf4xFRBrGg3Q3Snp49B7YFHn8cAn5GRKmnh6Ggtrh6
1774824549	e6uJVRVk3sU4d1JYVV6J8NxCrH1bdBp5q4P574QtjiVKvHW81QcZPEHbw5kGDvRMTM1Mbuksk66ZzzRpRaK8oKi
1774824549	5m8FoDSQrU5LNKTArUTt9Fv6tzh4iqSrNviZUnWNj3yYMBAyfCXtUWLMTKuMQFmWhYdJozK12rRroYKR98JZeMJu
1774824549	QWn7yn8tKkshHhSVDPhZByuDaPY7A3U1CQ6X2snPKMdP7sBFYQnTxdVRJGcjzXgfcRzDvmmm5iGsz2Gvs1eWP1Y
1774824549	5zT6HuFqMaRRELpawmSSw5LZ95894Cxp2LqdiLbbE9ThgFiBiebUhNYe3qz5qygoNhyEUzm6ojtSLLedQrVozhwe
1774824548	52kJUs8eJQ8tGy2JkAKXgU966A5H4EaenczTZqYTFn7uW9NVVMsGVZMGuUcrZ2U9UsbCzUPrdRZzve91tdHv3GbH
1774824548	3DABTApHKE5Cy57cu9keqyL1vR4GyrpYPD3MdaosCxDnpW5sphZ5hAHZFUKf1Qob5mCAn7dV4mZzVWLxvC1iRMjh
1774824548	7XFPqUYh5VsNetXLDgJcB4DS4HWxxWRFmHBuVaWjZVz96CsqBRUqfhUenNFcYakMabDbeUnctz2Dr5UcCvbRTmZ
1774824548	2JLvjs6yQU1CnJbkhMim6VYfdJQLYpn9E26LnQY8Fbby1eCWQvcSm8qKneHcFXSwcpud2oLbXhdQuRM1sWKK1NLZ
1774824548	D5TvWUfEEwJTv8apRTsoYVvyL3qkTnVLkRWpzmC1c6ZMV7UErUWRbKbSZpXFj3ZXs4W6gzH6i96BmbmWDpgkiPy
1774824548	3GJ2C2gCEak6swLeTzn9emwzWv2UMAuGi34tD7Z9MYUcKEUmr2T5pNBePbe1UP2doDEetMmE6VmMy9hNBBPbAYDo
1774824548	AR4z2LXHf94WSDTa4a8naGcFVckrusxLRm5efSron5eMN5SfZsXii58Boie2U1Sr2FrZMJTtiwTvEYdCm7tpkhh
1774824548	21oDtYpe2zVrQjrHeapFBL9AV8CtRjqiykAPBp5nK3ZhuQj96zH4gQ47ReMdJtV9iyymGbapLb8ruzR9c4rP6JaZ
1774824548	4DM61GToH5q2QFY3F4L322ER6kVbUw2NdXod8de6fvhCmTtepNw49aqA3Zc9YQiDcdYpeLvawM8fCYmCnXbyz88
1774824548	32cmFkvkKmEkTyC9YLmgGRuKKajoAzBZgpoCi9T9YYb6iTPpqh3sRx8LyZGACMv6z2wgMJY22Cz7WSuLCM8BHB89
1774824547	3frQ1S86mNjVCRbGbqwqhDUfp7n64aAQ9HhLX7cgNQ8rHgpDixJTTzaeBFi87njtfoi6nkFAw6uoo1hjLdzTF5Lv
1774824547	51nrj9cYyUyHARCMrrV1cPy2uzdZHJrL9LW1X1FrEkkM8wgfQPi4dXsMfimmBwdZDta3kFLLzpGqHyNY5Hqh1yS1
1774824547	5F8S97exdQDjSrGtQaXowo6S2BWGY5JPj2KZHcUX1Ao9QzqcmwqLM5Hd4hmMuumCN2D4gJ27Jx8hmHrEZfRUzzc2
1774824547	2NSQ1DEo2Ec4BHEFaPKSEY6HG6f6PEZz3L991az981Rxjoq1TNk2y5PheSAzmksMrY5eDhr4FSLq7wrAEExtkHMt
1774824547	3M32BRQfCvpRffw7NRZ1V3eLFDPK8aDtjVPhsskMQ61FRKemkLTrJzEvbfsJJKBXHZY9zjxhcpQ4eDLUDtnyp1Un
1774824547	5yF1V9ppDgYE3xp3QVXUhXjJZ2G4sxWmFsDktTssXWtzYSPX4RTfaR8fF8sbT1kTpJZJ1JQB23kB8jNxh3D6SWCz
1774824547	4mDLkcri6TPycpx92ngUrfEuuCSTypA6waHMDYK4SgUsyEAUDgUeAZfeXuNv9MaAFUbPQ63gPUxRtnapb154dUkr
1774824547	oGfzkjCmS6FBPckTVdriBHYrjNHcjDAos74EQYFCwsYpnD8s2nkhpy5C5HL58meTMPgUSbKdHPHvQYUsYADVEHK
1774824547	32QRavv6DwanxiKjTUgGq9fXpJq7k6zRd8iWY8bRrkNzS6mF8Y5KLcLVB9RJN8da55Sn4pEFFTHCU8s8KyqJbxNd
1774824547	54DayashyGQc37T9n7pHbqv1VQpAW7upPijgVQE8FyJfqjtNTvzyqvcQPtZp65jNH3Cv3ayMC1iXgk8cQyk35qvj
1774824547	661LUGyoMk4NA4sgrdJvA4gDsTeZnxPg5tBgAK3gXfmLQMtZrpX3K65quWhBQcvuHfp7hSqV37gc3LheNUCcihtb
1774824547	RauXPzVVjdG4YxZRbUGbJkj9cmn7JUatsNp4542ePMRuZmv4Dq6tvzeEXAQNomLGdJFdoSthV3iM72VvAKHbABj
1774824547	4qtB8e5PLcjQhh1ForkQJ7rXuuJgRbubwHHWgE2gaQosVuobGsyyrePezMDHYjMAh1c1T8C5th8vPQKor9BhSpAv
1774824547	5vUpH8JWZhapaG1wHcCsfuXaRD5hUVHdDkJmT4HPQVqKDQBD6qggF9h4F4cERpKZC39tjskT65UonFRvXiBN57fa
1774824546	53bSXmVvQYMybTBgJTZp9Scde3aNg4dQXqH2qZwCRT4Kt7oRNXVTJqWc6YwhzRvuwMo2RkHB3PFCsPaN3RdGZ32W
1774824546	26bt15ZFuitdCpaomWV2Hbppr3RimERe4Sag1bJYrExvQpa4nEysotSxYqweutW8xtR5mMFSpYf46NjVkUWKgde2
1774824546	21eQvrnxWtrztBhgGHT56Hf7SYELJeknTmyXNjcGcygA9XnnTXJFPU2RS6jxwFcbvXmcfJsRYUNCQsEJdXy9qbWh
1774824546	7XcYmJPzLJsZyhgTsFhjoJskgC7HyAGqReApwNQeKJY1b435i1EwHAfr5wip9kFmuP1JRLv9QkEDLgMuY84GG2E
1774824546	3EVYeqdAtANKUqtNXH59YcwUj7gjitoinnbqABLKhrDPFVCYaJud9p5xRY3EaRQahhVXsBrukQ5Fnz4fx7bamfsq
1774824546	2sxZdqXf3WwY57rix6wirrW6dy8C1qNPuQVKNxBMvnKKsAKy2YXn6iXvsai8aCa7Yuduw6UVW3AauDaYQFnwJ3ev
1774824546	4AxoHgztq5i1LQLwgZwmudamUYH3iCb75to2RrUVGXsVgVhUcvCSNPaCcqWHtR61a5xMc1qedr5kp2i4cHCcBQ8L
1774824546	4hWts2wpywyitHBqZQ7riiRVctZvWYW9pDJoJ6PqZ3exrvGgr6DSKXxDUUuA3RjwKqW4Y2xCTTk3HMrA2fWGToLa
1774824546	3NCjXuhDpcJv63sfz3g1xeZ8wVCgRfZTAYr4pFEbPLxK7iCTzNKtp2XNLVfbrXDB3pqK62MJpKbJLtHTkCC73bBk
1774824546	4czMAniGAJmmXaW74QgA3RGzN8ep4mMYxi2zeJ6vFmRLLkNCApMtV6tjqubsu76foZc2K2ppF2uZze5g4hciXUf8
1774824546	32Unk8i2peZ2puFhNMrTFzuPbH7EVnnVSiaXYm17QRbKDoL1W75hGzPZ5JpJoHvnr8Mv48BzRVruYQN72mwfmNon
1774824546	4hFcNEFhwkMLsGMGAcMUTCJAuFjWqHcLPQuRKG4NnXJk6ULYshxmE7H9gFmepc12MLCANjUCLiJLi8Apt8JQZorn
1774824546	5x1X7MEuUGeHSf8gWopKEwiNK4EZFMzkqYx9eKm8gyRoGoFb6GSVJVHVqXo3i84HRwYCUKEBF5HzB1twuUTu6sXp
1774824546	5K6u9ips2KDbccRhK3HtAg4syD6KAnbZ62pSvLdhypRk9uAnBdgGGEz5kPotTqAQTwq6kBgMF92v78ccCrruy1xz
1774824544	24RsiBuSqUqGFuou88BRRrQjUciBrAhatspGeRLa6nnXeZUQRbB7dgvbLDzEsmh7GZruCpTZmHxqPGoRRxaKE7Cg
1774824544	utT4yAX13n1gte7cSRDwL5XRvUt8idf16fb3ssLgUv5DN1X5GuWrdPcmZqzbjJeo2VRHKk86FFjuaMsQZ3hMCEg
1774824544	4XH9tkkCUQ6KxjdknyG8FAjZWrnomnoc9JNsEJNQahgH4KQYMKbgY8pE7qqKB6XevwnkcSf83AM77HfqkhvngNsu
1774824544	5Wz69vMbis6wvozKAHG2QuxWD3JRUn1TJxVQiEQLMLcZA7gB6Sr1PjBujzw7YUPdi1cBPnXcQyRhiZYCPUT2dQ1S
1774824533	6SMibdJoWF5FWdQCfeMcGovtJRp8Hsj7vgFF9a7SefSd5AjRWUNwtYxVJ2PNNisAXTswDbcphFuLsVzEsk3uKFz
1774824533	4XSvkGeY5tLcnN4sKygfC3PwMRwvfNEPQqF2DtNDCRwPG9bsY9jJ2XPyZPrKxUZkqWFFSayv6LPuZeLvbruj7eis
1774824533	5qasfrvrFsfexXh8e41q18VhG2Xgg8X49ij2JVt34yFp4ZDFuQaZZb7yrSQ1wTUwoddkTjmtSr9uPa4PJ9dWmsZA
1774824533	5HmMthNu8y3RHHTG5nGsruZsBMgS6wZKwZoL7YZ6RqmmvDWtmP9EX7q59X8kpQz4mzrifqMawCV8zV8SoqdaZkBj
1774824533	TVPHDQfN3se2yBRJsC8pMo9NURFGVhhQJjeJaLosNMAT4VadeSh2cUYZ8rJ1s88w6g9jqMScviQnJoxyissdf2x
1774824533	27jsJQaizvZMcgu8LefiGkooszmWR3D1sBGD529qG2bWTEnN1TfFUEvBEtaGZUFCRiibNJmQ5ZrdioKwu62zMMtS
1774824533	3vM11J9eKra6cYzck7PCrZSaqycWCKh9Bcto7uLxd4YFhQbEefRtbQqwrWN8UJWV2gPUYurKBJBzRUGQH4eb9JLF
1774824526	XeXdCZTDh8e1C7qFUhwy6CLPRutERAaRNQ6L3vtzhAPRGWKjs5FMuVqmNGfbCqZZPakwysJDpqD5xi5m8Nqeatu
1774824526	5HiWgaUe1WVNrsV8XxPGtvFdrSE55NycyXuBPwXHCaHHCfNLxP6WNndhrSVgXqrd1sFPyS3hgWqjTangzaaMxHVu
1774824526	28RPKJ1htwDC7CefjvVWGkbKhNvs27mneaWepMroaaT6hmADy3DK3dB7Wx9nzbWm6R3Px5azC5AvqckcaLP1J7Vw
1774824526	5VnRrCY5VenUGWVfN8hcx2bj1uGKW3MRpexBSUcNaNAKA4a6pBxJfAzx5rASUnxg47Eh3A6oVYUDKAZRLh4B4DT4
1774824526	34AAeokDPmsQj65CgzU3vqWwTkmyUERfQrE89iTspLCVVRxiRN2nucMRc3oD7oWFBf6DPwE8sZMyz6uYW7mWdbFY
1774824526	GZh7HM9QZEcjgGTCdPexLZioXyMKkW5xePwjBtZn2o9KTnCUi2jGhrrmfsSgu7v4PbnwVyBEPG7sY4VadRwtyne
1774824526	7Y8BP6Kou7nQb7RC9V8jVULGVhQ2Xp5zUbZFYDU1Fpzi9sLrcpDNukBhvgn2wmXEqVVD4eH6WNqSWxGtMvW9UxG
1774824526	4vX3mMNZut6qtxkYHZePSfsJVRVN2bctmHoEsvdTpbDP8zMkp4rKx5YEh5JtRPRxxizVU1DC162MhGxYJRAaM69p
1774824526	23TQ74nE2cobpSVBZz7pXaLNW3udvz1nLiYBb8xQtZAKT4DNSidu9o2VQNR6LZMG6YaZJ2rnNF7X4zBtWbGFfr5A
1774824526	5sMFepxFr9NoFhZpRE6zj6ydpaoFcAZNckE1UUEJH1qzpUmrXJuH4g2HoiBcKJb7sju81Tcijox4v79j8XkA8Yvd
1774824525	41nxgrYeb3reEa1TXkPhaG6HDg5Uhp6PB1VyFCNkxEdkeFziTWHj5CjKK6SpkHp6VXfoJHd8roPpu2uuAMJxvwxf
1774824516	3Vg9zpGu5aK2hFj78gBAsiYrTbj23Ng3wCScu1nZj9QCTLk4cCqHRBQ9CjnSGoMvCp1b2itJeMonXt4KbjiifNx4
1774824516	2DR8H3cdrxhDzp2mucjVxSr2ViHymh4kqQouJzJdDNgFfmqjur3Yp8QZTrrSp9JGX43sTYbS1aQ2Za5wV8Zn2YE9
1774824516	4oMpof1NHNA1owkdexjSu6yYVzN3AjouSbGovWYMsHusE3EqbRhEG827QxHDiXgKS1UopANwifF2qScp1vmS3KXG
1774824516	5PMRiTBnjEd1DeCWwcjD3opQYxzCm85tGSMha4UPCD637cJhzfRKAUtXR6qqxFGnRxmfvwqvgkrmQRsbtoFqAAWF
1774824516	2kcHKdQKnVLhz6xYa1eZx9R8BpDhYjkAVvqMpqEpSwPcQqBwKBQF9AR7Np7rNeevdCQdX1jN9UXjbdEAPN4kUxAx
1774824515	2d4nqQqtweTFbjTd5ciVhoLrw2FpJRYCkbCPbqruzR9wuFD3GP1Xa3oZyFC8Cw35o2CdhrAND1mpFRcUWe6oxhPE
1774824515	4jCMiY4z8E19vJcyUAkrwZ5aaib5PL3EBZhgicGeYwNV9MXcME9PwcSEVCX9g1nyCVgo87qaP6xC9FZ582vzFGZD
1774824515	NwruLicmdAq6sv2XytibckBUFPTTaYxZg2N3pUZEQt4ND54V5ZkNGMGtkWM1XjjCK2udgsreEKXcowcotqB7xJW
1774824515	65gUjkYehYsevTBcF3tfaT6m7zC5fTt5yz9BXKnjN1Ef4oxZK7yLDuVqQmAP9VYRELSP7xiTmmVoS6nbgHMnFn8Y
1774824515	2iDw7irJbES7mjesCtXRJgaKAKuCMNnW16iedGhdKsdHDjPwaxWeUT9Q75zsXamvvme4sE4wzbzhKLahrrnKeKfP
1774824515	3W5DcDx3xQRRnXZUFTBz3Y5GLMiKyZ2WufSvXNaVN2KD3XXkUSiRACzAtZfyhJKbxdzpB1pgbyrxFQM9ZpLMRSJH
1774824515	5s1mbnFxZKUJFKtWPhd7zWJ3AeV3sWoJnwMbzLBsFWHhU95mLaTZTMEYs7u2cPQiYbQMuZXPb4nHY9E6jgHrc1tu
1774824515	4dJRZKX5W9SetRXLqZ9QSK4KcRPbAyKfwvCPXNnhS4LhsKDhjvg8g7mtgVtmvkqkpYX2Pg4x25NsmbbsnvQFxrVm
1774824495	nH3H3WT1snzcwVtyy5D6jgevmpBZyqZHKZwop5GhNscu3Y4jnYtPWkB4o5XXPk5YAW4B13B7Hnc7gT22bpKWaV7
1774824495	XVPnikxv1FWpNqcF62fyKtRCPz1AS3jsyKYaf5yqboxhn2ubrnfFmPR5evE75dWMoJrvk6masR8pMhz57bsLNhq
1774824495	4Gq8UkFxcAaAZYNmKQzdDqkTf88QJd4xnNJCZZsboBj33VmvYxcndvWic3XdfC266ivQwTy27s8t3HXjq8dXE6hb
1774824495	3PrEu9cJY71FaMr56n7wMKA6XqUHsMH3J5KxoxPpDy3kvomq4iAb9n3DdaTYjt71UzxYyVNmKghtAKpdzpjrNK3z
1774824495	2gboVqzN5MFnVzGzUQybDQVKaMwj9LPRCY3vxpMt7xRLLn5TRyRZyyZGLPArhAkmzfGCfWRrRNn2H3F5vUjBDgjD
1774824495	2uVfcDtfzDym5FrDZWP5Vrk46aR4qrpdDMjBTXFMxrAy2Z746h2LSGHRtvGLUhPZx7dwjLBRcsYvKh2Mhr6oGoJV
1774824495	5nMbkv5DgzMc1jbtbFJJXxbd5yFGyZWrgn3cQKRA4HR4qnZXyrWf4o1PEJ9Y767UubyRNtJ6zboHu74BTYFztu8Q
1774824495	bxrEhBoiL67rpErC3ZXi4NHFQK1zW3Vuu9ZKotsSQQPq8GQpT6Pt9SbP5tCCFWyeyfvTJJZ3aPe3REwde3rtJzz
1774824495	4cswLJT56ZvXtnGEc2AtzqvRMoH9RuMHmnuCpiCQ8QP5deKJuF84eSDUDtSqUz3Z4ryf4yFRYwwS4okmGfTrBCGx
1774824495	4XTGzEP12Amt3FwWZ9EWyYG1xhWshNZraCGqnQVeK9jjrYNxJyj8Lkv1eSn2SvtUUPE7kYbY1sSTgXGE2ziapn9M
1774824495	4U4t2WcNDZzAJULHa6J4h99mayArjhnVFibwufJ7hnw8q4RkzrRHMhCPFiZQeMntQ1G3wg1DVP5RBecw8xgXNsYw
1774824495	4irrVso6UjaQSmAUo3x5yRxveFxE32thKdhsK1ayZQcYGG2Jd7szmBT4KYNHbEEXmPWDH9aur6V74KKK1AkFuMK6
1774824495	2pFrxRD13Vp8vvPzHbpsrcEo4dB3Xe76W8GgKphWr8mcBJX7CgnHuTxW5h8e9nyhmpt9cBS6mvF1nriRZ7KehgQ8
1774824495	5DhRwjXLyzyZAZKXhmyVDu4RfKc52UeV8B4vnWiMJwMQg7gjrdtb62vNiXuHignrY5i3N19EdUNVrrhp9WjzMcDn
1774824495	FKExbrZk123dfdYBgR1t3cA4jXaCGpXvofBmyegkezoyCfxCk7QJz57ekZixrMkMeaos3ixCnBEYFGRSDCFP6WS
1774824495	5MDkmZc2Yo2VpTZADzchrpUEoP1g1gM4qVzk2oK7nNfdkVpTeddznv5EzWjJufX9kgvZ2m2o18bzdw9PgmGGUJCW
1774824495	2wgD5ine8KxUipu4qnv1ZtTi7cDgLCBDxoucU4r68M9vosuLxjMh4NSumEpFgJ7iu94S16J9SLkSZ6wk6oXiJrAa
1774824495	3Qr9SAtrDZffWxMHdzTqrD7roZQW1CgpvMSqdXhAd8syUCDPATFGkz68JVdpqNSnwBQiebExYrxzzXrB2TkDdkMs
1774824495	3E5BFk7gKHVvvpSpAx2zatad9uGt8oMpFKKBHaKrPkERLFoZM4dbqrzFiLNSxedDFU1dwsEK9da3iMgjbde82sri
1774824495	hwP1o2kse1eUviv8hoCPzMu2xkpS3LC5kvA6N6moXn5Dms6rybKBTUYDCLWq1G4TNZvxFV34Hihvw1VTjNYtAKj
1774824495	318TqocagS82zijCwpsmUxJ16a7wkRVQQZGBXi9swqFiiWbP8Fh1rdJtJFPDiRDeq1rrZ14jVbtdGGYQBwJGx7xP
1774824495	66sCeVWZxNtrzV33Bmb92arEhzkoRcffAtLoqBa6iVD4ewTLNM5mHNwAjrjndqKyEuxLmyzhN2wbvty5JQ8WeEEJ
1774824495	4GS4zeHbTfE9wuejFrYGcmFhtX4cLWYoRGnam9YVrf8BbZ7JuD1N57vHP8eLkHhQcge4auGj4g9CZ8oxPaoMREPt
1774824495	2rpyBDT4uUUWivGARYssfFAr9pYXewZJJA2ABtwb4WzfXxyAxmQQE6S2DjW9KAxUYyQrSnsnSmgvC1XHF76in8Hr
1774824495	65E2JiBJZsRxf7NCrBWVfVbG4L3Q2Esxhc9J7nCUzk2DJTUUMr2LDSEzRiAHZT5CikfAHyRHQw9LBug8PjrCLFdX
1774824495	63oFbJZwziACmsMxAJA6D4HR37BNgwUgC2CnDchBDc9df9X6Zp1Cn9BfLrbPTuWKXem25CaQPESVurQu7VEgZ9L4
1774824495	4DxxqwymSUchu7V8orLCsNMiH13TvpzH4LJ9vbv7ixmoyJEceF1kMJTfaNj9p7qW2aXNfQoqJ9Rt52h2yJtknXJX
1774824495	4KQwiZbkv8zb57bEC4UhR1WXj5UezXNN5MkP9AG6j1mC9wBcDfFtt2LEaYjCCVaqnPTVXoRnUPo8W58QyDzqxDrE
1774824495	2MBXQ4fVkCaNxYADb4nyp8wLDoE5uATS84a1iTHy4jC4YLG7eLTmHgUBYPEdw1kJ6MgzqBZG9apMAv5aACirSg8c
1774824495	2ScWu5nRNyrcJdGBHUqawCCNSQDNf8iQFeKsuWM1rtn5jKbhepN8kiUM995gcsNz87hYoNsQk4mFuoRK8VYTu6Wc
1774824495	64aRiRXT8h6pVHwJizbtCD1NscVY9mjCz9zudsnSSaHy54g6dby8b3RGXvzPNpMXdvPE7s4K5Qwji82h2vHMxVVi
1774824495	dvUs2CtYYwAUMqMUJFs6ytXYG3cTi624vjo4goeB9sU8H3wd1sB4MczCr3NjBtJK5w3KsWwfRHCncyU7MAfEYWR
1774824495	583qZTjqqFgx9qL64HSPFKA5EctxnzAwfN1kNa6faAfMBqy1ejntEiDyhpmrtugYAx2Y9pLGhDqL24iCcCccaGR9
1774824495	p9HbPww7B2YDs17tH8W7n9R8TD9x1JPFD8cwwph84dRWc5hCJgcDbfBKLmCBQGKF9D2zzF8xy1xg4PVtrwkna1o
1774824495	41tGvf8pPEUk1qxoHpVT528au4kzkiZqRURefGi3xHeDdyVxqXBixXnomZWYZHi9xVX5s7NeenrRY67hpfDuvFJo
1774824495	3Cft9oQCs2Ts8YNxx9hAwX8kTXXt9rH899Q63y7WyjHEdDnz9CgD3AdN4QBc9sSv7RnhpGLjnWJEHWbNtmbcKYXS
1774824495	4sbm2DUocwkGu9hApSqPrdmnXwF7svQh8pTWfK8ds8vr6e1XSvAEvSZfx3kfwoVyCzL1VivTKXRbE1FfpaoHUijC
1774824495	23qRdsEtEwQWTQuq1FYitWCftHHbXxU4VGJTgv6NGXYhW6CSXex7F1Wzp3ArvkmQuGrtoZ8rnfg9uzLoJimGz2DT
1774824495	4SEWJMHnezDr47BTkKm92YwkSW2SREXc4G8gKjMwNq6c5CUSXrazvkJjPSpuvTXvueVTBb6cSPo8tmvGGSX33G5U
1774824495	N5ZXPTNMA8wPVRawc4f1eFfqzQqSG7rJ6gnuNaLZdahZYbfuoXHokDMRGdLopXqhxdPkPiMmT8qsw5UJPNMDQxL
1774824495	4QfbDgZvmJ4HkwyJd9UeCyuYJrvnQrogirt3QNkwLr3rqozjgaWv4SwBp1WdrEPVahiv3A6bS9jhCN5yqSEjB1Zv
1774824460	65XNpzrafJLTkZ1cZjLib2YP5XU9QF4aPEszPrBsbt2eDiUEoZwgoNPed6ckW8yM2AKqvAAHpNLNz9Jcn1jjFYhH
1774824458	5EnaeKq9Tnnt1GjKVcnSiTyLYgTYERW58rmb6mFCuJ427LASNtzQVGcCkcreb3kfK8YHdFxSA4XriohvwZXGsvPH
1774824456	3imoYhvrvQuCjh9YPfQT7bWTTLQDHd6pLU6uiW1BmpdtAx8y8rui7wQmiN9pX8bLFWAqsFZsBmaDWjUAV4tUxqwZ
1774824456	523JYfSD61AWs7RrskR4JJiDz6mfVEVUYSfgTJ1h4jdyrnSYTmCUWEXG6c7BzxHvKCEu5345YFgEVdHjt67Ci3Pe
1774824456	5KuXwPiiCu61hYWYc1c1Au866GZcJuWEodDmBGqGAG9JDFvZ79ZbJj8xXP2D4MH6M2bcvLoCy2pWQWQhmN73qWL8
1774824456	2rRJ6GRtLKK9pMbXrVrKL2udmwoWsADiEY43XcMo8k77rhJCoVGSko2f9zMYALr1a1MLkxdxzLsADAZ4y3DcgGCj
1774824456	64tY5zASiYJJZKTc46QoLrWZim32NhiV3D2MWMY83UpG2Y7YgrJz82b3i2t7rjWJjC2QJrB89GEJJVwkELRJ1JQP
1774824456	D8G5xvEbPURLaX8jkmfJZ1KejmudCNoUqsYue3noWaEYAstUuvmVPf3kKpg5sh1PVmzbBnnWDaqX86ektLTWj91
1774824456	4ey8EY9Gk8rCS5Z1Q6uA4YvbjkHVWqKgqBf5B8qLybHLQ2i5wrWx7V5bYhNf5yGKNrymUX4pWT3HdTRAA555BZ48
1774824456	5HWvcr1SphKWHEDaKpk3avjSaUdYwmHGH3gzG3uNEugYVNrg2fkuHtFN2dpUkry7NMQYdRaBmafwg846KsMNbhWo
1774824456	5bGJPrzuod8hzLkASkkTq5CSaXwdG2zStsyZAuD1wF9yevr1fMpt1WWGmhf3AJsL34CQfBWH1YCMnmfcVWvdqsSy
1774824456	2AnN9aMn3d6rVSTPK3C8Re3a8zbgxBLGkyt7e6KwznQ2DFVsS8fTTCz1ouifgVssJY7g7qYZBTBg8AwDQQeAsSyU
1774824456	5Rod1D18BKERFrsEBpsjNQ9HSq93gAh9f5eMHGfBeWDAgQ1BxjWyFZyDFwer2XhJ9sYq5RLvBN768VZ3ycq6fhwd
1774824456	4WvWoGrnjMKrGghSCdfRzvS6p32DN7X2GmqK16Sui7FomxdHdmjGTeXNUCFjWpjZK1purHtNAqvrLthTmFsaprm5
1774824434	eBTgvg7uDkZpQxiTDGSFw5oQt7jzVfJumQMdGZDNQiet7nMdRy9naBqitZQHb9x1m52njGaFDLQbTnnCKtaLnk7
1774824433	29xQTdbW7fnbu9vJiCuH8VtbAoyDYaxzr8LMbX62zVvgVkieJpq8QKzjUwE5wk7T6Gud6KczvdQe9KzAqs5HynTK
1774824433	4Rt71hAkoDpUb94Ru9H6DQnuBupUGKkvxr4HjmXSuFZ221UYriZp1rUKFjnsBVEyEtgECCvZfTmDuTXqpda86PxX
1774824433	5TL6HWTDMikGP3pWWuFzZGGPpqQemwdjHEvr6HoHJesNbsUP8vV52wJ5cQewmeEjnTD6QocRBwKfFs7vxrgq9vN
1774824433	2e8VbBpAbJg9aw3hH8uXXMMouGwpsYRVL1KNtBmqqbVb25XQxB2Ae5swWVthheyNSNU5sVDaQLvGXxqC8F44Mfsn
1774824433	2bp54mFC6Dx9tHxnrj1TKLUMYXUdv2Lgr8vg7CPE4ww7oaeWUGAHm3XDFHGf45p79oPSVJyFhJBFB5FRRwYEdhPY
1774824433	5cKGXZXwHaJx9HU6Y7MLdrxjGG4nDrmF9z54Emv6wCHAFgbaSRk1e8BEMC8PZcgwHkf7aRUVH1QZWwY7L54hkZbv
1774824433	47ArYw47ghWHCm6wbbtk27aF5STm9iKaLpDfsBVE4xadqoBdYE9XkKrXCkHjojWWy7yHcmVU1uXAzyXUtSpyRyfm
1774824433	3f4aaNSmCxtBLx3yCMTWJ4t75uXEh2Aor1Qhwk9sw9Aj3VKZ425BbUUtnLxwbqsWheMj8uoXjUndaX4PHwXbyPHx
1774824433	26qGqtHyQtYsPH7F89ZJKBknsYAWsZVzgVHKp3HQom8ptTeaCMEJPzciTwM4FaSJn4TH5xqmdsKMwKFkUS6mKs7v
1774824433	4q4zt6PSozWZdx7fpF1tBppnSiaLpeDUKZFW5Sj7zsYsnTCt6QGnghwcoiHFa8XNAeRV46js6ZyN9wGxEFcZjcCp
1774824433	51Po9K1bGUM8juiugsgFF82MDoCDFL7ZYcheFA8yC3shuiJtkHFRJynE8iTFZ7uo4sCZeY7hC1SWa5d73fbRee8x
1774824433	5nPWGTg17YHhRs1cMnekQsqyH1WR88WHTKfEjPRyxymr7KE44hcLbEE8Aup3oSLNbmMzPRAZuX3h7M5QZrxoGhxT
1774824433	3v6dAWKtevifp2jLQnAVGvPbczmmFDAAEHkXoXaxjk1q8APNfT8FgEwzn1ZgekRp2GRSgCy6Un8AtTLDr2snTP5d
1774824433	31tvPbKH153AvbnJrw86DQCjfZUEnEdxM1E8wfntEcDDdLtdnBtkHwDk8jcaVYNakxWBtV6siVfH39B3gfzsDx3r
1774824433	3kpBDeijCaRXeFRm7YNQsDyWbuFWpSCFEK3unPFDzuzzHKZpLzdztCVgtB9WRwFwmXTyK1TwBKK828Bm1WyH21xp
1774824433	3NgL2bTA4ik5gsGs2NujhXekXnHPWWfoC41RdGgPrVZRiFeZqu9tC3Yt3vfVhEghGcHDfszr3wFudCfgNfE9FTof
1774824433	5N8FjT8srFRudwZqNkpxEisyXf6g6MenhBhof83K6MH7cexkeH6nvBrGP7keUYMQvhXSRHRtFB4EuaJCBvFESbM7
1774824433	eZECszZEXsKHEy8bwNkynccA8PFYwFx67AxVfefPdtghvxaGRcUyBvaW9xUWinRAS6gauHyXKSs7nhkD3kfeKga
1774824433	5x6bpEWLBY8XV9Ffgaba3ARwui1gihTacHkGF5jYbX1mE79EjBZRpxUEFQQSY5nPLqFCVjZDMRDNNpnWapiamxoL
1774824433	sVyV4z4yUfE4oHxm7dHJLNLcb8BPdg41cpZZWoyvHf1H8n9NtLHBGEvFbhL65VChFiGasM6JbzscagFmZKvroBK
1774824433	yNzAjJavpgMggsgXjS4uvFE19Am7YudWGhH8dASGD8yJANaVS6jvWcW2VMLxfJ5NhHXMM6CRtixJqUMbXVCTFQW
1774824433	3yQKHF7XK8CQeRr64tNomKWeqhAJfLFXGGcmyqKGsabFPBqB1T3Am8atx4Vd4dFVv4oqfAnvbHArZEh9Ugd3dmwW
1774824433	4HUEbm8FtAs6eUCTitwpkeJee5nYESg4Es49NcZYLkjJ6edPY3ZHBynHVa76csbss2pcMcSLHQcoyMk6NCFEBUHz
1774824433	5wxtWeVtr8rvpUSSqFkRsrbFJCgtFnnjwAfB64eyLEmNEXfFEvGpZy2mNF1vPzpizE9VivW83VbCbn6DX9Pj3GKi
1774824433	322dxEfJxna8w6wNwbpLHebeEEMpmUnqFuMzsjiiZfUzuzHkqxQbeabXeQGn3z22aMesXM6ebNCJUUT8CUmtttz4
1774824433	3y177rwjTZDJLjUonBUeyxTjDLCAx5hKUSQJHJkgXAJP9XXS7W2ebnYaGJkN26W6Qc82r25EbVJShFyb8P7a6a4R
1774824433	25vu8Pd4Czk5wFdxYNx2aZSVqrVQ8CmdNzG3Eg2UyReiaJoC9t21wFpHMvQzhu9CpUbZ7MQUVcHCsMGmPmckfFM3
1774824433	2TgzeQBZPhVJHnKwD7eheZWVacVUbKBxFKLEZYUiWKeb3RfaHpnAtbvmNSDZ2iRJ1qcHj8qwycNfJyyMYFpNSkQk
1774824433	3NCNo9GbhAZzUaWWV3V8EbzMDv5y8X8zGy9RWgmKAkQJiBWUtUWoCm3hDZf4b6tKC6Wi1k65ToBG4HKdzrNeCqQn
1774824433	3CgMskfXSeodZy47nHpWo5CBYChRoUiFZ3Kmbaar6DNC5YGzWfNzvCYQAHBdkyJfxz53NheSxn9Vkf629GAQzBJK
1774824433	2y7hCAouGwDqKbSKgsve4TndrSZ7X31TWSRTZrmAPA2i9Qiei83KURAGmNY6hXKW4MJ19UwyQpzHy4CDipiBmYQM
1774824433	5XiooseXxgeFkMvGtaKbTyJMmv4ZiKetX6tiW6WS19wPiTanoXZikz7a7trCF2pJrLvcyGb5GvwZdp7QgoaZUXJP
1774824433	3a9T99dZjuvGfwk3Jjxux46hCu23stPuYZ5icfq8gYXXbFTATEEv3Qa9AoYvByJYftn1BdnRAXTRcgdQ6yYdYeDW
1774824427	23ZCJvLvbsDkTVyeYcWvF6hyCohbfQZo1tZ1WYAXwXWBrGHrKsfPs1m8jLBUzh9GXaBSzwVFgzJBGj6kYtd6CTRi
1774824427	2BM9PKYQX5tNHBPsJ5rD8duvMLuVvbWfotSCawSgY9WUuzQnHGXx4NdSxqymsKJrSrdAR53WaSkL15Q8Bw1yRB99
1774824427	4EJUfH2ein337Rb3R7CXRYPXGae2jVGCTBUdj2eHjAaab3WrrLvarksbJ2rqecy3fTVBvtxc2Ds5Yrq9eoucqttZ
1774824426	4ia7z7UXqX2p77xW9MHyc9JCvU3hnqogAReMFZHJH1QsQNA2Xmcyx78qQgzzxrBVTj6prL1tbp2sma7Ab6JVyZvk
1774824426	2xa3ALB87xo4BPWMVcHF9C3hdhu3TERSP3VfuZ3jTi54HLymLHTByht4d7B6K1M4E2HboMYxJ9DBTk6biUYCBHuf
1774824426	3jokcW1XwrXVJ3Fg2sLG5zkVfcBa29zRoXg8THFsUZgNPXrKKTVPaQJz1YWicRL2A8nWseQ4hix219eqQfUpYQvc
1774824426	WGqhw3vFeSopWp5X4djWu3FqdwArmfeBBQb82eY8q1jZFgmkLyxk1QBPWCHWcDJTe5Rw2kkw8Sfu73yoTEvTw7L
1774824410	qafuT3JRagjwDXMzDLM6fRoBn2cVciQwBuGA4xPtKY8sxQx1B7EJqfACFZBkLaFu3UVWkWCLopiH21wZQQvboHk
1774824405	5LxNL8LfAhDKEcAzaLqC2KKqBVkAUShXEVDwGzR5fWGiinDVzijNdLsUgZSKzUdPwARksxLxewuDrUrw7LTQS4nM
1774824404	2tqZ3iYegeBPnJpvodLetxjFJeH1T3dfikcLM3mUpZiXGPeLtyvBCaaaRRcxXy58HgWt6JGCMwr7UQehdKV1DC8D
1774824398	fcKNtVVBQSyBsbCe5XbmVaE4xCphhXt8dehdSVLx86stxpqxvhuVgWjRuuEJBdCDuoiw4kzszU52eh113x1vYoJ
1774824383	4bSJwTNdBjbhPop4DXJp22sa1thn3xii9EUUuQvsUvFhpPQey3xhuzzzfxDy1cbotF6u1sph5LpmHgtJqMMRJoDj
1774824379	22J3fgHpRtNXLWgUJ3iWWL3b6BMTi8iCtuYRKprBk3QwHNsdFk9SCqaF9tWnTX9QNzWUZ9pP3rgo7tejS1kZSrXA
1774824378	hcw9wa5ZT3VDFRRg3mn2ujRYmNqG8nkDuyvPQb2facGHNoWNViuc1stt8AGCM1dg29VWumTCXK4yMAMj8Z3kFZx
1774824378	UsBjtit7wML75NWzmHEgqA3HZ6EoaVgQ5osCFSzxAXxL3PghL8WbqHp1ks9gZ99HHgMFHwjuzZFL7MGQUJtXiCC
1774824375	4dfLKcBo24wqMpcjSrzjcqEsPjejjn93W8FMB8qEzn6DQio9UwH7x7jLEdtLCjxbLAHZdFGcrRKvq2KWBdydVi8B
1774824374	dzEJ88TmHUam3Pr1ycr54ydmva5FouF1i7DTXFSDqNh1fZXtSizkauLvTcrAYPQBttjcYgPqjYAwQBEUwGa8xk9
1774824374	TaqL9sFEJLdKu9KYjN6ow3XVFMa4ex4MZeiw4WvzPdqxYw1kT44Zqt2vXxAjkx1yoh26jtaGvEKWeeQEWR3gEhe
1774824374	2cBZqWEAGqV3A4nZ6Tqo9dMge1Mh6zPMgXF1N8XuaRcaDBXsHeHAnepEthThMV5j7QpyJ6Nakp8ir12LcV9cnGrS
1774824374	234fJJ5HhkNGVZVWy3Rv5uY6DkpM7hye2PhJCCZpWU5panNTwJfLg86JUA1AFHNmVDZkmttMR8tYBbVCfXLFZENx
1774824374	5ujsvNScZE9czMo4EDpg11moZXWCEp5yJfymkyyyR1RMK7tkVUurNSUbPHvAHhYXfNxj76HbVdqLRSgFUg81Dc3p
1774824374	NfTgvuFodCkNLE3uCFHSbWs6TBLbv5bTk3iqNZmE7grMSfFraMTvZRiD9SedcGhrPrk36RE4Hvs3akguHLd785J
1774824368	4V7WR82pfVHQFsGivfkoT4p9cXFTbTVzFTUhGsjPqCsRhBCg6qwepxgMR6Xrd2MUafB5jE8d571XeYuwh3Ci7kzr
1774824368	4Vgxiz6pdsFUVbQxR68fJkvt5hqMCe1i779aqFh3CaGh9RH9YJ3PzKtTok2YCf7VwX1SfqPHYQsV7ZVEA722JpvC
1774824368	5Pm7eHXRkzfPjJ6Y6WoQB9KbKYBDTb2HBkYXLw5faeXkCscWDU28t4HcNUw79WJEWFdzbF5dyZXzFEcAzeZ8bPZq
1774824365	4svkV1szhGdsB9ZyB3GGhZQcunQtWdGWmdyq6Rtc7iaCtXDzLx2MSDGGW6PFEKnq4i7D6W1jp4uzaqznXcwmNjCW
1774824365	4JVWKgEfJLSZ7Jb8ANWArKoEkvULDx2fZkrgMGtzpPztfYzHczwAKvydwS7A4msy5R1e5fbGMfSmW1TFpR38nrkg
1774824365	36s7X4ZaHtD4j2833eyXYnheg3ehzpmmhLBuNbpCsTH7sgjXat877dBt9myDrZVkUwFTbm3swtjUNGUKur4Dod9L
1774824365	2eNKbqnMg6YMHtU1KhrbcYf7eHaevazuxXMsdRiuFCyftiLLqjAkpauKGYYGgJS2LPf19YyhaR7b9tWMrSudWNYA
1774824365	4oA5syAWnFJ1sZ7kfS4yAKwDo1bYLQCfwfuiinvcYbb7YwiwgawNm34G4nTokQMbhyq2YzSTpbn2dhT6YWdon1J6
1774824362	2o3gmWPQAv97812KPGdZBUs3irAYoJMWX8zudcTu96gDkGjETvgsHXBE1ayrMpMVZmW7CSFw4ZhndPNKLJy2HcDL
1774824362	2Ua1ZP6uCDUtXtK94AxkpagQTFdt95hjuLJckEvodLwYw9EM7CHmYAAq3bSbvYWuuKqpf4R3rvZFmd5qGGwNEtVf
1774824362	5nVSctQq4srthfvcvCj9QTxefxrFD6LVLR3uYEusMaiGNvdJ4SVXZMrZ8Caq4sse4xmuzc9eUN19MSVx4stEUTZx
1774824361	566zDsfgL7ub45swBEYH497MV9BCq1hdwdmnF3DNR6Cn1EW8EnC2V8epNeS8upRdpipNfLUhvd6cR15zKEKoaWe6
1774824361	5kDiURgYc4RR3e3cb2SfDwVgergxfvjDsrhWJ15YK1Sn37s77gNCFTCZVb4T4CiAA6w5EkXn9biHQsLfgc1xuvHa
1774824361	3siMdrsJjHhS3ocrBdCypJrVcp1E1UEhcEfCE2bea2fyQiHBuhrLL8xfpNdG1aL5oK9ktNWxDidsyszL5pyUDjDX
1774824360	5DWvtBJkoDn6dgvofxZ5ZkDRTs1agubswhU2PgYS6rejQNax1P78SBdQzFL2ynqGfw1DP9NahVPc93qLHJzGeBPG
1774824360	5KQ2cHrBeu995FwGzdELDeZWHWi1DWSXhXZnYzzxttP7oB33rhRKPLQL3CXRLC4zCFPt9VLGosiTkHNVdQaVS1Y1
1774824359	5MiEXHZ7doL7WAwwLHa22wirhqbzG3QS3PcXkEan1q8hg3b3pTpN1Ptz9B1sFcFfLLE8mHMnwMVZqKWUHk42FiQu
1774824359	2hwjE5VRaQ9UJ3ojK1HjEKpyd9piNd8MZqbygdEadnTNcY2BycuxCmsZCY6hpCTHdLBwjE1mfCAf3NFBc9ko2vhM
1774824359	K1DaXC4XFerjZ12eekJJBsSp4pqStWQJjF1hy5u7GKcgUFEHJuxSCZEi8G2DnJPhLnV67nCK2cnYFyxdJMSQ11U
1774824359	5eqNQupvw952CeesX6Mw4Ud3bdnsVzcTxyuBRwVU2V4fdJqbg31ejcT97iSmBRCXRyD67E3W2hpzJgQvg4P7aCqJ
1774824359	2wvkETc2pM21kzmnUe1FhkAVT9nupiJSCq9nvsnCvWxBGLDuD88enwvLYoJ185V1gSp3LQD4hcM6Xr783h4F6Wif
1774824359	3bbAMbQ3W2FKjwmkaMFnFPGFkDSUu8QW9m6SWYY4dWcpNVpxfRHuatJAG9nzsVgmrFj5CvmTLfCsj5Dr6vjcYWTG
1774824359	4dryZjADpRpgDhmaGzqhzGocsyB9Gawgtgz8CvBGb7c4Ld7cqZLmGQZBdVs31yhJnaa9ZFWyb5Eq3TasWyrQ6Tv5
1774824358	1cLSww5LXEDn7Nw5ZiJJNxKnCAeN5xGqbUbn9RapgaxgA98twYwdmoqqoTrSLCwvXpWP5a5GYZi1dfQJGsFqErt
1774824358	reb2yiYUhASfDVJg9dpp3TQcgrQy4LpVNxfmNQQ67VKqJJ2LqDgVsdKB5sTZ767N3P6inBp7aepChbuHSFUsMb4
1774824358	5TyMs8jKWoDLey1LGkXP1yufPQBhhqopGfQTKZvmvDXj9UFqtJKmNDjfnNRbKHav4CoFLGX6BHDnjeigqQ9ANQL
1774824358	PjyPkXeARnMqqGp4CNXhrcBAPYhUzBKiPrZY73HZBer9SJvAs6Khdpv6VhbxJFAMnU7388TFFEiSKx42f7HnzdM
1774824358	29n19SVh6c2DW8JejEnwWd2Pd4iEeximGB3a9ZEJge2RCcAL8XqrDQgdiebRA7WfzGUpuhvqHYrqXpPjqxBVbXWm
1774824358	R5bgL9Mf9knE5YiXHpyCdBkABr9DGAHDQ4kHsiXT95EtpxuH7S9Jdh9NKpEGbuGVkBQ7h2HLAwHhsqxiWdf9kmd
1774824357	2rftGeB5mcJeX2NAnchRPfW9QbnphdHVU6JbgKa2cLGAJgXT5iZcFkb2T4Fv79ZG36WwboyJHbH9aP81cvtSnNkX
1774824357	3TBeE8He2VNvM7BxFGY9YYwYtWNToWXhTF7W6EmhqRp5Gq8MViYfV4GGiQveAQS3coFCqxM4JvGEFGz2S4pxH9do
1774824357	hVDyFkWdAKdKZ5CLCvSfZqM1Ki8kAWzrFYaMtzPGN4U129qc31d2Pi6g11gjSim8Kn6o3sDMidvw22hYCjEks9c
1774824357	23fpTL12CGGets6cMGhUH4hG33A5PPYjrkw2tdBTrE5fhspieuGw3a3o9vzEVKcqWuEyGrRTfCEEZMJKgxavuAwq
1774824357	2h2JnKGumLjFyBKwKkti7NGPGmumTwSRx6MkqBs7zP5APrNNoMaA2HhiiGpYvuGDLALADFCAFgjrtqc9Kh6NfGVu
1774824357	5jwjpN5WhfK6XQMiJQvAZHJnyXzDtJeMRBVk5aK7pNi8oYmLYQhQpdme87GiFm4M8DVxQHdfzTCrW7JSCFX53j4W
1774824357	3YbVqFyWSYYA128DhuAjpv4gVsBb6QwfRKcrTCmyoarguXSPWYJM2LwvrFoUHTLsDbnLYoMZL6Gntzio4AdZ1QCE
1774824357	4ZbCMfbL3nP8RVzYpaNabDiMJFsYfGKUNPTtQZ8uetexgSci5Vs5xEy792MSywgu1UfJzk2pWXaWvAydPQXLbpe5
1774824357	4Nhzs3JG6KVpmdyeYqBw1b4zqGjvFmyeszRSZ3dVrM37gi6TwFT8xCdwuUYEJcikSs85zHHpgaMHiZwreNFHE9e4
1774824357	4x65HMxZg6uv1oazeUvcKTxAXmDzUnpPZyVieTy2f9sbcwGeFocWwMF7FcnF4NJZT7zeEZL3DH8pRFFvL9Cd9CRq
1774824355	5GR42SfcSLmyLZR1HLQ1sdYMQBXtCJx2hGkSzwVs4XdSvCi3p6R8bmz4oFgVo3oukn5jeLT6bTpEXFMGr1wXvEpY
1774824351	54KyhBpzDehUaNzz7Y2c6RmStPtDya4JNVp56iXQHLuJePXWcVN1CRg6gUo81jqBVjz5VmnjyFNJW9G7QcnUDtb
1774824346	2yWBkPYHiGyXMmakzkTY4VYBbrppwbKqeXVZLpeKtewZDDQfWvhdwTZ4xCQNACt4ieyMxWAqwqKdHFVTsrVqTqLr
1774824346	5ZWxGMZ6ZkahAkY6EmNYeGnanKKpMmxhMcHsvKHrycz9A2EgtZTGdYTzu2p658n6Cmg69R8G9ELgTHwK62Axyyxd
1774824345	5a4K6W73Q5H6g1X2RVRXtYhV2hnDCFZ58VcJSa2qT2UPnc1Vauax2u3kgRYD9M4NWPVvkGgoqAT9fLDx6rKaB6tk
1774824345	6mSYFpFfHGBn7Q8eJ1jfzvGtoVRvQQfZX22idY5ijGnYgmHEdgwVXXusniUZxkG5QVHN16ZasRbqk6AMTTdGZ1w
1774824345	5n1732Hj9pGLwCGwC2JAhLmPMNevfMC6dvA4eFWP1FNMzWugdsKrKWPMZ8b1q8qXF2E9wHTneo9CjM6UdTsKz2vP
1774824344	5c2fBSYbGQakZEMubghJrSNSB8NWZUEWcV52vJWY9RKFZJghnWSTNAhXxwaFongB59igbA5JgQJZ8pi2GoeyNGgg
1774824344	5z44k3tdJqTFaK9rqZBb6Hew1fEFfg8qrETFsCNe2VngE55fvH7HiC2b9ndvPpvNikzDifgnPqTmwucB8gaW44R7
1774824343	4xM3uKLNURHJGtzy1tsNucCy9S7C8KV2pd8hdTVkGbWuGAAzwQaFE33NbWgrJWbSHCTjMeTE5o85XLr9vUUDFRCZ
1774824343	4TrCoXSWzWKSwJCmkaDTdrq4iZJAf2n8M5DeU4dRS8BwMNaDzTDUuqoQBw2hBJbCmRjiwpBDz2oah3VzBFv35EHp
1774824343	2ikYvNd7ojQ9ymGsDGwFXzahqyXh3wT6eGYs7FtrXDZ4nkJs2wdBVqLyJhS4X3QcSyeYFW9h7skvWiW4Wv7yL8YH
1774824343	5oDWQarYbVzj8sc3odX91cgZZK2jnMZ8QZzGEEoCYdjCbyShvpdLHnxesHVkexo5bzg2HnLNe5cydX42Qffm8YvD
1774824343	WxNY5XTrRJZTiPnk2mxrWibhJYBMpSoFFAXkKyWXnAJhRNuu6WP93imqrxZuFgYnKSh1UVka96KefyUeZQdSPkq
1774824343	4JwD5hFENEpWBJHYUfUDvJZUXCdmm5bqgNbfT9DWZPnZKG9s1xeMzrWN6GASQ2sGcudLVWWDTg8FCxhXLMNZFWrC
1774824343	2Hv59K6LZF4nCbcXnbbrn9mBFbs8kf97j145oKTdo8i9ziFusEaYxTczfEj1CQxjpQMB2Q9z9R1qUvt7zCaCtsin
1774824343	5s1u5UCyzEkf7GFfbVU829JCCbimro2j9Gqr52DoerBXbJXB9qtApW9bF6qPdxBAyLMm6gD9bx5TgMb6uPwe3NKS
1774824342	4LfDVK4k9qopHKeHsHxAjNcjgYTpLXZhgdK1zMLEL2UnDFpA3uBWZ4VDpPxApb7SevzgTF4t2xBuqVT2a1JNHRfc
1774824342	2pMKjtzsnVaLLbBrf3AGSVUKY9SMB7VtExw7akCGs7TvR7LfTNh244wjYkWAtLTBzDBsdHQYW66FZyNfeWneT78
1774824342	4KmrMs7A6A6bCxY3SYnTQi7BYb8XSyxF2DezVfy461GcjAgXT9HfYerNJApFPox3jTz4ghqhGtzsS187Ku2XP4tb
1774824342	3BnEQjD9yA3CbssRZEUtBYN6FKyXWt5tFSwvTnYknyLLtPySqzsyMDB7ffUDhNxQLGcNMGCCfj6YSYcegD36jwDV
1774824342	3WftzqvwkznthhRLFmSvRmuQiRyrmTqccwVfc6tp9PgXcGoeZH47KjmNiJhNKkYMEmzTfQRf6hggrFvcChLzairR
1774824342	2duJxqZhbiupagCCHmn395bDKqkbJg3WbntHaXeuUZZzFr5Fe1ESCdgcHX41gCoCMVU9hMzpk8jfEfkgUh4NoofU
1774824341	3mj3aigbGCqDWdxPzPLCbrnvvKsUNZt3d7wZi6h1P2n7jtxfXzZ6geZm7VwEU2GqYU3RGqxaN5Euc6GiQYx9sWmF
1774824341	2gigwPuqZ6bJPXxtHyZnq8SPzLhvAkWqEjTpBeGbHh87oGBdkSCh33yxEbP5cmLVhfCJrDC9azFHRLsRZuTDNQCC
1774824341	2a8PiyZKCYaTQVVLF7xWU9kehr5R5XjuH6hXZrqdVEPCp8K4RCojoQja3W1mKVvdgux8s2adGcUUQXfEgQPPudx3
1774824341	mHgGPnqLnAAiyVwHWTYnfYx8n3gaWfdQVsWd8Y8WQFXkStqNPJQxgs3dTQmc9kCihzAXeKvQCw94ZfteLNM1hHp
1774824341	X9LYnC8vJUinTMSHH9RAfGdMFEfexJgXMbwjq4TQpypUTFA241n9Ty9pWmvyL8Heip3rUPgxFFrsaW61DcjQLKp
1774824341	5ssdCuDJwWstPjGGPrKenCd6eCYKRyRnjMnEKRoNxzEvFre6AhZqdUooZkS29sZVZuRv2ihw94QGfk6koFC1yd4o
1774824341	5xxFJtG2jT8UF3puMEN4dQrXzRvxE5gfr1M6hetLEBnTpsKuoKwQyash4cRTCfZDhqRDnhe8jcK8REFDNsMsqeHR
1774824341	2bC7UfnhrpuP4vzjr6itNQHo192nZzxyQvLyaaUhL7Y7LKwLcpSJxhWhgzwdBqWRmMoGRj37yuaPDQf4YohvaUWv
1774824341	3grNhr3JJY7sFgXfxrT7oA3cCsNALwGzU4veT56udbYk5Vmntt1PjDRrrQWThqv4gypR8v6i4hps5wK7NNehbFng
1774824340	2zkoWWcgau4xouLzxxGVoaeofiNVZhz4gWcB846Tckr7DMq9cYY6c33xdLHTMzKRfhKW48Rtbs4gVvi98MzjBcHn
1774824340	4EWVZuxcLt5Ssuq887ZtUGj4hcEcEWg7DEuMAo63mgna5iToGdBj74bKc8NogBSHdCihQCARFDxhHBzfvSz9S6RP
1774824340	33vK3Bfg3Uky6oMrEjKrgpVePncnwfj5FLyo81oVjqNL7bUD6uKgKjQXkh6bX5NyWW8bF9iHsBjyUvPMda6Qqc8x
1774824340	3dh9EBvLaHpgnPZqx16Bu3TG2NtQyqMYT3b939A9a8RH9KQT9N7irjkvRwCWt4opfLUqxtEqBUi2Xzf29zpMDUoQ
1774824340	CMG6du2k9ASnc5p1cFYcZWshc8HsV4bZhocq2zbBKsyD8JJhHbFkjHLJgFMVHvyQ3jXSPRDoUH7VsgwmvnLXx18
1774824340	4tstqh9UNeyYDZ1VA6NDXSFdk3nvpyoktyAAvjAkNVc9iER74uohzxK6rnNWNSRuk9eayNAMRtUBmbyEwCgAyXiN
1774824340	52Xum2zfMERw3xUSer5tkc99eh1DKoYwpsEERhp8HWFa87om2oPKUt56wo4xiu58QySPm57DZ8A1SFehuqxPHEuo
1774824339	5mtNdMwxijzsD1cAZMJfRpUpoFXbPwHn9DAbVK2n64hj9Kt6dsr4Y9Vv533CWzn4rDGgBcmLun6cRXSxWWqHgGPT
1774824339	rfw7zrP9ZihGgzJBYdWRbzpAxBBQBRDjiPMainEbeupBT8hvSdqmpGfJsTV6dhyRjn5ZPUkYoPLDa5QQVZYmLTm
1774824339	3ccJ2VnMN9x6NuqTxV6vmgNXXZPWhYBvY9bYMqpVirjf1LPPWetADMz1xynHyqvnkbKpZhTVvFNK5xhz3RXLQsVY
1774824339	XpmGvtyCgQs2gQVsqFmya74H9qrJW8UUZWqHEi344gaFKZeNZ9AX2fwQCuePk2oVhYKQ7ap32hgkQ1WyZ4qqm2w
1774824339	4g5agMQm7zsC1CSHFKw5CtLocofysYVxdwc7PEgwCByj5jxZBsALsNhuLv57MT8jHUzdEsvj8eT8bGi9wmF2PpEw
1774824339	5z2x55EEEnaXfQyomWaXUNDnD5fjXHGAnFF8hr6xW8ZDLTPHz6jywC7C4Eyki9ux8hynLFg6odERmQdfkkQwHzsr
1774824339	2YLDGquNKajo8w1jf7fnreMpeWFMedVoBJ73unTXDE3TgkjM16bAta9SDgBE4sLLnKL62chj9oGsGh5nQJtvJmrn
1774824339	FqmC15mBTTZM1o71NojWfuLv4aUbGmg3uGKgnKD8A54ZLq5J5VXSMgmBXPYsCCWxVSZFkAfGfHrxGMDf79B8M5W
1774824339	3rQbkAheutuhRFW658abAjP4pCQKuP8TRcNKhXmdVyEyYA9TrTdmhz9CyrNpMqekZumqSG2mLCLE7ChGVpJp1JFn
1774824339	5r4y8W4ZxxybfrpvJifhwrqk58QJ4zTqjeacsZHCEwdGPqVJTf3mLaQtjJmKK7RxWg8Sh2MbepoUADwe6Tqu5xeG
1774824339	3cZa3zKMaNhft6gDTaZbQx3XKpzvHU8HB4fZXczj11grYNAL2Xyoq8RD8nKSznD6pDsUPgsqAtKDcf5FUeEJzVdH
1774824339	TYTB49CFV58fD56WgNS7SD9U6oht2SfLrFAPcpUjjWqEJah2dCrTLb6RXbZ4ZtdPakt78RMt4Na1cGauSwpmkhc
1774824338	2qs3kKTprzN5S91PvwBn1rbEUozUje4kD86As15jyyqrd9317Y4okJ1Jpp41B8Z41qAeyrqhncPdsn5NRv6iG56N
1774824338	4u9D49tuBCVg6kZDSZEFpLXHpTVzan1ixN6Qzqy5Ka4D4aPrNBgkegBsmAB5m8XLsRwyWFMR5s5nvCAfBogeBq7p
1774824338	4Su6aHMTSr1Ji3wEFSNTYd6K8nsoLUVNvEf7bWV5uJmLCQZ3JbwutqxAnnHbCtABrfao8kLmdgUmwebY8LKgs2rF
1774824338	2mj4FPjLZFrPkSsHABh9PLWtQ2n9XCC3fKt4wtoYCX7PeCJLG5iyhMSkKqm8jBuKj84k3ECHsVs2bRUXcJaafTzQ
1774824338	jbZf9zdThLFksRdfy3o1FBc4WYwyvKdd1PYjzUnH9ZdGjSJcEtdRb3fNUpezRWmooHJE9oh3J3WCM9W7GQqqijd
1774824338	3ANAvuqYHetoLphNNVaAxF8bnswBr9vgBKpREkopLeEMBngpXQeUA4UaoV3QBvDgiQvt8JmyVvH1iXoGUtXnGKwQ
1774824338	39sSwdD6nHoQKD5YLcMpFuC3hhoL5gKAR9RSMjCpUtJLNnEoT7WhkruAjX8gxdQC1uMPXEzhpYtg46WH8eMY251g
1774824338	4D1HdyAmeySJS7pNuEobN72hyKAWwQZj5vFi2RszzwFANZoYqVnC7A7TchWyedjuEEsL9ifuri7WE9KcMWbDG3vd
1774824337	2mvmsrzQLQnKjcrnEyGZPaqEmSLRgvra44oPsVt5PxJzaL7JDUJT3Wt8xvvmjhfxEK1pnZDAmVXshyrbGBwhP6fC
1774824337	2Tzb1Eso31FbvSTLH6SZzTkXkDtJ1VC46QhubB8TtWvfYtpwRehEfpbaY9JpVbBhEwGQByMtTcSJsdBK1fiui262
1774824337	5w6kctm6y6CwCfG7NZinpkcgb8zpUj6SdJbRgPdsL1xNDJpqyv8epcXPAE8sXzxSvBsc4SDAw1dkhURwWAsTaC8T
1774824337	TLMSiUb9NxT4vfiWHAnawkiaMZEZpW6naioDSRzfKAwFnqHePZbpz98Xqh5x1LQyiTQfZEepzRGfuHEgsLMFd8N
1774824337	RouBKTQcftC8vx3X7nGJC7eZD2pGm5GmTtFq1tLCAyNcvg6SWvxonNdmbPJSM85jEZXhPSLMr43LkpA6HQakNLQ
1774824337	592bYJW4wDThvj7BTWTFBHDq1rGuFQ7zkd8aSzHwXFmegQhFXrB6BD9oAsDQoAXWn6n3DstTBfHedW7PBnDHJ186
1774824337	eSdm5JrdzVUYuorVc917ogEq7WM3KFuEBnjc3GpdNx5GRacAdggLgH6tPrL63v83M6STj1gmfNmjZB4smSthnar
1774824337	3Ln5yfxXqhzzKg26a1Mu9D4KHRsZyTNfW9Fx1v3bMYKwjfvWgrLHTvLnPSNRAE8Jmf1eqhdcqCQK6xTB7jeY7g18
1774824337	53movJi2Lim69oYxN6twp9tXPsmQiSHQ7LU9vudAhZZuwhU1MJXWFxZBfYPvLZ7d2f41HwsizAfVySzUMFhagu5f
1774824337	nrGfazdAs8t5agiStCWVAW2HaYrhVDTGAdUEmKExFanXL5azJ1wCmsQ97LRg9Y9396oVR3LtnZzcpbW6uf6SLDk
1774824337	3tmLrMk4GQVGvmmH6mgAPFxHXmyyBvYcpJ574qfHWoxqqazMhdybpTT4qM7qs8db1xApS1NEsqDGnZNLLFSPLLBZ
1774824337	34EoNMs2RLFXfeCmPWpJQwcK2d4kZ8buishqxR4nVFdgdMX6f32yfU5gPKjM5YSxZ5R4EQEu1zvzo9W8qCa3MHrE
1774824336	3T5n2uAVoAThYy2NauE4d9TwcVEFdxqnsokV85SeVHv28nLgGV4efeyApKTyWzqrqijbhLQvGS6bWRP3UfKmQyCQ
1774824336	gPniLyBXE3FGcJEpcdtPKj4VoPMZPAZqWF9DVdXZrakmd8ihoJXrEiVrJdRvQERGMgsNmm4RYe9RRCwJhh4myoi
1774824336	3L5UXMBRAVHamGpxEAmPDf3WaVko7TsHGCC36Ay2e4WTJK9bF3dZcUK4KyS9ZicNVzEK5fTyPHUjcCYvJUEiMQHc
1774824336	5Ehrt94XD7tyvzKEHiTPCg9RuYtC2fK1VP5KF3RxE1ezi5Y7TYWZ7G38nAoiBedz6ivfkzM5HuzeNCHPqavYDVbs
1774824336	21ggPaya3ZD3hNMwBd41cSNN3rDnUUgS83cDwr6dNHrskA6EkPyKnLouXEeozPBJ1D52Q2Ntzfo7NaZmgJ1ZyoY8
1774824336	gCrWh1sooi616FNTyRzrxDmbe6a6Eqbg4fhBYNUUjgJkX831Sc3yGUtSuYLuDZ3FmtqiT4G4WMApxKNH5Y9rPo3
1774824336	3Lj2AxuwP572NXsCFuxTkTFSawSSanqiPQdW24oNjCMWmwVeAW5DtEim8tne52UVmSTmHChtJuw4gPkjWASnjCyH
1774824336	4nui1VAZ3HC9CvrQTWvSh2Vtzv6QoVS81BoUgxPcCAtCtAN98mvfRF6zoAM2K5CXb4G88nyd5aKHX9tukqvuAHoM
1774824336	4cwRRY6CpLatXyPKpMPchte2yewud2jACkxo7f32YeiE2jtb99m12S1CqCcKbs689hQW7ivQCM7bxR9qixqCwM97
1774824336	rN52GWtvobsPkbFkfbnj3LRf8qyA6A491A59h81yKbkLAnq1bfva2LwYqazuLcDUFEZJ3jhvxaMoouhqAQNrCq4
1774824336	WxpzXeR5PEEPuGYbMEvn2Qx2gBUZziyQdufLJjn4Fqwm6mCCxkP4dgtMi5SwT91iVB7Vermkm9TuVNp1JG9w1ij
1774824336	2CJruR1PYPuq3veTDzbXoQ6tyMeqX2DQtBjGoVivUDgKvBSaEXuAiRSyXKWxxHSuYD9boVK4BqW467DYV4Mxc7EU
1774824336	25fzRYtGPfXLtcj1yrGXkwV6ZDTDPbw63Z24RxBiyH2jU9JwjftiEuASXkrzvAFphw6QUg2UQqiTBFpsQLkGXGEz
1774824336	2WxZUXeD7NdteEa57qZU4Pr5hLFbgKiFTCUJwEuiRUnj1Q1H4N5UVESQ3d6rJBmAupoZFpAHhkkdLWHRtnwsGoRa
1774824336	5dDHL4uyWS3Su8igzGo3V3Fx77j7yNLqea7KYKnrTNNQqP2AbbCLNh6QLRHGgWTfFCb1vpsderVJRnyJTf2gBU5p
1774824336	5x4nSAocdqQGrNf7AhacFwMnvze7hv2LgZaN6i42Rfd8zSDj2Gjszz3Gnq1PzonC5c4ggJQHhQM9A1vLej6Rv6VH
1774824336	4xnPhitwAXvv4WS1uTjajVBryd13RWGkCmnMUdWoee9eCE9pcwWM96znmcMFuUquGrULJRRxp9em8fLR3sACuF1f
1774824336	5hPx9pbHpP22gGDTWwukb94XMAUiNZZyJS95Ptj7NBj2YE1WLmdSLn4kUU8MdFBSBFt8fXxiGhLZV1ACPAn8rw5G
1774824336	64pQ58xkvTWRK5gqmjEtKacUMczbzZR4Jd8RA1dmPysb6jSghiTHqvabefZPvwyMckZzqgkLabXd7Vb3XWh9joKj
1774824336	qC6RDyb47qdJPE4X74CWMpAetEPazmJEY6bS6vRhbivzY65dyaoY9YGNc7RSZw27EePqV6ApoVrdUn2Mp6SfXGC
1774824336	36FoEHkGwQBv95zgELBg2D32h7YDmEoi5kH87E9ENDvhMVBP3WkDLJMsuMbG43PtSdEWTcpid6twkqP45eSipriP
1774824336	4yPntvwMeg1NjJFR8TQNqzGE5TTq9T8SSi7Yi9Ck7aYveTsxBumR3jwnhUtNZnfr1zwy3wN9ti2xG6ZVw6p9Tq5s
1774824336	2PGZLvw8Dbw2WSBh3QU5Wmex23AdpR3ZnY6mtuMMuJXN4tSQrSrhmERbQsCx9FGurdk8Hw1AyLc8Qf1NRBBiYdWw
1774824336	5EjTwQUuiVbjL7TMCR4cCexYn5Ad2frfqc4XiB97gpueC53eCAN9twpMqfCJm8hErLtNozVpRKTsDode3KqC9wgj
1774824336	3NMXewK7ACMRa7aWtZfXcjMVaKbc57QrKqm5V9DZWRM8d7hMTGcmuZr4wGpUaXbqoQ6RjCXMmtXenUuxhXsJzeYP
1774824336	2e8XHJZjvk6xn3tjhcMhXE2u53MthAn2ExJEK9NggDN5AqB6p7nRS7i1cX87prpQ4y5r4AyDARmRYUsAcams9Bqd
1774824336	3ukvsqFkRPsnYhqvjcWUgXV1izDFaZve4sozHtsp5eAyrYbxPGafAcadnPWMFcu67mBZnzVbo4RSa1QxS4vzgGyq
1774824336	4ixYFj92W49awXt34zYVBRfNSW29UKQExVTGsWP1zgX3jdq8CfmfvarYbUuGHgn5Chf2P8fHb7RzvzbBhevS5r3c
1774824336	4Zgcv6mcMsuXFigNRotXbxaCgrBt3vKYKLZkPfKCRN3KUiJjUU4eM1sd8kKYrDLJMUam8di4Bgp3GetgedJc3cRD
1774824336	4tM1J5V4BHJV63CbZdYTNg1oX6cwhkfmpLZyKE5ZmkcCthuPLmDWQPhN8UXip15HByX2pLDjdoGMkC6J2UvubEw9
1774824336	3vAnM8gUBtCczRFMa4CHYUrUULZRj5NuAkdba6HszzFmywS2zMu5WGUa3PPpGie2kSMGLS9nsoTgqBFfkN8kbjqb
1774824336	oFz54MmNrVX3Ac53DTaHV8Bfef7HvAKECGUGRmxK584kuEpCTV939YfXRMKYCEVZKpwudjaEqFZoaW6xfSV7HVY
1774824334	2GM3zF6rryxHJtpQ7cMMxzRa9afVrKbqwNrrExUiBCNKC8odwQ7pCfiHFz9JSHK8oERCqCbw1vHYVoJGv2zcsab
1774824334	3FdGHdHkrCtzyvbG8B5Y1uazSjmn78isaPXshwhwXBZh5MuEsy98T44KgfE2TD7KadLvc5iR9YxxKqedY8RDDqsS
1774824334	5FW3Duo9HCtPbBTcitqVaaetfkvaCcj5LQEsx3Hab3b5JWRRRKggmgPTHkNyJJBzG88XJSZtp2fzu5v34jNuMLkZ
1774824334	4W6xEqA4uGBCxbQ4Pmu6vwJakUKdncDEYYiE4uEkdnWALo4syfziu7vrtUkyo9YhBmmDmFHjUSAFtdzYRrHcVoD7
1774824334	3Trkk2j7uZD1aQYf8VrMVdQuCHX7NpqwLhjQsQ7rrs55YQ6mrFi3Hg4CxebkZtqxMMUh2xHtRRnQeigRgEs8r2yV
1774824334	pUnfJE5VgyQRay3PC5si1KKYQo58MUN4TMz54VS4Mj6ufzSeg16g58wenN8M9mP9dc87mJgLzFHQGTGQx8rcnaD
1774824333	svLty2QBa7vok33Sp3tEqiYuTEWs2d3hTeqcqJtdz4skzoEZZagYw6VXx6mXTPJMvfu1p8wXNkx3EmrGspUE8m4
1774824333	u18BJQsq1eMaFUmLCCBFQ9buvx5F2ku2KRgv21QfwHQc9o68nbMioy2NzMuCL2btYXvGJhN7yHzodDxzEpjQNpF
1774824333	4yYidtHbeDnk6VN1CWMvWoEjqvbhnuebAtsmgrZv9k3xnkBQaiZfapxkJwZeytSy1ZmJbyvyYsn96d2cdpPh13fV
1774824333	XjgduWbF7Qo2enLiiXgntXr5Xw1GXhsS4d3U782QHuJ8iRjRncLxnDPXyjX4nY6CeTJRscf5oEsHaKjq4oVUyat
1774824333	2SfCq9vB187zpFbDJikgtgbiHYiV2ZyNzYUZRREKGfvhAtpTFnhca3UGwYv27FzmDwYjgJdwAGyqspwAFbxiUeYZ
1774824333	67haoctSa51Xgzd2J6FfHjZKrZpB9kU9ttmjHDWRGDGqJNFKxQ11TCyixwo33guv5dSt67tjdKDcctnFQ6NmTKNK
1774824333	5N57wFGxn5BrbzmNu9rJy6ULj7CqCMowHuFyACmCoT7Su7odHFKBbKTEKuxMFJN7pQocPrHgaTF3u9aRUiB5LkHa
1774824333	63zVzWHT1PSoVftcpxsvLMv9A5k7jKs7ywMGkJDNNC3PoCjZmcxaUTqqVmAZGMRks233M8TBCv48i4XWGRRQgPuV
1774824333	5TtvSuSYsvTik5XPQXSx65Pyuhm87J9cHV6CQQQBNnZU9XLPxvjip7Zq2cRU2QLqVn7uyEnuMPwmHVfZAJBAbvb4
1774824333	32LMaf3V9x97jwXbd3J591PywZTMDJtCJPxqF7gyCZPJAhS9Vu12JPhrVmkcoA1jQNbefdXSAUXVL7GWWg3pT2e1
1774824333	2NSQUBXLJiQzUVRdhCzY1rkyvvFySjvVNr4mbXZUoDpKAkwWtkKgAgC4Uzh5B9SqsTGsFfiMfTxEAkcVpeSDvLXp
1774824333	2atDQm5axQVmx4Bc91yHgeY1K9zfjXeBKGcZW9DeWHrtzvW2ZPaLhuXUcNxZC6jGNrtiwdcovYqVWwYYxHV4fCQk
1774824333	2t4BJ4yy8esXNiQ5PSpe1vGHvoVdQHCzbrdDFVQxRiJ5o6FUpqY5ahUBJ7yKjbc1BHM3dnJyFopnW9TkMyMGqkcW
1774824333	3z8c6mdoLoqAD52p2LPT5eEY7dW8RMuAhHXyZkWdbY6BnPRemCtGUG1GitK6VZS5U5iL3Ya8rbrnUGfxMhaqpxs7
1774824333	5vPDyxgZ8djcGQQcT3b9CeEjRFGBw6pHjNVd7CULKoY368UMBybBwvPQJGSi8mUFUeRgWD7QzUrMTk6K1625F7Hz
1774824333	3RLGCuTFDrerkSKQ6mNGh1YsGsdvcjtNQCvLGPLuyaFbKwRooEx5E246T5BtczUtn3SwhhcWSPQKcjbSJXbvTz2g
1774824333	4dFtuPmEkyiFmuALiePgZLk7MLNKnyQsvNoi4zPdZSqZ9HrNYS6yA8Esuf48pSVjLKHDanHwqw4h6nLiUhfK9RmF
1774824332	23ubbrJCrJtD3U9R1xVzs4qmTgHwPRPwDVMv5CQDDpu2CsN6nohMmUXa2iDNVrV5pD9JCM7oNXtQNZB1Dctq8LWQ
1774824332	34gxhhMfQhkteuvCxLp6RfY4PCzUGSYNRG1znFdWrRGCsZA6x86H8vfKRCetaKYodNQoSgwQG36LmMKYgBuDsFqb
1774824332	4oQcFaRmLQsmxCNpygkKvFtyLaco5RmnALSbQR5vgAeG1eLzy3zVYEm3MECoeaRyggdwrEQt89BM7xBve9KpQoAx
1774824332	3sbsf5m3L7LHbYZJnLBS4caNZ8L3SKJSdCAK7Xc9Mfo2J7GypZ3p9CHX2wQkm28c8jgNyqsC1CLDuAEXYNvE1FFu
1774824331	28UMPSAPmh1k7LxxRArLNkqHPrqjWB3ZYYU5UpxKPQ5pbqB6tjYRSbw6GcBLUb2cR3z8Q2H9cPh8irEQGzRkCK6y
1774824331	3tDWcD36ahk2fEQH63KdWA78ZRZUMwAVZKme5Ed3iZiD2Sn7H4qv73bXFcULQEJaTXh8NXnQ9jmftTkxBGDPKrtc
1774824331	B64fKSMmm9qNbuaJvq84Cyc2S5SXQBBvF1yqvS1ouQTNJmm1TbGdnfsQnSQyNrmAUqywZoHg22ZNjaVmL2H5wQu
1774824331	mZfs5oocg2qGasVde1ravcjv5jp76461bETPcpR3tbhwS5T9fWExF8jzr8KB9Cb9tuW4gNTtzjEHGiW9ebfGM9v
1774824329	5Um39ThPxSsPGxFfthPfDpGqjSbJs2Nzpm1yfP131Uy8MuXEhx5S5hNXxFesQS5hZk9AQH1dD12q5Kzu56eSVTTk
1774824328	koUYGgYz4gMdWDwQHb2Wtkq8V6zBP1CaiBc8xyDAKvdTytcvFDdtPyP3taAkevV8CNNfg9ade1B85TfMREq9fwG
1774824328	4BuhGJUWNk8iX7nTfqRgUHd1gysXoLovS8FF9DgE6YhH4uyTGjno75mjKJTanaug3jW6tQye6cg6AEwGTyzvTVYP
1774824327	5kWShzr2NdXvE5TKKa9HCunhFMQ3aEnhn5RUdEUtEkqx1A2VgFUwTvsSpyR4igkXMRKZ8aiQLeyoYiwepZ6wvpEn
1774824327	3n9m6xHcb8RSeqZJWwQSENWfm6ckqXB3Suwn1Hq2qFLj94Dn3e1Vp7bD7uWkRtoWbKtdWYKfmDNn2Up2FUQTkQ2a
1774824327	jU645v73eAg1qCL8AN3xMynMEXz8Aap6EMuaLvjXa93HCQQ7NciMsMRn5DnaPVe8neZstLhv1feMSKZnS5RPVki
1774824327	5xR3dFAzgZBcxVJjKT3NskU9Dm16CPaqyKkWc5Fh8A4rrGixuqNMXUWLTHaRiHn2bHE93K4dX4feFDzuio8FewsN
1774824327	5uEzL6tVWLFKszXT4DTpmsGJN3fckGKGqcKWsD2zMtpsovfqSB4673Q1R1MzbzRkKdAQbNuc8JQQS9R4K4NZFveh
1774824323	ygk3pscLFFbgcYPNz1zNHaM19BnDsZWv5rggBEs7mgHzZeTUrB8eZuVXNyCsvBu3uvapLL3Tny7x1uENfwofPs8
1774824323	XVrU4u3JdEmf6nvWhJpKpHoZN8TePsW22xb1y7oYgt9sUiXn5cd1VHDTSepGDagu24Q3vPDRcureV2bHq1d27X4
1774824322	4iGKGqG6kADMmEKMMpsUmA54PQuHwYZsddyGVUma5Nx3jGBuXC3VsqJMEBENcDZrEtfmzWsZ9ddqfmCAQJozjRA
1774824320	3uMxSCHpMCPSepFFwNATC2mJJSZ1gR9UMcdzjwh5nJ3Q1FpsBvGBDauzbgQy3qvaLeubndskg8o2efvRgGAns7Co
1774824320	5wnZa47EUJVLtVk4QP4iYfQ3N6134qEgnsix8KQafJYcJKx74n3gAGKi6BKob3ZqBxfvzdkBTqhDmqeCJy8B3ofW
1774824319	3A35vKo2xVtN4S9PGgXf7ucVx3cKd9k2NUPmDFuFzS8yoZ78a1DSMuDvjRZiCjWu1QnFXMHSzBnkGY1FEntdk9ro
1774824319	4hhrDGzSz6fRL3mahMxMjvWuzo7GTP6i8oBQCHYtbRphxduGJ5qPt23EjgsAMZ3BYWg1farzgfWDYiJMHyABRgjA
1774824319	UHGjnwspim1ZzGWt77vRAud6Lz4a4kXofshb8kzVPvii64RR8YGFxcVWSSDkNHnHU8qxU235LfUpzMgcNnceuXJ
1774824317	3EAZrgedR2kdrLnWhV1qHqmri1976jXfX1GHSRYfjxvyd3nJQ1ZM5ESvJKDABwyzqTJqhyo7y7AhhptNbCrrtUkJ
1774824317	5TA9MegPEiGArtUc1XAktkBuLoBp8DfLEqtb22AqSUn9ktww4anTGacR4hdGEqY5oymRFvgpcFsG3Mwz66baGJ6W
1774824317	4RF9RRxDZ6PJuVibbBHu97Jz9f2ieM4gdLdfHcxR3PhUEyPzKrtXFnumvzzS386PqEtFBNkmc7bxhRKiZJ1QB61T
1774824317	5pP836j1rFNCk9rv7AC71jhhsG1bPvT2pyqdjJb3qmYaGJ5VByVSN87D6gkoeFATeUdGEYiMW6FPVX6PpYBn4dYb
1774824316	1bhFAnWYCFNbPMxfBeKeRHhSVETRJ3RVKupunczcZrKW9XMAQvPUgxrBBbvfJG3EG7TnWFpDtDZJ15UYF3SxrfU
1774824316	3fb3NfRGYR3gfbyxfFtbVcoLuSk9n3dMrsBNcqatCodzAcRSQqSKK6L96DmFt1ChPn2kyLy51onp65kLu4xbn7qG
1774824316	MbG1BTw7Ssq4qM5pEXvLjvu769j8rc2sMtTtGnE1Kp9jxhxozkjqWH5pGFxB6pHCirXJxpnP44aJ3mnLSJPRw9a
1774824207	guD6YFamq8e2EwMHzFgsVuyS4BMob2yTRbYiysZ4RxHMPUW8UdnSuVEvAkBfTcVMuwc7rzLKua5mteAGnkkHukb
1774824206	5xSt9uhr5WScRoNEmbSzyLzYDnCVV3kfomoJ62bFgSMzxw6B4FtfnKrUJ8HQEXQfYmC2UJqTLftb9bdm7DywwWKM
1774824206	55H7ShR5pc1gq7GEP4SjdF2ywduGbt6kDr3gvdx5PkV97y1ebDKhhVDRRiz6FcKBZRaHYjYLgvq9ihHRSMtbTWnr
1774824206	5G3af3WVGnr5Ra8bYXJnCAXrL1Az967MB7s9YV5iyLWsQbxoGgokn1gMRmwTqH5mAQDAb6EjrFoT29eBmTex9ach
1774824206	5nnskg3qxpi5fFEwW7ZBCzbhKZabhnQX8v9AQgQJFuujsTEPTyj2e4o7ayncAvjb9off37Frp554KVY6q4YPoUVs
1774824206	2q741pNxdER8FV3MMFJt9r7xuyuSv3LveU6qxiNqbrSningHFEvu717BBeR5cQp83rUWghVPoQn4d3RCLc4FDhaB
1774824206	2iZrsKG7bxKJMfm2B6APwLSPJXFPfSQDeqoSqQX6HuAomUA935vuHU9DsCng8qxz7Za3d9iQdzi2CLcZX5Hs5TRm
1774824206	33eTxUwCLYcDpGkU5cSNWNtk9wsLTrJuwgTkNHDyGZ3htqVqUbkQXvDeq9jU6o3p9WSQFb3MWF8joUERrUHtDJFk
1774824206	4xozKYiWXQdanK4GHNVxyRAQmHHEg2yDYQJT7czeEcFExhKrKWunjdHXmmYJPWrvp1XauHMRjKfkgPCMRnH17vZZ
1774824206	31L47Bn3ykx8Whr6wNRdvr6SpfcGeAtEzBbAnGz43TmoWSvNnezWQG1Ukrp22U4qRu7mGW3cEt9y2iikxiUcqWxt
1774824206	4XT5eYnG5nFkFMx8KKA6wnZDNMo8J7ifgmFSvpNdcTVcwoVpwpoDsGguBi3PqEAv3vAm9D8pap8BDMQVQVgxKaFL
1774824206	2BtFS6hZcYccmfp2Jk1tEk3AfJFaoP4GrHc51HN9n6HoRuDRQZHUaohBShe6DDekpaSTovcM3HB9EHakk1qvn4DG
1774824206	mhexKoFt2L1JVL68NUrY6jEe5NFAVn9BEnipTv5gNwyMnCweGntKLYhX8fovN1iztRMTpRHpJ2AQg2ESykm2x5V
1774824206	64A6RhYSGwUGYFTgNZk1x73UxZgwTwZLS6q6E3XHjbHiWezAz5BQsLjYrZhvuvqQvUnp81GDQKfGTysag6w6C5TB
1774824206	4sGq5mVTkoYZGkNmAHkx3dBiKNq15GvU8hH3Y68KcBoFfh3isbN2UYeNbCRmz5BgpAGsZKTxzxFesnTFn4pe9mS1
1774824206	F3PCMhtav2TPpeKA9HCUiC6votsHMrac8KA9Meu4WV1KbJxzjdBhtjFd8YoHdGabtk4mpj16YXVkXaAgKH4WnNu
1774824206	3vZEb7L5BgYMtdha6MupsQsBVDW8oWcRRSHviKKzpNgMkdDP5XqHZADxXEhju216wZGSUmkgh8667mBFV7EyT1DS
1774824195	3G3wLh7GntcqooGuLxErYkpijGSVHPTBZKXEyYWYFbEgjZWenLZMErTCZ9nJ9ayVGYF8LBzZkvAg1cM6Y5TemTVN
1774824195	4x3DnbptRLeCJ8N5ms4eQuDVLprq9RtbfAE6DHCq49wTvxB7DxZjkWwa4b6g8SBpkaSHonqYdQFnPATDm7UsuQmr
1774824195	45fj642mfbf22eXp1VpMoLpEPBLG1TLTE7MUDaufvrjg595xMCW8BmMS3SuD6JTMSWafdGW5PMcWjh86UnjAL2QX
1774824194	3TUf9NJeDnA5ho2NHEwM1LVRaQZ5ubRFkFCnTKdzuigCAtFwT4fzW3FcELPsyeAGU1FbVyNVv9fWagT1LLsncK8T
1774824194	5HQxXM5g1jXYAKM4rbVCUEs4spK277zEqFQmz9HP5izvhZLr45w988Ng2JXaifaLqxdieW2NfcXvm212g1S4BZWF
1774824192	22A6jYuwZSZDsrPFLbvAs2mEAw8jH19nAW1CFbEs9omwjBNuoxqzBP8YoZzL4BQrxjXe2px7qHHKSuXWdgG2aSAT
1774824192	2ngBqcvUZAKzKW5FnwoNyHijFaNQmGxsYV8QQy4g4oTnRqULyn2grknUNd2Ct42t2QMxmeZd9jycP4jHh88RygAc
1774824188	5kLLMMhqfvjyPtRXZMN9Sa1nAH5sFRdeLG39eZs3LzVkgE7K5NRvbwfU15TwmqvHQMrEzGScizb5VGZbyFvhXj6g
1774824187	3GCWL8DPQ4xPMZAjZdZFV5HrYtBaExLqEzYxDk8UPZvSysnnyDy9Qe1Epqfq3H3CY5EafZmbCh8gwFVwYQPpZqFh
1774824187	HWVgMeSNtmqowPMDGcSSQVK5rUUwSFKrgeQ28NWs2g6JUQcPGBLxp8PahrLDUEXZa3HzR82ZVdpvLARqG9vZo7Y
1774824187	5DfcBfznk5a36ExuM4qs6RPZaakdZKfRZbeAqG1txMnRfK8k1pvgSqGywDDCoxiNZzEa5QB9QrJp5oNWs1mHgFZw
1774824187	3BfA8Lwd9s4FUm9uv7wP4D7SR9pSGR16mnQWMRdUwf4sjA1NeRRVtEM9h1NqrZdF449ozC5z3BjYE2KAxdjReCG9
1774824187	3LBoxHHHeqfnG9NaQjE5CPTiVpu8PN6kpEfxCSurHQCSUCbUoJmpPFSMepyGQz42kzkDDLnidvoyn7CMq4Cj58d1
1774824187	4Ndkvobae9J7wtFGCu6W1fNzFhjuVA6joQZcLWF5WYXP1XiWB8PVprzWe8Woo4W8za1xk7AVGrrk3xSswNJffEX
1774824186	2fSrd155eyHYZGjWiLURrU15qWRdzoTv1zaASyoRLktinzwKL3jWXhiEAK8JmCJWGgKmVpq3Bi5L3bGVSB4xZaEY
1774824186	2NvWospeGWdNDt3FGrfwGfSpNxjjr6d9rXk6Sa7LEtxgVtsTz9Lyx6qsKDjZb5pqEazULvZSUsrLysEJUXDoHhGg
1774824186	GfKc42ZC1ZSrPWjpjcNf7m48NsPw5byJAUUAMkpTMBFt1N59DKRLNKEAbyU9pVdgmUYrzBYuYfQKYuqwG3tMaTs
1774824185	2yqg7x3zpMj6Jvn3uMPy5Y8ofpeye3fMUfi9dd2UR4kNeisV6wNTujrmtAzZF1WiytgupvHDx9CjF6PsaGQ5fKfQ
1774824185	5o4pHVrfMM8XgYfi853bLybhuRTUYeYcTcchxZXgN45dQmgtGZ6TkwcDkjNK5HoACKnNtABrcgppYKdcLCt4TVHP
1774824185	dzeGBBUYEFVkKbYbZ8nRbwh59oEStzZJ8BgYivew6F3bo2dijikajbTJaWKsS5gYgA98uZYbfD3wKsvMCQZpKEW
1774824184	Gzd8r8SYNeCSq2fQqqbXMv2xHpuyWUusmy6GvJF57rHiJjoHuGog6gS9pTm2FbpcdVZjxvZYnriQM1rzsjdkcDf
1774824184	rGMkUSZJgWTpbrVfy62WnaPwhFKWyXNoJq1gX8YY5EHEViZj1RwwgDox3cPPJUJTD95amoSKSzhCX5NZBPbSpPc
1774824184	3Q4nQe5zuMpmXjy8nWLpYEQM7ZavhYEQXb2osyeB8q7AyJGcDdmZtF6hHG2YzkMfACYTRhNkSSYZ1QPG3Q5o5fqK
1774824184	33pYbCo32UsL7g6aA61WC8nR7DtmxWn9sfGJ4NNfdcTiGNmuWSxvcKXnSdMWPMGGSV4QkKdTELYqTogmuQKg5FqZ
1774824184	3Yaw4dWRYpPUszpBdzRs3HoT35uiNCARz99iyVmN1MvwiqXiSggqpTQxPaxPaHtJT8eQHrinq3pZypfy8EZ7F8tr
1774824184	4Sa66zYNTFRUJwEFQvzNQgxRs5vrNWSLn2dyh6bnagQ33RLX5PaPT21mTeRdLKxBKRBLhE5mYoGyfpv7TREu8D4y
1774824184	44i4BVvbGKtDytPgLLgfBWqndpjCqs9EKvSeAVeVWTmXcQPg7RkdwM2EcZhUzK7ZoehTmiSk9ZL3zNPSd4ChQx3a
1774824184	4iAoi5NNq4H6voxGs16HhFCdZNQ1YJriQJBgVBQcuzoLavi6vimmmKBG1NeGj97cpGX37oHVPwqcPZHgvXA2yxDe
1774824184	dhfzEyy973oukNTekuv788hJwRdm5bJxMvHTgTtqPq65t5fdmFYfJRzx2sDuUMW4LymyfBfz7upirygaTKGjv99
1774824184	9rmh7Sjxg42vhnd6bkW5Q7N8QFYCFDHwotimv4UXKpusnNXqL8a2Ys1ry5DdiV34JG1mB1tata8mtg4KP3ja4Jx
1774824184	2UMoKg7g7P1sfSNd1reAm4yRRrQQbcBorN378LxUSVDSvVPR6iUi3tztcEdvs8WqgArecgeuRc9czEmDrAZgcVoA
1774824184	5N2H9hcb3GekZPXqd6enFayCbpgLNU7tk6FS5Zw4scMmou4HgGPWavpptrLZpBAGLoB4KzxRTDTs7MxmPNVXwFEC
1774824184	2eQQ7o74FMdXp7bXBhEwLKXovfZrvnxYZBPvjnAxef8WEugt1DFUDzMtxwgH8j6EUzXiKfTfQLpx5Bz3uvooCVsm
1774824184	5Ld6Q5FxNzNE1HjhqJAGn4ucbwi3F3VKcRh4Tufg5FNVv97oYr1zYxVY38rzLcpmKZResa6iRWmPXjaSiZzfSN8Q
1774824184	616gAhz1t2hryPynzGPxr37mZGEeqgdYKMvdgMZ3vr8575PnN5pxbpbTaC8i7AaXf8Ht9C62N71GqoTqcZ2Am4ES
1774824184	28MP8Yc5FBj3hXjK7MvcsE4Eh7kUeUDYJRjpuxz8LxSByMUPKwLXXQzFCbZiND6bxBv89mo2t6RU2EQxXzsZF4gW
1774824184	3Ssca3D4KxyXu2jkiSWjentELDHacnpRLTqvDRVkJGyFCkVR6951XwSKrBMV3GCFg6GhQasxcx7sqSH9U3a2GhQg
1774824184	3DdNReFZu3DSsn6y6rkQcGTjgCuMJGHrYEGMSWq1yhDvG25ykReGZKb2TdnA9yQrp1gNCmBYuGKEpUTAc3LHbFq7
1774824184	4QQsTzUAHeMFcyJ88a7sUQsJHSTe64bZP783q1dea7JVQrtbs89zt4DY79N2316CwLaNHCeZYVyrWDa1MAmairuk
1774824184	5F2jNkSVqWHRzEBeB1oEYC54LD4FnzGSfcrma4PZCRG6PgAwEzarye1yTNGpvunvA46e4F9y1RwnbyWk9yktKRND
1774824184	4EcsSBf7VZTT3GGV13AXE9FNGer5pi3UZZeYxSZybEaFXu4tzKMnCMmGpkm8UiDgLbgQeQc59ycmt17fDh235PVv
1774824184	2GiGujiQZyAxJdofTQSmmfyqoHM5LrpB6xQiLG6rB7FTYBukg9owU39CFxbovTzvFkYSdpxCtfnEW4kipSeTXyz7
1774824184	2Lchmtf4r7o1iev9UzgYfNuQcxTr8M14XzPedDLkf7BVrBdzEFGEKK89o1RM7s8cpPLuLtu1BSW93DWZTBbCGm5a
1774824184	5rDRhgrfayc7m3XeKnXiUvLVvN28biQyzAXx39JCPEKqC5tj6yUTWWCv6Dr9NUUaHtGp3AFmgxznQk3EcWeUqoVm
1774824184	3AYsNDL2SSrkTojFaBa4gP8Gw2NRSkF1i1PHcSjiQXybp6MisaEibN74YHyt525VrtdiAmEEE6ifW8VA5cPp3Kk4
1774824184	YE72HPT6RWNndYetSyLZTYeB9tThVXj8PqGLWgQAoP17S3VLURS74T7hLs2mg9hwkrb27rhMdJdPQ5JFhy9fW7g
1774824184	2mGSyyZtZSbetPcVCJ3VrWgiVcfFJtnKU9YAtpAQjiu7uv9jXkjwq4qPWxPELuW5Repp31v3uiZzNjLPx6KgRruf
1774824184	4RGLvLqFct8VVPabkBD5E8y9QmSmTn3V8WvBkaNeiPZZBhB83psvJjWXMAmbUMQMzoR5KAbDfMdVJFCXv4wEgDwv
1774824184	4iEsdFnqp1f5X3HhFst33JGoEtiiUnY3HuEqYzW5FegxENZjqZEDMF9jTzGNM3t7CkoAoK36PmgCWnjbzf4SrLAy
1774824184	HTZ8AiQnxebJuuchX2JdYVSxT7vHBwhX73k8Q296RypTGVXQZJH3Q2foTXFtSfN7fD4kbHxpEJh1cQnJR8VrtRg
1774824184	4qAozDoMxrfsk2iLZtdMqQpD9fyrEKf9VVhzv1A2HcxFBqk74f51TbdcG4tYj2dfZ1w7jXYKqZaMRyc6uUv8q1he
1774824184	2Rd7VHfPinPRx1KHXrv5x7jfvmM2LikrmFUZNc2LUA41UYctz982SvTs52c2ayKzngTjCpH7WwUWiBxFByrLJcH8
1774824184	4pVgGHJDDtBYMMEY6Naquqotuca2VBcrSrVMjDkNUSb2SujLkESNH4nqpQhp61sB8s5cAdzgsMB3NDN3d5qXWrHW
1774824184	cDB9U3SvUP6JGGwatEsZyiP1wTQtVeWFBVSM4fMLdmtrKNGnBYisESFzF3fdxJnQfeADnBdcW8uEx1hWSDNqhFd
1774824184	zvFCwDGMbaxKpqf8tZuDzmN1DgwPCTpuAUUAxSd7ZFg1u2yYaCRntq1hh8rbwzMo4HYWyTFr1q7aPP5TK4JZDNm
1774824184	3fxRBVeWeu77kaD8Qr9ZQLzrpVvj51FpukhsSqCAJr3nppWzS1g3vahMNvPRKNqhBLApXmxEvXTFxgMU2SrzYzn8
1774824184	Ni6v44keuQJKheCXb3v6zGMa6BpZt2Uyfw9EkiWv7maNTssUvH5gMYzqCWrVejKRbkcUPMhmDaSYgbhfoo2mxU5
1774824184	5bQ4ih7Cjeh1MkpzqRKAA2jFAQCMFiT82iCYXjadAT7sKRrmvUZge9EJ4fynEm3EcmMe4XLbdxjjQD4evZdXCr7v
1774824183	2Ho2SSKAieQMp19Su8jv7AbhZrb2T5MTzY5MmjECcshBNRhtnSoJyLdfhToGjfxwQfxrgNMNnjRJQQWRbD81PsUC
1774824183	2JaJ7N8GvBA7E15zqv4LbVah2bZw6pGTv9nPDVXFudW7kRht8Tu34FT6zqyBzL8SRG1peHUXsf15gofHCHyhBpbd
1774824183	5SHmzLne58osqhPCTUQWn3oqNLCZ7Fm6XHJzwZ5eyg3NnuEx97NQ21dU7PMzNwvD5cAcm8vcD4L5J4H4xM2NxRRu
1774824182	3GU1gepMTskH3Hx179DHV1SkiPc6qMPVpynHzyj6Chr5vsZybf1KsZ3gm5K4MLP9c6sqZvT69qxd21hu6fTEmUrz
1774824182	2fuLxHGhFpHWgkZcHGRXS2EEK15FpLoNS5djvkraYvq4Tk4EyVisJKRAX6AfNv1Br2eKD7T1x17nAJpnd5XBrhVF
1774824182	3yJukWGEU1H2MzA3Ms7EZfzMezDrTR32UZD2N9859qfLQRRRDpw63uvxUmxhmMpgDVdrU9LHcVDXzYdBWWUXESqT
1774824182	3ewLxXjt2khRfzwkYyBQPDeyB6yrqE8RVX2KjpuwprTMJr7tHyj28meev24sNEUrLUku9qiUiVoJqmRU3kWYmNe7
1774824182	55AKaXhtYKjsNxc5XvKeE2AG51uAMmZDcuiMF3ag5HogMipRhHxdnUGzu8vLA7oXvXgvZMGdWZY1wBHcG2Y88tYf
1774824182	5diucsG4DgfDd6o5rQVaSsb5RCNGrkUwu5GLdid5kDNhuYQbeStWChCNHah5htQ27XSDSxPwEYJhFTw7wMafAm7M
1774824182	2y5nbQi92QTehKd56VcTNw6bDjQNfpxH5zF4Bcv89XmkGiDLYEJzDDf27smDfXCeeKuZwvA4EHZtAUfziPVYLkxX
1774824182	3RJ2h1Zoa7ANfwhni8KkV8c8rAEWLtfyFrTcnJky7STVhXV9iiQ8mMYJHsTZ5LBp6AuJ96Bvtk2bKUSpjv7EJ4KE
1774824182	4jnbgmxQVv4PLnYxJCwB1EW4tT4X5sAThWrypKrc85UesCkPoizctUogj2xLcQ8VhvuTCovbZRHGtMBV1FTX4jzQ
1774824182	5xyX82QaSgCpyPfwUMA7fb52NStUfFqvXUfcgfGiVfKRvbgrdQoDVHnLZbvekvMCYny8JWAfNKwi6edMpTFEFE34
1774824182	5YFAbJaxxjywq9xUMwjjRoddTVcMXqprcHSsUvUWcJg3g2pafBzY4Ja8ih24pYdN9sgd3xdqEYw4ZqjtdJ2GvrA8
1774824182	4C5yArMChCZvyQuJVip2T4CEHpxkucbLwjNMJuEhBZA1J2CQ6hR2AbvXhYTtp6X4jeK5pyVz753JGpzRkBHvaMDD
1774824182	4tpaVyTsdNvdUGyo7EyqHw9htPgGjD3Q6KXb5SLbeog2ppAJhykZYuRjASLnn8fvacvsKWxrsZA338rBfNomyg17
1774824182	4h2LFNGqvcuCbBtv4Cj9bkhyRJdkeAMdDc5K7S3KUpPspaYeaaGFVpNQbw3ri3hnsefnyB6a3AwZrWV6cBSPjxMr
1774824182	61febeHs4MJYe5htNwZB5uuySs1RQuamohZn4gypZABLbFMri68bqNkK6cxvrjNtYsEtoxvp9d1nWLdPsVT2BE6o
1774824181	yjbpBD3Qks7ev7EW33EoDZwgm4eSc6Ay2SpnQxQ33jUYcH94xtiyz7Hp6ceahXKztm6rFYCFE3Ho6J7ULgwa9HZ
1774824181	5FwRAR9JrHozZmQa6XNbjdzNPTN6KtMESYHd9ruUZ4rJSnXf5jbpYSs8cTNk61XZ5tdbjPxSTgoZESoaxBs5taNm
1774824181	xp14TKXDVL3xuEkWA4Jx9nRBEajv8x2xKkw4MzXkgtgygiMnDAX72eWgHXqnp48ZfYuZs2qevQUjRkC6ZQptLGo
1774824181	4syYeDr1t47gckpcbGQkt21o1cuPZrEsPacQd6qiYH2KagWvvKtrpee1UFpq4NxNWJwgFwheTdkQBTZ38fMtsyH9
1774824179	5fD5F47qGuYqeYwHKfatsFbmLu6kqxj1pS8nb81JcutM5Qs2vWBqPegb15aYA1rBdPU5rgxTPdzUa8sX4bSXezWi
1774824179	5mE5PbUQpFbVZvqYg5pAfnntdkJ6jbRtUmTF4tmGpaqgVFMUPZpPL1vZvToRDodeLxN5BQ2UVQrMg684cDpPbW2m
1774824179	5CjWHsqxtcDnrkJsg2dgsb1NSgpZA3MMK4Lf8Cs7TJhd1yD6bKntCqr3xpBynxZUsxhZx9Nmsf91oyKDK7bSb87A
1774824179	5sZpbAn114PKC9YB7iiQ4wB8mTkqSeZHdWXbRhNv5pMZqv8pQQjJSMq2SuJgxDh8su21zCFXU5Trf7ev9cvZvues
1774824179	3tCKS8YJMmACsQ94LiMsCNnDF5sj7mitt6zuT5vvP7euq5wwewRVw2MHojPAXqbQePJMmSxjdFWecmHjKzekXN6k
1774824179	3VXdXP7ak84gcyZfw5aX1eFN9Qxq8yUYQ93ZJNTCimZseJmaiEkw3TsRoYCAYHhoM4BatDq69EC4nVGn9UkJF3yq
1774824179	EE3XfZyrEvRnpfCdgcD1xDfikkBbcb6NWvd95Em3VYeJkJTeLhVxMXw5ubvc4n4up99es34WK9kcCj8r3zybGGS
1774824179	2wHtJUGnVZ1DJKieqj4srBmw8voSLYdcxAoirhUsSeJynzxqC9PxeH1SGwtnYVUgTzskrpcy5grCH4mh28yZbjaV
1774824179	27s8ZNgcimiTtTd4sxKMPurZpgzTi8MWkJPYUWTdwT2VKBHk34A2EJPdt7bKjGEU6sHD2P2LPt23RtFC2SztMx87
1774824179	5aHd9kLpNKGvzhfn5BqoLCfot9FiSoqo6zStK7hSP7i84Pgccc4BbLMX9erbg8AHCjDDxGkCPbY2XDeYqsgQ1nBd
1774824179	34eDo3uNkguCtBrwRA11xPkmHzBcCRkRLHUdeC7vF1ZFVCgB2GPxmLaTrKBE5SnNTVuqVXyz2aD7QaDG9qS2RQ2d
1774824179	4oaPNS3yjLEM7mKoboKRStUiYrcyNE6CLmEqS6f6XXtS4t8UfC7o4jDdpYJS9JJVTzvA7sYxdrz2jWvwP5WH7mX1
1774824179	nXXfojhx8gCNxD2BnVVNi8FBttrpdqjLJRZdNSaiBFsw3kL6ZB8bNzagCLoQVjMFhXsJCsXTEDbL9h766EKtTwp
1774824179	4tNhwpZCPVsx63211VEidr53pctzs4m97poUfUomZH7q2uQpY7XfjxjjMFuuWpK9Huzv8mnJxdeZrwQ8BFj3d1ss
1774824179	2f7YiEQ6xovSMA5n2vQECvLQw2qnDqsvE1Gato9MGgb6HkkiAdGLMsiTjwQUooLFginKj8LcfQiMzoS9oVgBXNLJ
1774824178	2NDidBSMRLS5WiKE6Qtebg4p6wPdsKeq4GQ4jk6Ne6tDnNy8HHvZdi2utdX9fSDB55u4R8rXp6VDf3VCUPNv3XPM
1774824178	3y8ng6g1dbaKuT4xYmYVkQAoUVxPQmRdezBmNQ5F2ykCrExnrhmwsf12juuyE88xrN4Fjuruy2ELuUs5rpF6jezC
1774824178	4NRDpGWiZcHU36Ca1riWm945itAPDLWrif587WTdqRU8Ct38xL7N81Kx5mxRsxHoB1a3yseZbv4xavahvmD3j4ub
1774824178	4YeNpkiRz1T8KJxLB3W7BHpKHoZHwSNtsEJvbtm6xuAoVva3qAnQkXfUUox6wFk5MeYyPBZ9p9kZYsWE91778zbH
1774824178	3ELdsBVE2Em5goyZZbtYoMDncSKVNieXpj8jVFvq3W32Z7rtqGnRGz3irLcFBHjvBtsL5yxLjjiUxnMG5zuUacGc
1774824178	3kBRMxgRYsV42LbLp2zPbJEyxvNi7YoK4oG8hibYRB6YHrAa1fzaTdqWAr45tyUtwdv8bb6NFgXQKp31PwjYU1mg
1774824178	2zeW1oxaZdhtyw4iEXTXFcM7sjBQGLz8tUg4rVd3yphM5RR7ttzro62E1ATNqLXL9BZMU2Gv9rB6T2rhCfL5DCa7
1774824178	5LZHgnQPraJ2BM4uN45C5qVU9tAJSB6X5PeHSnvG16Gejsovro13P2QpL54MFsmsLgd4qj8kZXGNTeN1RYgqwWLQ
1774824178	5fqaduyArVQVrrpUVZjb8kUZZgom4AYqTYBqBYAUa9DMSgae91rpBFtB2Kiu8byUJw42JHEYhGZa6GvfrtS9cXzH
1774824177	3BLncCamMiWZNhAfLeqf3jJBCASChRRApgXmbQRqVzJckJFRdMaibqUC6MR3ecy5Xb9Dg8oCbGxVvEGf6gQFrTn3
1774824177	2aJkFNXc2D7k2PLwwq3tfebJ8StzFYxKJXRWkWqj7DeTfdBKWRUzHTtk6U2uue13JQ31Z73MDc5Py5jQTh3fdvwT
1774824177	5s7gVhiTJRYsXYBer2rKCqhCMFSwzKmUXJJSgww49LjS2PiUuiZAnS9Jk2Dx1mXV2xmXJUsRcJmJTXRoZCnAR9pN
1774824177	3mDoV5XgDKqVzeTvG7pYWNEtbKq9ApzmChXPMsxxBhhn4vUQXYbVxZwqU7tjcxx3iKCwVkC7o3fHtpHaK6rWoHz2
1774824177	5u6a8gC2PCvZD6r34z4Duedo7bF3dif3dPUWEew83J1aNhXQwbWJrU8LQ4vykcuHY7pnQQf9Tst6vgyZcQbP3gZa
1774824177	2QuWQyDZSocp4htE6zwMXtur7jpstr53cz6VoqqneKM4GuKC1BrkcPGZydvbbnx55HuWQDtMqaiRx5VDAuzaAcBy
1774824177	49BYMmV3vGif5zg96FMx43TDWuRWjyMmUHkCvcZXtEQJwKKL7GbRYwqoudVPHW9qcQLAEmofYPfVqAss9xBcpx4R
1774824177	5Kc88rYQYEtnT6YsKGAPAWd8BXUKutUEEPLYZymGJdFJVhpV3vNicd7gw4UUd4wA8xZ4pLLmmXGZuCEAppcJ3rMb
1774824177	56jABmrju9UDZQwp8e5e4wEN2az9yEonBoF8HmY5H8HFpw8cvJHnAfVSqQX8SBLJ1UQnq8ALiXiHA2ELaf4SZqNN
1774824177	5ff8PCTdAVqZ5Xy22TTg86mZZ9GtMqNvjWMvh39RXZd7HZDfNPQKZrE9eod3bUgDfakZqbzNTnqubxhvZVWL1rbU
1774824177	4JTrHM4sGDJ3fsJKipYJRtJ3HcebwN8Di8L7N45oZiB4DZW2MhAqMrWxEK2eWuChHpdK9eTPoRSvx5ZJD2AiyBig
1774824177	54zMhKQzXTm6P4wu4VcgTXq1pVuw63nGa47GDUdiGWnArnX3jkvnYcWP9hG7obvacAs8UkPPGvZR9daoxiCaLzBR
1774824177	C2VFuNCYyNNRXNCP6CCPuqBz9YPeu5rS3fma129j4gNYWsbGs5hfgjvubti4vJy35SVE3Zf2mNqoJ4bFy42vFpv
1774824177	2zrsoR17x1WJdxkMNpm21s3f8WUH6esUNpFFAXWDReTbD5MGNxAiR9X5TKGcDxyvSrHgEwirQrj4Yy1r9Q6Lpvvp
1774824177	54ftQqTsKWrSc33vnst8UiFsZnp8ptoF61YbQ67P1p5kmtVfAARc6CDCsnhTBPxLXFHymBFtEQ2RoKoLJMEgv5Tx
1774824177	4PKWt6PMXECmXjo5inpV8z3vmAG9PVrQTB5BsyEropSZsKe87unFHdJi7DTYgiJjL8NuMWWYWWNufvo479CwsVmQ
1774824177	5iShWXgMXpcWc4sXaq1MPvhxXSsDCi9dAgHaSUYW2aayroBZvzFcZzuxZiunUb21EiS5NGf7dStbG4Zx55fsxoce
1774824177	nAgtsvVSWB9ASJRLW5kYYw4Videi4gSjRSney3kNWYqdzckPu2amt6h8stoZtMmEYZr9Mec9efgTr6eUy9UYRCc
1774824177	2thHmLC31zUJ1dp5Noe5XNzVAqdCuiQu8RbLQAP9RfsLJtCQtRDo5JjTS6oVMQ2nNzHRNY71jC61yqr8Dxn7EQGY
1774824177	4SXQyq4jAFwbJsRMBPavv7R4hood4XMHoVrQ4Li1rJfxKas4cPCKHtGKY37kCSNeK7TBPnjN4PjLGoFZhVnWr5ki
1774824177	2qqhLn1pAWDQHeFhNdKA7wmDTSW3GSrDQtMDf3uPJc2aeEy9f4kfkFePc3C5D4gkXXbw9ku9fjnwWdoaZXmeRpQY
1774824177	JGE45tirkNEvVtqACf8jWk1Y4KAA2ikJXQ4Y9f9TdqwsotsCQDRRgwQ1JsP9zCJ4BaxVN1VWkoVrLTYCpLaAW72
1774824177	2TREkHqVF1NGNH2qPCFR72fPaRqFaRuD2Wwk1LD3BVD7FdwhiNyJ9h9xXf4w8bqcBs7F7SdKNLMxrXghywmLgBnc
1774824177	4EPWgu2CSZRxHKcSfP8Sh5sWbRzgcZDf3oZqY5TDVTHpNM7PYNeXW32ALXVe1YUSZ9ChpqL3VGDVSAF7gucfB1z
1774824177	5UrfZFDQH2L9h3D79FBSqKwCsvSZigv1rdYna3ux5GLvzaoBT1gEn8U5UiPw5jwxiiriHtbUR9Sz9wLq7FygUR39
1774824177	43jP8mWUE3JtfSTyj3tS8ptfDx2ViFRVHHqtNzSSrSJ2k6HueDBs5qrKKg2fZb8tk55ob9w6GZuCfWgbqmmMM3gF
1774824177	3gFEkbR7kHSEWWdEVfYzBrUVFXGQr4SmVap94MxzjVam73ftJTqnKNCiNY9LJJcNyhgXYYY8EwU7m8xBjkXyZ3pS
1774824177	2d72Mg4YAda1nng1137cs62HSD82aZL9buPN8wvfD4bSYgAC5vnJjHUXHMHRBYFNeQvibQrXL9gYTMswymhSRWxk
1774824177	3howLGV4oPogjH5mDonqZcbybRsaYPTDSr6JPJseKNNLZjBA1iEM4GHa7Azgyd8R4Xu2A7XceMWu3xcxoMpSVH7W
1774824177	4sQUBwWLn7ugJQuJ3yc3RyJdCD9tBcJ3tDKqrSKZt8WHQktCZ3dUxaPD3aXtfdYYeU97vs2pJjnqPWEhCjrpEGne
1774824177	Cb7j5iA9HXYkQ6zdRgMrFNaLzJJAkaoiXV3Ek4q8tom2LMVv95AkJDrCf7RtLstfGXXLLJYhpHy2ULYoxTH13Hg
1774824177	nkFCPsCUeVbyFS89rzakCX1oBg5ao5WkBFEK18QzFhqff5A5JdxdPEw3x4XGQfdZRvwNoRpbppcTX1qCMRfRVBv
1774824177	4j8ZFvC1myAjdwU8e1ghk9LstL6M7DqUom6YAvx7SP6mnAA44RUQLsJy69Urx58UUFA7qRK7XgW5TXdaXeNHpAvE
1774824177	5gT9YCi9Bzbmj6GzvUYNd9QLrz8kxpPnafXKYr1fkhLDoTruRzGcs1zkrkXe91Wq7e6m9cuSFMh8miRkYRNqJCrN
1774824177	2wZuxQVkK9xPepB6QuB4BZ9bLStN6w5fNo9gyaz9knf2mZFE3BbqpjEdd1mBNgRmjwato9E8Fy5W9Xre7L92CPQn
1774824177	2hFtsiGWPr8TFdbR4dEStPXAverikybt69c9Lv29RVw7mYcQfioLeTPQfUjiTbfEdtQXMg5EDXuGo4ryNTWyJYe9
1774824177	2YyKU28peroc4QTpiMobYYXDnEyzytZNE9dz8PUg6zq6z9CbYw4EraMHpAfjhjzn8tYGrgtGyCRMiHPCkxUzainz
1774824176	XL9xJrsZrZqnwgPr12dqTfMbQw78UGtXaxpCg5gt81yasTrCETmqTBpwST9RDvKJk7LEJDwvoPZUCNxYpUEUXtZ
1774824176	2stpV9T6ps2Ug74sntagRSHhMbXbCfmMQ23WSmmPrWUHBQfzESESL8KwkaAa47Q95RmKPAFmGn8fmn3re142eRZi
1774824176	5hLgzSV7Ge2pzECKsaSwkRedbDgVTJA5dnoiWmvsfkD4mVjAU5YFLuCDFChGvsUJ2vzAFkXdUFpXLJygfbw62dri
1774824176	3kn4UepfHacXsznReRMS9fBzkPzBaWv74UaBDomVchBn3YojpkQUjrqiNAkokBgdoCutFpa9cVmMmxspfwoL7tRH
1774824176	2d6AkK6dZmDVMen9JpLd2V8mx93pcrkQQgnKkwPBvYD2HK6XTkNKAtLMSXj6eqqzS8oom2wgVN6T2tcmRHTvHcTb
1774824176	5e9HeqbQBGrq5vhfvjePwgeaES7ZSMnr5eKEyN2baGppA1Np4dPM8u3Ls4N3WJFyhdGRaoWFFt2YjPSJ1125bLvh
1774824176	54kGRhwhnFxPK85Hdi1C8BnxXva5n3vaYCTpbRaVcorThEihcpRH66aCkbexuPemvibb1r8qudNtR58vLjLrFT2B
1774824176	4Sr3Laf6TDYWbdkKxU3PvA3fRqtHRtTM9B8Wz259kTHhv8k8eHWThyAkqebVKFwd9SPo7vbHgcMiudzHe4npAZHq
1774824176	4RNojo5SUPqXtyuDcSdk7HNkzNijT6WF5FdyhEgZcMjiYcotqCE7irV3hrnZhEQNswqg29CUn5uhgXg2vA9EGRpT
1774824176	4JzSyTqLWo6zQHQiJWyQsPoceYYc3ztyY1GedsSUpBNZ4q9Yz83ZrjRro6GSMrjo5WxsAvrqj5ydjonWZdNS4jz8
1774824176	SjcB2rdEiBDsU4wBgPyFr8w8mqKgBjjSFdJAtSwpituCfGWDFBJezz6BwaDYLfkcsDnyKgBGTdJm1c3dhLzy1X7
1774824176	3KcxDznZcHLDp2VvBEB7rRMTrXhqscB5zZ2ZR8x3U6d4vsoQSPRokjMsgh4oSLCwU5SozR8Q8ef2hxqAUktYgjzK
1774824176	5bp5X5W9cYQSYkN4HFQcicpkv8bq56gDC4oyccrBg4zBrFwpHMG8tCCtWnfiktWqpgqn5izWj9h6wen2iafS3zam
1774824176	RuexzPZ4iWoLFcY14qtX3E721a1XtNE4pnWw3ba25rDRN6txr1RjxJsixP8eF4PQfqPJkWnXiCNLaoaJnGmSobH
1774824176	31ga5gTtDUWLKA6jZNfjTRR2Y6n9PyZkWviv4cCmJKvqwWW3KWbpTnHFz2ZzkMZpbtkoNTLrqEZFX2USaEShC4cP
1774824176	3eN5AqDVeGvQi7NF7giDj54Vh7V8QoYFJtvWBhaSk8oAy82mD4VYJb9krmkeyGYyPKyRUUwrVWzMMNXwH7vALcm3
1774824176	2q8xnPp7vZ8HBYf4fXh8BagSL6sENcwJC23Z3MGCsWsL9mpcPZ9rcAvQ7w2cX3W6QF2MEq9G36N61jZieR9zmffk
1774824176	4nFAkkSeXWbJoxJAFVovutFK9XXxD8oS7vBZGXRaTVoBVpcKUHCASWVnJEKgcK9USLV3Nu5ajHbBjMUtkCC6HLR1
1774824176	3tWTJZ6X29aCgYN9DSa1FMp4RGqiWFxVvRaW8w6JrQaaQz8upYq8pm8dAXUieaV82dq9KPBecGjEd38hh8Mzpy9s
1774824176	3qmhjQs7rEqsp3yMmNpEkhhJ1wcPachk5p8H7EiVSh7yzCRc1M4G7b24ZY942iFDYXzFmVCKoMoaxxdvQJRqQJ6d
1774824176	3cYKSAH2ra4qDu9KyuYKvjwiNjgZYNTe1MEGS2kihXj6ozLFo3EERKMHWphrXCpx3bJfjs8JLyChTNHfwFFdRZda
1774824176	2tnCbkmbTcBu6bzJ5nzy8DXT7UPHhMLiHM4u2SSci9Pa8vhq3cRUQqiHnLqnRN26Tf74kg7WfYRtZJudG5cfHaEk
1774824176	9SmGY5gDQ2PXGbX9zrwRYftzVRKAqnqo4npZkz3uWy8UXWA6NxbfrhrScJywmG7zFAA3e7k1JEg9vTZ2w5HaXhM
1774824176	2WLmfyXmczxkYe2PHac3n2R2Q8tsk3PH3qMx35eRUu9NjKY3MFGtM4EvqjNyvS7xHpjw1TFCmBSbbup67s8rvux7
1774824176	33RLDfGS6bqEAHKyCYicpD5ocpSMVx8JTukHei32geEngfefEzQchZKDhh71YDeT2avZGboR8EjRQxCtMfibqxCB
1774824176	4zpWZ3q3GnaEp6aLibA1sUc5WMBgN6skwbseXmVW48Ft2e2rNwkqQ9dQuN1TnLazZhKXeyLg72SunVuYiN82PREH
1774824176	3rT8fThwx95ojHUeAb7vuCZa2j984TPzf1BTavsUjNwvgUZWhpciAUiW2TWrQ1z167pVv1eSkgYKxJWqXcgi51pR
1774824176	5KMYiGU8NYRiiYzFe2pLZxwZgxBkgh7Ko1HYaNhPyp6WNNvQY3BX47n2RKYgKgh5X2HgZX9VWRDCFDAXG4bnBNUR
1774824176	3QwRDoagc2PEd5Lvj1AqbYwJM7xETGXecHyJ9XNBEuiavRo3DLLPRRWMewwEJATfPHA69UgYqZiaDcnESP9wf8Wj
1774824176	2uj6yBpo2GMCsuiBGqgm5jdVX7BoeMSpcbUbq5UUP9X4PJcsg37K19sHUEEow767t5DNTmwSYsCsRgamZQEiGQXy
1774824176	55x3YZyQiwa7jsZcs1F8egaAcWWWW2MCxeJqGYMCeMiJqdRPjYymiHVKJK56e6sZ1Xn6BEhtYUeXrTTjSNqt62Pn
1774824176	4w1b7sokkSrtm7bdhSsxbWpYzXrM4h4Aej3nxaTX8momvxgEWdeV6cAPbvDzTmua13kHuExWaG52Hsv7j5hHhUTM
1774824176	5bvcSurqrQKmibQehN4f9uyhmQSPUXpWhNU6bBLX1gpsxbJT8MD4NFCinNXnxxC3uynpBYZvbTdg8Ad97cJx6zQp
1774824176	P8q5pZuMtQganSHdHg5SjbxHhQ4tEKBmNPAZfq8fzFTPat5puj1gMPAjgEFpfwNTnMn4zh5u4cjTFxJw5VjJYuQ
1774824175	4WWSU9dvp4XPJsX7u8pDV1mo2kqJzqMMbS4p4VeCazgjQTz3r8qMWQchP3oWontY86ApArNGjYHk7rGFLQUdeqYT
1774824175	4Y9ErStsxHg74NDXwX9rHb3RBWfMPqNGARF2sUsF3qxiQDCf2TLYYzBgmcNBa1gNT4TYuSzLmZtwVH3SCxQVv1ZS
1774824175	4bPP84rnP5vPAM9JTD8zWkhedKkdwq8rFNxpikBFKfH4XTW8ne9wHMZKxUAfNY9xbwin5uqEhcnPDauKrHhbRnZL
1774824175	3bfRxBeqfZaQjrAK5QHKMDrcotjsWEtNpoAw9fM76TxeVErgDKiZ6gS75HKuq6CU6msWrxb2os6RD3DociusHfHm
1774824175	3tcFuK5QZNDA2gQCcSHCv8z5FgdJCkhppPTgHg37yRDfhF45kYhzj56tynZSeVY2k4TsoorZD4x65MBFrqwdoq88
1774824175	2UPnoEoipSuuskPYWup7h9s7qzqv4mC7VBEnuarkDKSnEUkfAKo3xkY1Li5z3EBFhK9xonhvEPnXjYMXpMkkuG8m
1774824175	3ECyLtwgnRLzFoTQvuFCjjqWTcvoqs85GXMd34Js3RximEzmu1bR9aqRh2STQ2xwmLQCtb7Zmbp11SNjz8btJUkX
1774824175	2gsJ1toCyx3tdkJKKXg6qTvbZmkNbSGg7AXK48QGXKNRqJWBqmE7qhod68GH27dvCXzQnnZE7cwDrzFCpVsPnJoK
1774824175	3ZjPQY5gAbybXNhcyHEfrxw4A1HdP2nhamR5LU4rKZiEn81HNCXBickM86Ynyhsvk8SwF6qhy4NBbmgtwAzAxXpd
1774824175	417CmFpZXTkDasoeTvTjGCjYpAvUTdfAFb7RYjJiPDvqkKxCzjz85n74qFdzaRpARC4hTk5gYGQj7JmLSBuaMokV
1774824175	62xNcFd9rJpuPX1o3B1GmfERD2NZsuXFrtzHwQxE2KMgWeTjkpurAokG1NnLvxpgy8KQ1v2nndf6B8G9oZCPu6E5
1774824175	4Ddpt8vGBRV5vTw3bbXbdY5jpws5xQkCJT7MZqyo42u63q2DrZ8tf8tLkcEewsmNXafbD5Q7f8dkMD218NRzueZh
1774824175	4Y27esopd6cKUTGwJ1qJQG5pQ95H8s2vXsTLLFdHt5MRps6MQphKEk4SJKZNaJempdoG3PKxSN89rbXwzQMS5iwX
1774824175	5n1LAUE9CqKsK3NkvEPsxRXEkm6pCEasjChtE74VugDhVogFuvLgRLtnShg4LR6EAVG2xz1tYVA6f4kihAqpjYNb
1774824174	3Di9J4ZrmJzwNuxX9RFhXCGz3LFbxWfPtW8qmVJ4Hp47EpFtNG3ngeAdcosDNWdhaaGf4QyBwW3hwm8EoDWQ8pWr
1774824174	35P7C2FMpoQrjXLRtqvrYaKU2Hbe3Geqdw8URSaF3qmstB4aJ2zAV8Ampva68soZWfUJUgRXtx5zyrFgmtcKmxRu
1774824174	62iZpcuB4cQU1o64fmFUfiSpFMYrASe5BGnpguUXLpsFDHPa3i4uiF2wSUAqGbVq2opou7mn5eXz3yCFnumK9DgW
1774824174	4gWq71HCkHkRw2puqgvKJNuMEUx61YpzrmUG4uftAzDMXCMgEtXercPV8HGdgPit39GRPuJCtHMTduTTX3pzbK8j
1774824174	4kcGqAvv6Sp5z3XsVDoEmGfzJ475zqBzsP1QWk3nzmhEGyzFpsr82jLg2xoJLU7j9iLon1ep9oBJu1VLbhcm35xJ
1774824174	9uFoXbVkYx8JmnNtFFFxzyToG9K2oLbak6nq2RyEUnR5cg9yaWcHPT58Z3jbWuDv89BHW5JHwHTGsyEpEvLDANR
1774824174	25KkohigMUFDAXyCNTLp8CT9Sp4NLg1jFRaS7XDqPZWstLQUi7QYd3kQXmiJDKag8N5FxqhzLEP5gANTUFCHXby8
1774824174	5PPnPVUiWvbTrME9VBwPEvkopECvHXfoks4Ajanc86d2jJtpffwxCaq7TrvULXC1myfsFPABvCkevrTFLXM4oPgz
1774824174	63v9k9M1wCZt2dnZtNMdLhhD2L1QTFPaeHJ9fBNWSCE4VLUXsU4iqLTUcQ4EVXgRxH6aiQ937bAMBhENgCNevJWW
1774824174	5PpWFwcHW9Q2x1TGV6bEzdLAoyBQTNEXwxJoH9EEdNLGhXMQ8aMpMaL3KZT2zVpZ5Cdf2p2br3K3ES581R7XxMJk
1774824174	3vimqHLbxjro1JZ27mUUNqHU2ib9h125BNrFALiXyA9YRQViHQD6ezBZmhcYquf5qVg3teFnfCEKUsmpm3N56XhK
1774824174	4FcxcXGWuwAdQGAcTrMfXCxt2JVmBsqBq4g6BadE6WCcivbz6MVVtNMfFqHow3qdLJknZXGoZAStDP41s8N1ULht
1774824173	5knYVhMSq8vywBnmEHX6g46kp1QpyB7aZnW1gukN1Qs9SBr62SgNw1y7fs4bGb2mVj7RiS9zzwy1663WxhHRXyx7
1774824173	7Cmzyqv92wRJfVBpViQoupTkghpZV7Ta2cXzkFrxfP5Be29C4CKv24PC5UZSVewYT7WWdahgZHfPYPAVJeDoN4R
1774824173	5o2DdMdqDkmQxmUXuC2ddoWbBcwt5YEqd3JGktYcXJfGLykrZTobh6Ag5UDx1TCHu9kKN9JXC2Ny1etFhC9JSqep
1774824173	4HSGViNTTvvRW7FpFB5JrcFbvHtHwT8kVdLEbyEZgb4xqBANHUKmkZVJN5pkcXoZgDXCYyJhVzU3cZNMq84LRFLy
1774824173	5ULoBiK93QZF2K7BZ87Cr7kmgoNFQsb7oR346yv9jQZD47TrG5thMLnK6njKtXGgucuSbSmcLn9xH3wbjMvniTE
1774824171	2Acdt8Bf7WThZkEEDTKGizXVQDXEYw78pDuV3X4Fb4ZfrC8mAUg1FMMJL8Us2XPUE6gkUPzAUyCT6vpBL1TdugG5
1774824171	215rWc5EmpdAfevFXRoM5rHEsdsxke9AsXLTPdbvoANPRkyZpfKL1XLTSPjdYGvomfYy97UhkWMZNYioc586WnzM
1774824171	47YLKsThB5UkRmu1rRfqEbBPsSpjqvFUP2A85kkabNshEKLJDsoX5ariEvePnxmPNsT5kX7qWCC26mLCjDsPwqPx
1774824171	215HMPnnjcwNwBw93pbghXWAu5nNRrBVXqSyhYYtJHnRrLi5v9nxgLB8qhxE3eX3RDfmZGAkT43t2CwjKcafATAr
1774824171	KMVJk7fbd51TWdRcGARWnySs67xZvGt1aDzLRn5G8685YkHMS7eW9jR1aTxbDenZNhmNKzr1cAiYa6QdMSpRrkQ
1774824171	5sbBzv9s17AechfjJj3BV6AavFiiLeRLsVXqhwL1wdfkGTV5pcX2VBRr8pYW4pu5GWH672doinnZFKrrF6bBinU9
1774824171	2M134WNLX5Rwci5LaYVNz5ikEaBRdr1pWPNZ3V8kgJ6KTbfpWiY3Tghx6HhE4raRXfjaGAo7DjvsaoSTEkVwgXxV
1774824171	3BgiN1fvK93CVqnksrQ5gT6QVDvFiW88yE3n88SFx87T31ADazxTjD4bsL6Zk6cT7FsKoHsjJcsJ6ZJqQqacRnxv
1774824171	3jQhANBLvskWggvSdNwCV5UAXBuYhHaK5PdXjr8gyK5UTB1FMVqtN7AgEG3cJ1PcB3SqUdCAU98ksMs7TyXVh5jw
1774824170	5vAmgSSugQU9ENqUv8aPG2qvUdbF9vsfBjG9mesPjnEvVuekr4oJymcmZfG4hN49LdenK6zNKX4WntAFQTcpQWen
1774824170	4oSPwXAJbyBazS3jXNCEvDuX1otBEMRFzskv5sxnvhi8RNYK6r1NbAQgNatej4EdVQzJxQq936XyBniSAtw6EeC
1774824170	2h9Q3k5n31EuuDDWaPj4K5MttyWa8XRVoMdDeYsCdD6USfJeZYtaAPHtESEQNWzXSLsDVqAhR5x6kKtiMCMT7qiv
1774824170	3Va5NfsTxoArosB4Pz1QiDfpxP78j5XNZE19PVSDcAVEqvw2ESrWFp3f9oZaBSktB6gTjJVHBGMAD51cvE2Fda3D
1774824170	5LUakxmVVid77vbEnzyiZgHAdMC6RYuPtgf7yjqTHTjZft1K6Ap9RizMjL4M91ays1288TBc9DMHNee59GoRLCC4
1774824170	YtEiFfKMmHJkUsX5MmpE6AtgqLLp5YCfmCi7eoGQTtrmqSd6NwTMuiHNeuGXXNLsTtoFCFSunrSjV4pu9tKkAY2
1774824170	5Tst6b72ShDB3j9wjw4RRhoZmbtVz6rDuxWm8iNuzM4L9QPg9FGFk7cYGsaZRyDh5BH4djgp7mbwxhoFR2Mze9Hu
1774824170	5a2hVrnTcB6vRwaBgprpfY1Ln1xJzQV4ScwqZUqkyZv1xmeCWVCkRD8r7MERENysWok9RfV8E3uZCjZxp2qwwaDR
1774824170	5BrHqa73nwGVVXxbBF7LNbwSQkVDGh7uc6998oDHJxfUXVuU6brnKLYUJaU2sMJ728qmZPcNjyW6ku74VHQqorxW
1774824169	4m3DxPRjDv1VZFjyeYxnZBzRXuxboZ4VLQiYFqSRN7t7ApRTtMu6eBF7UoFm9Sv6Ka3bgAcYhbbN5x3EhDTUpori
1774824169	aL7LxLbwRJWjnStLh8TXAEsFg7iTDEdeobbkjPmfnEKiAG7knBvc9TgopK3d9RjEhCNaPihvBgSCQt1n3BQh6BZ
1774824169	4vWVpYUZjLnon1i869nrPdRKviD97dEpykN7qCMvRNdNakYkkkCBRzMGQGBE8PkRuXBUGkMWDVaTavahezYzC97f
1774824169	3QJGQb2uqy3vxDf7zogVNRF3NwQfzFxp8fgNLJ18tLmZuVH7SPWrkk54eK6dpy8Eogg9M26xR2zBTtFYfcnekmT5
1774824167	5LZHCtg6h2dMNtFvSLRvXs4mLTuKTWcfuihLto4BkztRAXgrn5kNMECT9wKncKxKA11K8eofpN8dfEP7PwPoUuZT
1774824159	3AVe1cBZm3V533hTHn5JU2JgZGL2FNRcncFb4P1TykCt8g3KnrERZ6qMV5fd9EdjEe85ov388UBTdjmK3Fy4TT3j
1774824159	34ndxkj9trNMfANZZ5yVp7uCtMQzAc8DCAzWCRoHVhJEATVWiFX4UscZDTJs3n5Nde63iKBGqeXyoxWfTDRgbshj
1774824159	L88DtKxsPDtJ8V5tFEzygWdYBVZhdkLdiAe9Qd4KL526ievPJATntCwhu5oVzQKCSQuiC9X2prUV4gNMvb5sQ21
1774824159	5WSgf24qpBL9vJThNVDBkj6R27xELvMcoABqjqphMdFMsye8s7FiLCpjah3ChH31ep3XoDQUh6uzgHpCjj8rrkG2
1774824159	4D9rZrkEZrezybpVtULYH6zAdnjzRk3SAyRRL6PvgzpkKTZEYpkT7NPY8qkBxZSdQSwwD4xExrDVDM6tpbF5DZCe
1774824159	5BzwrqRXVdgrwXayQYFMbRGyAxjSWWyUyY28tgdm74hYz7YKvMMMWVbHQ7e4fy2ktrUCsif3jKmqxWGS7uknzRJv
1774824159	4ZvXizNnak1WY6dzDGvUQtYZVsEB5xWSir3XcVdi2ZoYFKuvcShD7wJxgyMpwfXgnwDX6s7nFM3UGgXGpi85tXZz
1774824159	xmF9a7BgPbmhSPGYAJoZFxNgybvTcc9wtwHeM8swrHaEnZJZgxF3TdsFeFUtibXgCs8KyBtKjvZ6UGEsjRUk1AS
1774824159	2i9bvp5Kz1t2cbspR4sqchcJ8gg7vTSans2qKgahPyzx3hfJMSByUiEvCeH98UPrzV6JuZYWS4Cspcuer3uQunp4
1774824159	5UPrRNXMvt3AptzWEN8DVKmDRiEiZLVdsyFPH5bwdX4dHHG6J2XPWCt755RU4RFAuMQEoVcVKMT2DcRRdVCD6ZhM
1774824159	FAmLKdesjUvwFZqD1GxyBvFJ9gGus6SnWK2ky5QMPzvKCvzKCNTHPbPmf4mVcZ2rUprWXynsfg5Y6v7JAGgYESV
1774824153	3hYrVvpBCKbo7Vm2teTudVA96Kpjppt2BLf9NoKTXWfEeiwaSDbDj6H4p8R2hNY3pub6YU4UKck7xNhseSVZpbMR
1774824150	5f4rjDMsL9rzmydEAdmSRpPLVXZVyVBJ1Tc9mzUHAwa9eGtAcM4EKsGSNtzfdE2gPNHYiwVPJNRqvaQdSfjjD2hM
1774824149	4b6XTUJfbACnfUWrUQiLr43Vi76VM36bgNnsbfFnD17BD5xZqzsEiqyVnUBZHGAiAkcU7zKvK7yCQG6ERvUDsQhL
1774824149	4yQRsx1nxWoQLbsqCwBoQKDd5Gr6vEqkNDGXEgk11otm2pWAVfACrZaCkauGx6LwGWPYqWzsRrMwocFPiGwGdSJU
1774824149	2bMihHjfn31bjXaU3gBCU4rThzV1HeBGDMXDLNYxF7C1zAFcBTHP4vbgTiBQ5iTvi3qTDQ9eWKZhEMrQZ4CJfX68
1774824148	gvAhLGtsPJKisS5mYx5Bamz3jF9qnQYc2ZWBqZzJfVB8UAH6yYDo8ajkc58BKRzryBUcQnW1Dw2uhQJtQxerGZP
1774824148	22StBq9oCF3F8qaiWEmu1HFshPhfpUeP1kWHrZHHZHUpKh2uzr7rcYRsT1uxnwHfsiPZ4MywX755hDXTpQzUPEdB
1774824148	4naaYBqiTvbqti78BAPGRv7LkpjhzqNgzaCNCWCmQhm5ZQXwdxg42SQ5HYttvyRe89GY2qdoKbpjg9KkPSU4Hs6E
1774824148	3sAaX4HYjXJs8Th23giLRFV7YWy7quzZQYEdkpTtGsbTPaZkcc6HketEje4BDi9qyE2XFAK1AQEiNnojAFinq9qN
1774824148	49Lf5bRZFaSNGuwk571WfhFSbzQ4AqNN8RvUmJAsJ2A6YPgD5fVAUMvbKuFVN7tKXnfjMMDLFnmUy7KwaaPRDQJK
1774824148	3W5mvY2cCLabbPKK9ciBxEAT4d2mWHmKC3hTPS2JSF6QyQmSWD8wvEdDkdBuvyGY4Pos2zAFU5zfgyaWqYhWjGX5
1774824147	4MDfG8t68E2FyKSuCkJxwj1DU9xjf8EyJZE8EpL3JSfTNRqqNwuPhYN7HZpXdY7vbW9Uxt7yDm8s8WHR1vhUg49
1774824147	3yG2hwGpVz1QNJWDf16HRvbwchAmte5Kazd3KzSeHjzJg2HmymYWBftzFbRReRGjt5qoLVraREEUsg2EpBX9J2JZ
1774824147	4QoUkfbo2SfjNoneKNfKW18qX1y8odCYUKfgxDjNxGPpk6eHq3ToJZtnpu6hWyRPChfGFXRNyNkChD6STktWC5wH
1774824146	34C7AYVLeiogcq5aQsrJnNbLBjYZc1REphwb93U9a9nZRMNRoiPpcHdi7bedWUk23g7WtwAt2wPzVJVzCqhecHLk
1774824146	4tbTrDj2JiKxhz3uFaG9Zzc44yUsZEq3RVJ6jJ9V8er1HV4s8UpAsAnBVt772fr2B1bmanTgYXWvbHfLzpfoQWoA
1774824146	5oSStXyw4DpQpVTMMqx992SJrXWg2PZcCGwhAurWjFSfvAbTzYCsUv4JSdkpDm5XqxDMfejMixMJKuXMGiKx5MAX
1774824146	5NRUDQCqQzHMRkDtfpJGazmUDSyvWVtbVGKaHC3ZHkRX1dpMZoTGoK5x78qhhffBYNkHS3ztW2d4g81F5snzLfVh
1774824146	XaoowNqs6o4B5yKRkSSxJXftJkqARLJXjnA6KvhNnvppke5R9oMqembHwFFwuRhJiXviKkSpeCbqpRVG54cx9Wg
1774824146	js3Jmm7BG6EArwoZKH7Dw8xRCPZYsresGPDjqEaMZPiN1yAixL2yMhWdcEosuUCRBr7HP7WhKtQYZ1EL9CcJZrr
1774824141	4c85FDQ7vSC8YGCMzRGUCkT87mvGUWKjF2Hgu8FVraYJbQHgAi5zeABok3wBv1CuannoAkiMxqSdehf6UizNHNkg
1774824141	4QPwo4DaudAp3umW2G2TuCi7QGwhZbS7bGTmnG9iECkQhXXu7Zaagv1t6PDpQQBsF7dRu7uCHFx98NyBvJ3FWrWg
1774824141	2frY3LxN9Cb3V71jRQrgir4EpCbjQJ9Bxw8AYx9MQgi52uVyfMtmJ8CK8Wp1DtRL3kKMmwV2KSSwjtF49pcV5VA8
1774824141	41b6Wc7K4kTQQdHWy73QRAaQzQjWja9ELXghApW3pBv2dqtzFKCNhGPwtJs3EVCy158VfinVS2ujxYzTM84JyY1u
1774824141	3AN8Tx5yPkdzfT625waZxy2AKpGWNj5amu9iimSMHhvJtJB9HBgYJe65SBBZeoUSuQP2unAC6BbYG2oYLqEYPFzc
1774824141	3bDLDwAPQMgKEkckFQC4NNL7HE6QRadtvgtxSQ6j2WafYR7vHwoTXwYTo8PBYhRTkur9CSZE52GmiCwpQWBecKCu
1774824141	3z8zRS3pHz6K5PH1MxE6xwsPHuoKhj7PhYtwB8D5MdMV5cV2Lvm1riG5o2AtVQXKRcGaJ8nc8iNNdA7AWtS4Fpmp
1774824141	4eKVrNZpenvMvL1rDyFHu5tCFun1CoWmnM5M4s8WowjirYLRm3JahFkeqppYE6EGEsMEvTgir6mEJU2mCV5Ts9Ld
1774824141	5JLY8LB5gtpRBe6AsL2qY4yNJ8DNb42jUDUS1knAcWhqQMkuGnmEDv4dujxWW6sP6DYpLHNgf65q8QXBWB4uKVAa
1774824141	3stbMM4zFPxGV953AN9p427jsYFy8JYUJBUWktQg6aGEvntJq2YsFfD34XDKoKvQvSJKsLxRGoi6LYdmX8S6eJAc
1774824141	5ZXwaPSvhrykxvnYhNFiBUBAarBJXhKCeehkHLMGfL3cBub8wXEa2njWbcgW35mEC9GCuifWmC1rVAVoEZAkTQq7
1774824141	1Q46aTRary62VuKjgcFZrkbWVdmeD9BgSvL4XVHV8hzu6t2xpdwh19uJ9gFFqQUN6EoFYjzKGpumudkdyoA53yc
1774824141	tX3UC31ETh9rDxLf5S2TcBU2g1e6sCSzGBeMX2T1yhS8nHv2ytCo3yCHBgXzM8DiR4QQ6SfchmRryB7qViQH9ZK
1774824141	64R4tJVyxeVA3irS4sYvScz4DNSdfq5BZH57JdW816vTXHcWeKpHV6cQS1CvizbrBwzeQ32FbcnwTxnn9UhC63Ls
1774824141	xpX4u3HeGeFiowxuuGsBBCTYGoFkTLR2wT4uSMs3dEdhxZCRSYs3QqyQ4aqyDZjZNRw3Yeara8XEDsKpdUXp5Sq
