1774827022	2kRF24LZaKENeMpUQ7iVHRNcmYbAdCoUyVxhFuxnfgb9KsiJpdJuUMvGHLJDKBxinEvTfjMh41cgeE19fMdDyrms
1774827003	2BTPwSKvuMnkbiL3NhbZpu8YjQjXQW2wmH74X3cy2aNPhwgXj4JUznTy3D9anzPDT2nQDrPbmRZ3juwpiMNKqzyP
1774827003	42dPYd4qsvVgBVN4fuiwCEVpQGNbrjp6y4qsffpVB1Aju69VJBvL58nmRtgr37ipfBszh5jZWELR6rJpMHAbUYb7
1774827003	44DYFgpmr2SkGy1JgdbQQLuMDoV6RnLrhzxkMjgwPGGozfYZxfytmMG4tot4WSVncCxUSZgLzxPwR4XbzSvuyUQg
1774826493	X9XjtxPX5GrB8n1VbxQVpM3RVFCTdp4gRHyewczU6ufxPYYPjHufZfqmxFXocxLi3EFrgKxFAiYneokRza5o6EJ
1774826472	kzHZ1LNr5Ch9KWsp68JqUtG8FPrdSN5h9Z8RywCjSvwdmwq8h9Uxzm3JLxQjQztpfCAviiqRAFBq8tLTUUPfsmX
1774826314	4QFXpLMfsocdpyy4cEuKoYYeH6nhTpCH1uFZwGW9XSVuJNgUxFQeA18gkCzvRL7W9CepoWWSSsPpU9AaT86mQJwt
1774826313	5FCA17ymVRryJoQSeeVH9a5MC78wwwqTwPPuCkPysmnL2zw8bKA3reFBJNei16YCEVaDsgYcG99MyKTeNdySaJe9
1774826313	61LiHwp8fJoATQDncqwA57iMYsensnFKBZLDDgdJfA1zQ7zoX5LtqiEDocyu3PzcVEnWxAZ4siQ5N3Sfr2s63u1V
1774826207	3HxBskB82gdtc4gWR7wU6YKAVTszKta26nsprAPq3A5HrEE1qwRtBuuP3JwHBxp3cNUaXShjDWtJYZ5yrfQXR66k
1774825265	cVkgjEDC1UjgJC3mLB5bCFK4E7Cwr1HDyajG5BZZLVhFgBfPPcB4uZaEoPLVbG5zDP254naz7TKSCJcNNZrRFxG
1774825264	5hJi3G1kFm3n5PrzRrbAK7Yf4ky9Fq5enJhW3Ja81kxJBvdbxKQ8iqWQKnLfPvsmE9ffBEkwkXfrMTcNpPguZZud
1774825263	57BWcREYSTw4qBoxJ8HJAGvPzEGWspAQboQx2vtskndrWLWi9v441Hug1ZYwU1XhCAXVhn5xcEsEHgVizUcdB8PY
1774825263	3kvtcwTr4HmcthmCPhSRiFff4iHLppJgP2V9QyynCxe4crvrGtVfuuXRbS5hBZmbNzDJay5LMxNgLVCrxEYcGCkW
1774825226	4ab8wnR2WxxViBpL9JefWE4eW2FtDAd4eZA4Yxv2Q5C51nXi5WsFd6PnHLM7ZhEJ1sst7PoQ9DRPeh6wJ64ZhKtE
1774825097	3D2r1d2rYB1j5xgnJjw38Qc2edUzEgbxB6FTeFrmoyXDxDMiLWw3YFyzW9kEKS3SfPhWPm3WkYkTC1xS6rc1RPW5
1774825097	5PdtwFKtBLSASPxEFb7WdvYsNJVNZEavk7QN3CUyMZJ3Rwa7Nw5KnRDkKaUvGVNBxKoEyEh3hFfoJjt79LLurzip
1774825097	5yX7tTiQuEZfwih7ahXJb1P74z5o4GB4jrESe3XHbEP6bX25auj7zDmTfwRBuanUNHWhvjYDi8mfw4ejTuQoa2Va
1774825097	3JzoE6WaZxtD3WZNiuZwWg4qfuaj2Xh7XwtLDfVsnh8Hi7yEWZQRrKaNAVqta7FyhXUkKvnoSJFtVFMMeQyk73Sw
1774825097	4BD7irqAk2K1NeVscYQ4FwXh6WdUD7vMf357GHYrCWAhoUYWkdrfcW6iJ6yQuyDevZy75NEjyAqnCHAcx485BvKA
1774824671	4of8M1Xuzr2RgSvVxpBVnwUvcMUk67BeD1Cy8JfDQM8TsvC5j3NZnghnH52tR7ytgqrcximppFAuEftFjKMf9Mxi
1774824642	5nJq6D9EXT3W6Cdb83PStHpjvN3udmBm9GaJvvckLPQ9TmjGKLCMsJWZueXvYtSUUupAm52TBEYUJkZ1g5heyjjF
1774824607	4HFZdrYccKnp5T4NfB21PYBTvM97uMc1qVQz3xeE8tnz9Z1wYT4HPRQhaabNDCSZXJRhxpNcN2o4Ry1PAinXJWCN
1774824552	5i5pwDVMoJLreRT1TVnDC1HUp14EgE2vASGyjZXeK1RDUgUy9brp9yXVmJ92V4tXDp2oPgDWSWwSrp5HPuEHkUwk
1774824548	32Lqa3C3wCYkMxEDMvHxFFnGNVx3qRNBneM6cksiQUoHsJzT9wQVYRNcQRv9EGxPdA4SRnNGbt29JjoyCzLd7Ybd
1774824544	49jJY4sobXD3xZP3yFnrNoBWxy2f2aREmsDnHjMMC5WcNF7wLxoUUdbvRqXd1x67NjZUiKrycwk61dy2eTdA9uLZ
1774824368	4MT6fdqnJ427btBVoAc4bbDRd8HmkfqA9NhBsA58zvLGZNNnyX79imu8db4hbn1cTsEDAEFWcefMMk9wKXdBkkMZ
1774824368	5eJ5M7CC96SbLiazdJ9kz5fc5hFPRWcz2nGzM6oWEwjbY8gT6tGVawpNiAYKHLfYg7oHseSZqShGvgD8e4LQFfc4
1774824343	5ruskLbghuWg4NHwzKeMyfVRBBaKTDehVhLpiYwGmhkEqntj8dWJbT4qLdsd7QourCfH2E8cWWouui17bQiP88An
1774824333	3Ro9WkSrEnY81s87paZ1kJSyh4ws7VgXrA6wFzYoYqoCe1zash9JFvhHgcRLfyGxVaaN4dHYwh7QVwb1Y1RvEXqU
1774824333	5hU5aQcxuS2wpagA9KCbRoor2sdDQA3SRk7Nyt58emXFXtukZLKbrD5vqZJft89yNZPxh6un4nGQPnMofTgqjovP
1774824333	4oGDQNThzk3i8aN76gt5PL5rzGsDJUwqdfGPDsu3dFKPXam6iMm9HD8Jv5hSTKpiaK3yX2y97uUMU8vxHiAqBj8X
1774824332	pS1A4r4ZAMbDUyesvJcthnNfg4JS6hQ6hCPj6foi8pYsQCUrJKwWBc29TQLsR33KEkb3TVQatXXKg6hFKBufSjJ
1774824332	3jLLZa2KyRNroio8yjPzUN5gJ1G29Non6mqdbMMyYuqDqJogyodcGUHQyFRGjY4evbX6PwGZtzMMkS468R8Y6UtM
1774824327	KhsN6ETCW58uSHyRi1jMpYk4KFZMPhwnoYUBpML4s5zsVPap4pVnrDjqGySzcWpL4B25zrjUqpWzdYthhnApjTu
1774824327	3PnqhbvKyxp7N6Btyws7perds8aDyLKs23bn1HUhjKahwnMYY4UafNukCRnRX6YjPkoBV8cyDa1HSALEkKmvERpn
1774824319	P3tVUTp2kYx5UtJLwSGr2c9ZATC6U1TNNE3EgovUD1TnqMLovGoEXiKhuKwmuWPAFrXiMHtqQWHkLyaqqu75ocg
1774824153	3hYrVvpBCKbo7Vm2teTudVA96Kpjppt2BLf9NoKTXWfEeiwaSDbDj6H4p8R2hNY3pub6YU4UKck7xNhseSVZpbMR
1774822975	3MRWqVFBZrQvdynjicjgpWtc124zzu6UWkkBWXt2QKPhpGLV8XbzXZTQu1NzUns3qTJ3u5ieThJoPbAPBBZd9o7s
1774822900	291bdZjjJibcCdhDMq94N82s4E3yGEdTqZ3xjUJJCUdm77mGbqt5E5vYYyAx5KEdussfEBePLm4fxC6ZrjnFAPGY
1774822771	5oKwBsCaAS2KwkH9X7AxBFcwL2XEzPk6DHyP6CvYFLvqZWTE3GdT1vjXScCgBjVAR6dMqSDK55Xj5fYnFccWKvFZ
1774822771	3B1abfWxCV3phMZD3QwLCEZEASLumQ7gqQmDs26c3WLU9wVB6tqZ4XkciX7DekrLAj2xYbgdkeTL38URSa44W1HL
1774822769	2vCEKErxZjKdBdmL1VXyYep1hXtczWBEWqUPoatowFrhQAmk5as7fGhFkhqMWrkJdK1nQ1F3CP1gAd3oZTP7Komk
1774822767	4bLWABS82uB7BMPxotBmsQKUp5idRqJHxqFBxxw7J3ggnBpCMk4PnUBsCDa9boT7QKmwHGGVnHjEyhfqaEDuEcaT
1774822767	64Gs4ha4YGD5YH4YnnuFfrneFmRC1w848duyAP77KQnPum8pdFhuEhWtuDYCJLRJ9XhgZTESfQt1k6HMLyKBZzMU
1774822767	eMDwcvFt4xfQh6T27pcMubT6RxaG8JD9w99grfiv2rpEkMoXtdCsLQ7tyRWJqQnDn8BZNk5Yj2C72m3aTccK8UA
1774822767	3atLUbctDjDgHwdmTtCYJ2FgAAQHJLEHP6MgULt16tNXhuABDTVD9rbnzwb8G1p2zz6aABZeTE54RWKQVqVVt6r6
1774822767	phDKRuibrfyfmGmCSyUP6ewi2EHzffpicu9MM7XuV4UwUSVmdyWrd5mF2yRorHLnFQV55GEPNJ5Xo83MG6hUucm
1774822766	457yybgbm8vsKU7wJQm8D8ReUKKSvWMKUN4dWLrBd561bNeaLd2M8n9FgpKZtuB3eyHBU1hiUCzxjcYVVe4aDDL2
1774822766	2D8EZzhVqmEmxDk8KA9vvBippL6mWxefRQFGdKteAsFpUhHBNvNLqSmh6mUPHv2J3EzXh3x3S7qVMhPdVrgxthnt
1774822766	3gAr6jhenUJGJMK6DgqrQrG94XF9KyRtFYRaqta4nw1aWB3r5bAQhkXZkrGfWtPCFXEnomzEkdZVEU5qWeUiBPPo
1774822766	2WA1DVnQgqF6DxuvBz778RKBnjimY6vJ6kdg5dSV5532xFZKZNX3MVhaWAPrHUy9qDHV7TRXc7zsyMk8qaSLaQaS
1774822766	2gWjtpCJsrxDeiTtD6v1koHvkQvgNKVc169ynx7nKWtTD9ZQZVYx8B6kCExrA7ViBWPBztNtNUpgqhTeY8upzDD8
1774820719	61haFBQqF9KHsAk43gmcrzL1FcwHrPUxSfnnXX9sSgNx8pABqAKpNgpqFyEaVLxm75djq2pX7yhH5FEkd8Zuj7ja
1774819994	3kd5C3Xk1tfhVnokMCZY5ctjyhBUSPSofjFPiy7oGCNXWs46gLvxfM8GyyyjtW3AokuDC7qzfx5RxotBDp1QGj7y
1774818291	5jmJpBrW4xNhLhh7hmvY5XZFdv87ckDfaeLDsZRe2daTXB7xLGba9LouerZC8Wn6vRNUTpXfVRNgWVTKt8wuEaK9
1774818290	2BneBqxkXdoMYaHKw9czpbr9CASmWRK47ZtQMD5EAgvH3ssDMAU8kc4UY3zPabGJKQpYo5kXZic5MAaPuMkJtBpJ
1774818290	4zrqtf1NbYdh8V2pcMCkHsBdGBo76hVacAvuZhtwjWseFi863wX2tknSYfvzHyz6z1tNnmMPzP3CXd2HmEbPEzU4
1774817637	2x73FkDpdMFMKGGreJxLfDYH9PEJsDCwVtpjs4NGe2EpomisJuoXtFsyWfovVJu5voPhd6vdP8hZUN542AygMR2T
1774815866	4oixhgHwqj1iX73mKHbCdw5BTwXtfqgxZemY6Q5P3r9WvWB5xrkdzSGSSjzoiaXnmNMMtG5nfFKxLCwxZ84KykC5
1774815866	2rn8oy387sajYH2ntZ8bY28bxdR1aov6sAUtFPsPHbaAocfoPesGDkdZXFKxEafoNQ5LkR4ZQysCLAdAWGKjV78Z
1774815866	2BwmsSYtMPwYHVojJZxuZtj3oKy7veSphtnRFsRSeNV72FWVhm9oZdFKE8Po5WycN7VMKPok36U59AAnwhCqWtZm
1774815651	2X3C5yFUqWYrA7acntG7R5RecsQWqUeZn2dRAkmuf5RADbqnV6scrZRuDAkdRYAHHMAnGSPiMU44GhZUDcf8MCBj
1774813517	24dd4WqpiSMVxPHuR7EL54RgZzZmjcvGeqmETaXcHPvo79kF5o82f9ae1rFfqdzFDx6jZipEabMaaMn9rqtrUWUs
1774813517	5S8tU4hvqVtf1ZfpXGFPwysnXvTc3iUAii6ZWaUAw9kZsvZx6AXoVvD7Cz7eBZ6CpkGw7v4wvVWpFKUPyp8QDcCi
1774812251	5teY3BwGEZBbW45jsY2mMCwmqyLJp1Qb9JU8pvaUgVyqFccBtq1eyrw25ccLS2bYXWPrQFuVn8ZBHkFDVp5kMVY8
1774812194	8UVSrmGuwR5NVTLuE3n1Kkn4F2tVLGzhdohLtr3Q1NnDjiAqcGD3h6CTFAQkkCP9zqDt8NBWU6DB6ZRi31YQ9sE
1774811838	5mtdvnKnRwCtTSMK91Fzgg1UiPrLU1mWgNaX8muwW2hiUXhYrNEMfVmM6jv3PXskepeGKpXH2xZUo74tLQnCvu74
1774811838	41TyYaQSCoQHq3Uhy7sSFk4CBEkBjqsn6fVM8rZNdSMqbWaEwKZ6RK6nrK16nrvaESjTk85imjZgxh6qpHTiG87A
1774811838	21Y3MDmrMeZ63HWFFnoDbZRoWqhhyVH1URhdzbp88ZhRPNR72EmVegJm45fK5VQuFF8jbczQCxfPPRmTuN2Kj1Bn
1774810889	H5ZeEjtzCTtjrRM7xmXov9JjrhQLhTzeUbA4k7CGhPdVdUJVm5kG7NcDifRPHNvw2isu26JoeqAstCmHQbezAaP
1774809308	5zdmoPNqQKrfu6KQVQWpwk9YwfLkHKx8zbAfxhwmwoFvfSLQtTe6SfLuJTEZPoWRYYMiLFbVyw5pa3KXX14hsYVg
1774808976	3cVmCxByHpnYGS5e2BZoGe2sZoERjqHkSdNP8pXbCdxmJqbibhAtFCpx3JpJRDus3Q8V7cTg9uahPBYVigB91fWZ
1774808202	5P5hc4vYj2QKxfVVZtTJSxY6LpiF61BJKcQfiq4d7T5hbnKBRBd64LagmAMsbejBuf6KConYKMQdFETiNZrEX7RT
1774807958	4eNYqAQoHVanSHNeQaQsUVCUxpmCxowhUdKhrQntYa7yRNSBqvxgg4kYvrXfbuwQJ3XMEe8uA58DR2ofCrV3nHQq
1774807844	51i8bcxJxzZb5UnqfhWbE93iAMMAFGshbdiBoqYbuC6h4SrqtSVVQMZg6w8hrPgfPYuneSv5xLbHtiibL7ijxsrA
1774807843	4YBMdM3Ej4CPh85sJeYZR5F24YoGiyfHmfws98QD3svQ2LEhbX5WcHBpfRzVVH4Ghgy2tTLtdUUMmbgcpPC1czHF
1774807843	5Fmb6Akmdzgbd9pyJwSDyLmubhnX63FwCFSyd69Qe648LsvpUdydFYTSKYkX56cWkva3AmvtN3UNY21Ksfa8JzX2
1774807690	3urqN7EREjK9PcvR2j8SSLJjVBfuzN3XDAudGXi4jpKMLtfRsjGRpwahS5Ytvh7mEPCz8RbTB5CnZmn6QPRPmjkd
1774805441	2bBRYnLM9P7VYdaDWHdxTBxEvFzXA4yELBrtpTJwUaxXMi2BLQR75ZsNZ6jL3Fi13ND6iqYBGGcrRDZJUr586Uk7
1774805376	3KwESuDQyg4oGuxEou8fLZBxgNieXW33GjWsMVGgZzHKgxbH43UaPGBv99CDvra59wnXK9huZBB8UMB6faEF8bJD
1774805375	3fmUPMfeYxDo5EXGtpq5cqF3gtKBwjGuCNYtAiXnWApQ8uUSUAp5TZb4jpsXpkDrdDUkwdfW8m2pG8B7oyFxkj1q
1774805375	4c5sQXoprfGof46KC85vXBWSr8Qmd4z3ST6Vqs7WugEdFK6PuXYbGxFzfsSLzMUJLkQvg3LhEps7FFyYTTKcywto
1774805375	4pbz5yriQ6dmFhv22a6foKPaaHAgigB9XB42t1z5njLJMq6JKWyKWBsXxGTLok7a2FZcbG4q8PLTi5mQzrYfzEyb
1774805375	3535Qgn44RG6jg7sRPJx3RhkksXxnYYfcePX6pMEzn9LXXfb26qbXGEky6gdAcXQdeTpfeHDv9JV572mDyrraBDL
1774805375	2nCYNnDoKRdZDRGZPgQ86cYfRLFcR6dMVNcyGJ6CD8qc95H8sqeZun763vfqW6haHShdWAydCn2xU1fL5kYqaENb
1774805374	4A1odSb5MJhQTzuFbhyqAQK19NXds6JazAu5aRQZ7gMrFsUA8dajRc2DZypidJfAdGtPi3GXC1DTyAF76EZkmPWF
1774805374	4p1LrXBg4SATbLoWARsQXXPpYdURqC9QJEenu2haczsBGasLC2rJ75XmqP6K1wo1xMag6YiWXWfovpA9ahPETThi
1774805374	5cykA87Rk5W5Y3QUL2BDs2EchzseyT69EWkqvGwUrqwVFcrGKKXm9QhdChPXLraEuB7XfPJPFS4iDdF7R2q17PbJ
1774805374	3hHGjPFZbu3Dfs412fqaonbPb5x6GY9N6MVYpMRDhdZNRqXhNVk1QFw925MFpwdHDFk89py2mQsMMpPGoKs1Cyxt
1774805374	FgCTJ9ikUQj9xBTT7UAHrzc5dfLdH3LNRDTt4e5iRYgh3zonZfTdfqFcHfkq1d8DnmJfn1RsJ1wywdcZiAPpqfU
1774805312	tbtG4jf8kVQ5nBfGdrjtnjtWhDK6X44VnYU4TSXMKdciRoCqex9ok8GuvD59TGKbGBheRS53e3Uge1cANeRkHfJ
1774805312	Fp16L4q1iCHFtYfRRFkeXTkRzPMWRT9JFBYzPCCK59G9hM4BtbtqKYXAGiV5RAntqHsK1pfyDKkzxQYv269xvjX
1774805312	5sn4mEV4DXc8pwJog3Jdo6Gxntr3fCduXdHaLaArhnyrJU1JjgWSL9uGimjYsUwAYGHeE1X576RDrDqzKe87wJKS
1774805312	42WQeY4PRZ5fxtHDHFCVjQHgna7U5XcPgGY4eqqRtsXxZLW9SFF58uxkUURUFRt1kzTQz9yj7sUwKYfXeijvqfg9
1774805312	5WYQqSNXQW1r8jUJ2n3SoemFFmoF6vEWb17RVJaP8QdGdFHqsf2y6zj4nRj1XcHPZW6xLNb8WxLHS36aTMpSAiXb
1774805311	426ZTywqdWWZFRxi4B76rmoMi2fQBebNCnWoyYrL2a1YFiRE8Sp8BaRhUxUhWzbN3U3HAvwnwCymb4TCxmm29NSQ
1774805311	4e6bzm9b2oN5widiukneBUYUF1q3ki9hwepGfkYMeKwRUmCv14PWcrnjukEP9SAN8ZiJfYWLB7WcXRLHeZnFnQhw
1774805142	1XPqZtv6sP4fdEe4DneJgEDBGa1UuXTANjT517KkCEbJArKHYkcaTRpo5JyMNZG796VCAQHN8Tsrud31XLWmbmy
1774804953	2va9je3QTm8YzJQ3aBHfzoNk7XYVLLDKu6VCLvgF1NnRvrNDX8EPE371jCGRnnvmmht8TSxGzdfcn9CjK5KWVp9p
1774804935	2RtcyLR9wjku55g7LEieasEVTBo5vhRNzb5QeQnyjKJSYpK2kNYW5ztLTKewYa4J4YNthZDkxgc5Dz6XsAdVYQsV
1774804933	TrDM6LRjWjjEHwrbTuFrVdJZDZsWmc3NM1RyksGeVbX8Q8vcj5JDw76XCb5y4BnG29SRdCRaVTNyyGRm9fwinYZ
1774804933	3b6dsK9DP9fQwgEo7AdD3PKiT64hRU3s9hdgZStk5sv5A5mnWLZHQF5NBGMVW92bujKVN4zhnjKeYNWTYcVyrZGw
1774804926	foSgHwwpQDgdTTnKxP1TadzGWbqN1WUkcLHpuXafas99tHR8fRxsTeD1ALFSTPrUqyv4y6CWnstuC3oZzUwtzeb
1774804926	2DNrXcWwfuKUR2MQqPKsU92ue9Vr9c6e6LtmtGuVz9WHZFN56vK7ATN2hFv4QzhVCtHW4t18BSLyMYXUjarqtB8q
1774804904	4M6YPzT2t9D76brJL4yP45NU5aiokUHSb4om3eik1Xi26UVp5tGk6YkRcxJ26RG364bXm671A1h8VrLU69USpryj
1774804841	3CtFCHqTPmNuNdNEzQMhf2cvtcV4UpqyWci7ivziV3ijfvgvVP76gy5fHfAW5cvCNQUHjck1ri4coNsbG3yYJ5yp
1774803813	5WWE4QMRGsshicFoFhXL1zPNmUEVhP2mW9Kxz1LWwWwN3WmUZjaCBLK7xFToTdkjkYotDE8CnPxdtrf2gtdVM3zr
1774803604	3KBad5JtUn3ETzTXfSUJYbjCKGoWtLJRifuEMf4cMbGaF3qzv2bPixNo71mba5Bp3t7BgLCbkv4j1EseQTuHu5pp
1774802958	2wSeqyv4StWXx3TuFjBrUdGfSN33Vwz9urTuBnpHZeQC34s4VNSDMnwbgpKsCQMx1s6fYDuq4jJx9mipiNETLD4y
1774798828	5RifRAJtswbfxbufKn8xtziN6h9HjuycEWfSNPX82YXL9tk1NpKRFstwUAqK1VTje9tVtLJjpkKz7DUbo7kQxGx7
1774798448	2UJnJXMp22Yzyfish1AL28xKq1kxaq9uY7wwBaovUhM8Ed5aYP5mFivLwsfNvysT15mfxdMjKbJSMKytvdmwgpDx
1774798071	7j5bzXPGPc29BPg6JK2WLyzvWP4q1br3aG64DuH6AUR1JhNBCou7q5fcU8rX6hJgXYYX1mtZFexJYhYn8p37baK
1774796032	2KrhgBMorD669yzLP7QPEzWbVANeTr6uHBYrMCzBN2G23Yn1HLJ39xodWxRVzo4guSmDqJJ3eeWNarJLgUDGq8kT
1774793352	2g2snxQh4mp21c6eyLt9DHKEhv7YHH1vPpYYsBayzcEEzVeu2GreTbVgrrbTPss6PmQAvc3KyqVqZNG6VsnMeFwn
1774790126	4nFsi7LFYdW2NpHaUt3fSotnTTNYq6ra6fYbbzSRkV9C15ZBd8idW4w9pTLWb7B5vqjijALwast4PPgdBfPT3sDQ
1774787678	tNE36GAtrAhg5PMJai7PxudSoWgATdhsiWJEfqBPHV5z32GPeLfYHDFDik3oSdVX8xrrXkZzLt1oGb8U2DeE9i5
1774787509	5U2jw95Xs66LkXn6pu4LngYahJpzdmLKsUicvzWhNVqeXwV35xD8hqyzxrRqCJhmLNW6XPGTxszabhm9cSs9HooV
1774787505	4SRaMcoUJZvZY2N5tE4GqpSHFsTM3SCLVnXTMZ9sBr8TpDhRb6m1wHBqkKCHyMy9i7ojzb66r7bXytcT2k4BueqS
1774787430	5nVGSAXsY9WzZzxmZVYxE4Go3EiLPpZVAqHfZoJe7wg41qvc5jo8ZnSkTyeFmbPX99VBf86UKxDmMPxwsPeQ3HG1
1774787394	2Y5uPMBt57fSewsHaMsmuFJaHqFdi7GHPQERvS8R2cyxRK3rNMKVXYWzJRKSRFyJLByJsC7FNBYnB6JW5E7yaFeD
1774787292	5EALfNjDefpNU5SutE5K1cqWgNRGQe3TjbB5hGyUsBu5gskqv942B4HqqoywgAvuS6KB362TNwe8TCHKZ1ciPQ54
1774786841	oFZeQTScDpXtGykLNfWcjHK5zV3sCNxb5asMqbwo7ysjtTy2zpw6YSAc8pmC68EsMRTmMcvfX8UHojeoP6f8Ezv
1774779572	3GWoU4EBk5DS69AqtxcSSeC8fgS2adgvvf7fSdf1SkBL9bCms6tuzDffpqigvMdGFyAnnLAh4pZTToc4KtUvGsyA
1774779461	2WYGG9zyxJLnNT2mx6FdDqL7e6kN9X2uW9eB8R9ir1931vCkhPL9Vxx27YA5x9U4g1t7TnRJnic8oakWFiLpbE9C
1774779440	2cugWaSxKhessopHfsAf1Hh2Kf25KNviisbeGnQuAZAa3FBNLnPqyF2kL62xnBMgmfeYsGx4PbFtqQKE9GRuhReD
1774776334	4Qf5RG6qNuAT7aq9MUvfHvgkDA5Q4JMJnmWK4ysSCgue8pVUrHk1PRGvBRZ3mThF5Cy2YpCZdJQJ7qVhRU7W7KQ4
1774775715	4HWPB4nuWaXBm8V959kDxAPBZ8wJpewjsA3t6r45kTSABGYWP94TmxjETKYBDzVBbPeYAUQAAAsmGwDAgLnDHFeK
1774775715	5Svvw3i8fJAbXWU59n7Dqps8dv3WRy5ErUqP8hynQ5FA7eksetsbE2Trq11DEw6gjHK8967TRyB79gdGmuzvXK4q
1774775715	43R7mVEd2oXUx9iskyKkJeF9QtMxDXLDpjj8LwoymYaYQZrSoJvwSfKod1CYYe3f3sYTckkCcnc3AWER8a7gV7Dg
1774775715	eLrxUcame721wJKBvzPpPTE49Nb25HLJDHerAWFi3EHSphsdQMVo5jKPtNqtAf5PN5ZdiQFWixczYkZw6vjX9my
1774775715	4YeGGyqJmSGuMtheaHYY19vA7FBfSBaWJ8vYJNvj2E4nEc6oLSQLFBof7ABrpUk8Pfmk3pwGnCgNnJuS2wS6TFcg
1774775715	jkkEYBebJt9FD5e8DkukCbtsU8CbRMMuyDHK8ptXDC4zaFvZSBrB423xrpz7eCFbgbd9rNK1429bPZT9SUgA81L
1774775320	2sg4g95ArPyUJD4eXPiuK81gHb1kcuTgqwMfPKRoMg9aQ7puVQRTBDFMfKqL4r6WAH9HHkUJUVwqbB67Qumo8iKq
1774755015	2KEnzH32ySac2vSRqNTqKhPAumjYBhX8msNmMzXuDTdYEoRh5heGw8ZBwczMMrtPjNQgJqvrVQwgXLkHdv3uB9eo
1774745612	2xvNX9gbaDZ5cYMepW5qR7NSYmQpHkFFMoBext4m5TPThwgaamRegLySv4mMcPsV7WXVrwUma3mortJj4mooouLM
1774744075	255NToPxWu6MGrwp7HKzRUqFZnEVaS6FoyiSeFjWUeF4GHRAv1P7AvF2UUSEgicYo3a4fody2ohagAV4Ryv9Ampn
1774744004	3HPuaTeFAZ4ZBxKfgZHA36urUfUHwnmG35NChjdCgNaFcrpWN57Vu1qBNKJ8Tv3N5y58vC71Eeg4zhAwTr7eM8W3
1774743581	5uuSWw23QyCgm71D9baf47sQ76Ysxf1SXRrBPcoRgxpww1F3hFbu44DjkDcfwAYifYxuc3XMoU7WyGqrUMqVNqb7
1774743341	4PHsrLNhazymejaDyJSfQD1p7BcS78BRf8ZyLm5NjzMgC2V1jC4cbpghV7KZSK5kzCWFpCZPkt2DT4cWU8Fhahff
1774742394	f5tB5VDrLfVie3rC1f3LNkXVu8MVoSfVrYUHj3oCUJn14pgQCxhek3XmEkRxCvn9u26JRfoaKVehs2NNY9RBrbT
1774742374	aPePxhAYUjkLNo84bKkb6ASwX3kHMemrWTpdJzQMzKryezuN44tVqS1i4KoqT9eAqwdAxGmgFRzUUxcsP37d7eJ
1774742127	37vCGiwYJrJB9NGpAVcpfSN4em2ZnFUfMHCTm2AE5kjiu5PRjWx4WDnSu21P62WE26X1wT6zaV1mR3o3rVTFvjAn
1774742059	2SBGzx7vf9eydghYwec6no8neNcPzfNWUthCgHcqydsMQNhsccHybb97y4pirdsGRiPSywjMqT5mspJypWEfD9DF
1774741917	34MhPcYXQCykZumS1ziNAqQS6sfNHZ6RxRkG9UggqUFYjg5Qt2Gk9eicyZzttN4YsFhQShabyGVH4JGsceiTXqGs
1774741764	5Wbv4DbMGVx2SHtKsCFFKKjCWmbTBo856iL2UNUjicJm9MFnumRQmPB3822eYhekuym4Si11fx9DUTPoxWCFnksd
1774738395	3DwgRposvjZrzvLxAZTGPXparDv9EvXRxAUjQZfEzhjmeAdCRwhLPLm5ePZ9RrDZgzMVUXepMK8EuhnvgJz9tm9k
1774736382	yJPtCxrVRWJ71cq4nu6uqjDRv7J66kLrze2WGJL5k3vVcS9pyDcm4scTgj9SwUd53QpP1asKdTVPAN3hC4sGCsL
1774733837	32meH2iGToApRfaXfsqgAW2s1Nef13uNYcA3xuvWz74mW1B6UoSvR4jd5UghatetQ3VoAW8FCcsT6vmEi8QcRedY
1774724803	3HKMML2qzArrvWrbZoGpNKFHjC3iTpks61eTg6pNGMpN5z3nK67pqwRdcsW2DLxSVEUz9w2oLXunhftrmhzKtk6U
1774716060	6267WtRHvpRQYxjTaka4jQ4VXJY14kQn1K2rQKYkyn7kV37gvLn1gUTk5VoBpfVjberxYkyPU3pHkY8q3DkdHyea
1774716060	YVEd236kN1SbRaYLh2no8LyYuZMbCM3QoQrr3kyGnkhiANBzznH4iJbF9oZAmXMvuNVXoeT9Ba77y9hbt2Sn4WL
1774716060	5ZxxLL6RaKGZejVAAnAvHedFVH8jrb8gZErfhvEMkAS2Mas9vMaDLucToj7GDxnWTBAjVauKd1byUz1pbKHx7xeF
1774714750	44FtSZiTSbgrTi6JBMtRMmbkepP6SoSQNxFr1SMDQ1ZmN3h53oGYBKjbChVDYtf8HeRxC4LV96Cpu6wPWUJA1VMR
1774711218	4qB35UfN19VmhT11H7PUCZyJSDwb2DgRVJrA6Xojd9XN9yrpvnQTi5NbQ7dCZJQJdv9eBPvgKPZdyzXcDACaZbzg
1774708321	P4ac8EVH7qsnnhFnSD5FsaxXp9k1jWPwVTcNJbz984yGfTkFTh2HGFUsrXWvND6NpbgWYEYkmhQ94FVtKSjjnXN
1774707589	32UdfDSfy9NFDcvB3jzGfDvxM8kvGqpc3H381MANrt1PCVamRdGf9T4CVPS4dVpTqjGZFtAruYYynQ8TVHsuTixx
1774707502	5GAMtXDiXBPM1PhxSmPeMsgAvpqysghgKYEZz4tEXyjTdhWDvcHHjqvm9mPH3Mfd2egcM5iTtnZLXPvRduJecTTS
1774707501	4qYLe8JZi89pKxZ14mgWZNnCmyxifLsXtXwAxUrHx5iXZCdpQd2uQhGU9H6Q61Ht48mzmi5nwJ7Nkd9aY4amwcA6
1774707320	3eafTNw6Jt3BqmGuxGTZ8SYT8eoKyWLMr6ZGRAPiovdun3azAtnQPoFtLTygrtHgxPHwu6ghZrjq8EWvB15zvGt8
1774705315	qoisCGfDUV5Ugc3rUJuiQJeHm9nCZxideW9XrGdh4yzWUgakqdKzU9WoQdLGXiA9QnVmtoM6L7ofhAwUWLAMnFq
1774705314	Lwu5dbdpnxZ5SQEETXTMUZJjRzjXPQhhhjseztFao4yoC72DWRi7Apy7j3svFmGFawG7DPJVXtEcymgWnjc3QwQ
1774705314	dzAdJMrnH3tZpkXQp8jL3S5iD3hdFgMs2Ts1ALpmn55ibntnJP48BCBwQrpzDeWzj2hdm5B6kGVwENd2Q9wvpCC
1774705308	28wCkNcXSPzsAjDwrnxCoDkFdJhM6PEoRixCxyEHEnD6dF3WoajUXrLwBnxgMMhfxs98ZtBoJnUVdfdcQWKWtZ8m
1774705308	X5HpfpmUYgoLsfcTBa9SdiLYrpsrwaxKCsXiUgBC4Y3j5obYM9k8djurn2PLf3q7Y9trLhF9PKBdozdATBF4u5w
1774705233	5LkBdcdDjh6GzDrnwBvRY9i1mxQWED3Avz6ZmhxVkEjvJqnbFhDQ9JPX6TmmhGHoudvATtd45UpuDVYtMsniaNth
1774705232	4mFeAzFYdDE6Th7SvqXFTEMDnJqYSeuQbm1VzQxWDhdxviWtGhfXVaK3W83aGzzk6rX2AzKysEtpR7NyuQ1cdvP9
1774705227	5LyqCUJ9tHfZaQiGuHVcRqMnLwf3LXvnFqhdpfN4hGgzwYE2918QT7dsVC59QA66LBjvyZbB2oMYPeaPzXad3cT2
1774705226	2RbRoiHKdvsDu4Z7s15sm8AAnAZaiCuW7o2gs8VXSwKXdAxWXNP927AmPknNPrLaqZzNXYk9whFvRPS31d2rVEKD
1774705226	3LveFJQcgxmQiskYiCGRuhdwwKVo7Qs9AZ6xpKqRWsNFBz2BMkomuefmjGioW3d659UySEWJDPYZAThwVyUd8WSP
1774705226	5pHtCi2XFFCubFhT73Drk2mjxNBMJPS2SYKhotwELTamdT4hcvMonFNq6nB1nNqACKD3aMca7GJmsCCL3P3Rs9Ss
1774705222	41Db9TpPMNDjMkYB2cbBxMUA8Ntc5rEtzecCLtGiVHLzk9tWbXipBXYzk46RAUG2tbL1XgVY5tKxp7pYFj7YYcTv
1774705222	5K5mrvFqfYEN5qLWH6wWU7waVc9xr5fwY4Wjrm6pYgPynrYN8geFR3mGfdso97qS7jUnFjxH36BZXzeA3BbvP2Qi
1774705222	4bJKAeteaG63u8VjUz5kZpNG5pp5AgET7DCvjNw4MQHxS8Ex8qCs3N5yf5WgNkDE22uDp963vdJd2MmtjQE8fPWQ
1774705222	3RqG21QS3zCzKrmKdF7gK5CNa7ZnLLeDwAjzyAZFTiwCXqS2aNVSPVMUs51DMTw9pdDMQjZsWRS4iGo57DXJQ8MW
1774705220	mESDB2BWXoV9yKFFp7D1bc2K8G7kcUJJ6eHq3FotgmURbRF3ktH39odrYW5RPadN3Fom9sRYrWdKhaftDHuCKgt
1774700672	5avkSvi8sTMTYkcmWuwBaXDnGyAQEmAny4LTLGvZEJS2EYTCKAPCf7a6R1n1GRmkXdEzf3vTsgbNVFFzhJU31TU8
1774699596	MmpuK3ie8i1Fb5rDVq97vhPGgGNG5ZV8gxuprvrsBzK1Z6bBmecF6do9ZUegYSsdG8dcC8CvFHaJdwgQ5vz1rqP
1774698974	5nRGqJWBA6JkNtnePhZeU9okfjKKQuYtN1E8oDCFXZgZcEgHgVYeySSxicpxurx4u55xxJZ7nPCb5rpw8EePs6FN
1774698973	2XyrG4arQhZvUnujXw94ctMoREWP8kE6f8e7sthFx235LkoNrbdPPbmEbwXXcmWSiVdUGSXRUwzJPC2hxVWYW1zE
1774698279	4W54hsPdyABnigkw9mDr7kAZhMmZ7Q4S9Bsyp7YFwmaxdVauHYKUYEphGwz8E27EQrCw9VHwDA47M3qBfZyxDCUE
1774697690	5J2MF8DF244SnpdrSibGyjZUjTGeiRBsU3yRNax8zK2PzroY7ZMeGA8HCqy1DYXHfxsVqV1EcspDteRr8okXhRox
1774697116	2of4rDQRxSteP2mQpP51pPtCyVcvfV52GwatrixJGBLqLKxPLrQcdYsooTcVzCBmHssqbyj5PERfeG5SPoSnvuZy
1774697115	3XuGiG4LW5SvRY4RhQPqiGC27o8XWqAiFPSQdLkozM8qKwNqwbB287GNyB3wBrkJncVpmpV4Pr5yRMP4EHudPBDr
1774694580	4XhgzPR3SkN5R7nKGw8PSci1cDAkkP4brKZwsETS4eGEUs72Fdc8BamxroG4tpp9mSSEjcm12JyWmnUpFriNv8aP
1774688475	CHEhcvsYJhzozef5iPESowCKroHmj7WxDULEGU7BRgJA6P5WbTyq274kVtjS3tU2rEvfguYFiuTeAujacBtdbNp
1774688474	5D1bJsvo8KUVAkzMNWXF5kC7TzZr6QKjoY8wCuv4KZuEgs6U94WBAG48BZCANxBGnJwysUPhY2z72d8K8JTD4Fpn
1774688474	3iFDsEg47tbVsjtWofcMcGS6Go2FfpsNjkjKr6fzux9WnfNYNLMLQ98nEftJX4KJKDoXPNFjHDdM14eEf6e9V8pX
1774687032	3Zx6cdeD1u8qUeMR7K14kZf7o7U587iFgR6AfAw1dGoHDgjc5q6GAn74vxw6PPLcF6nQJ5pWCJbtuhDtTqQZYvZS
1774687032	2EUw3De7SyHuBeFMib7tHeFEqoLuEHUDxRLKrPmdNx7Zk52AabLKSELmpeyDCCUvSDF9v1Gfna7YGnCz9yzKAEcQ
1774687032	53PT95ygkECL4CU7p1upkP3UnGGJtMiUbz4SimQMQzGw3VSCWwC1nhoCJaoLW3EupfA9m62gS7GtHXb2YNaK6GH3
1774687032	Qx52gH4P5Lm1BxN4Cmx2ed2AkLKMTSsVfpsnSTAKtJNQwBjEgFHmajBbvmSmqmwiRSdhRCtHN6peJ6jBgFUqWQ9
1774685954	o99YC7paheFLXeYr593ypDsLifbPBERPhyPZpSRKcmnEUe9Hnp1vxkS9nNcwidBEq85EgDtouEZeQyZo66CNzWY
1774685876	42vXxfhEjF7Grc7XqJJfqCBTdhJXiYAMFUHQsvCVCYoekjpv2JsPxLbgpFAR6FMfeStdtvJ5h36JQYrRj6ujT41k
1774685875	2rexhh3bjpfwkH7cvKYJoj8E8BQLzCotRf1uHyHcF7oMpmKSAxMkF1Wv4meBM5N392sJfTxiEMnQ3EHvbeSa4jMt
1774671625	nm1Can3G8Bv2rkgFykH3Ngmin93Bj6kVjkZXCognmVURRxn653Br1VVApwWgVwrgr3Nn5CtkbithtNCE5XEXTop
1774669433	52hhLp6MFpU8uFEYCMX6B2Y7XP3848dy7tviinZZ1A4tNFgEFJGUTQMhnc3RCKkHBdPXoeZiVwURNaXQCSgRrdHP
1774668075	2M8kFGnva5cC1FJ79AXzYPtMffYVDQCXwWE49ZH2UAdqnSJXULDZfd9dAkMEhpwirF5zNTwgGFSPMDTATM3uiyrZ
1774668075	62jwqB5DumoAxzEtuexzeCs9ySWEHpLrbgsRVFoPNLsesT24YV6PkgWnnE4q1fATsehVS7XuCgbpRwJk28DH3iF7
1774668075	5GX63dPspaKegNezY4dWKrP81R5n5du15WT6x58WV6BacUC3SxRmk4KhersJpGsdxVd8wqh2ddYDzeVthqrLq9W4
1774668075	3dP7C3Bv2mhCLbMNR6jETrHcgUJ3SXiQ84BPaB1t8kTLZoyqnjNbzS8yVgr6MaRc1UCRLyqdXjhxTGTSaWs3w9L7
1774668075	3AoaxW9XS31uiG5KPTovgeCjcPLxLJhPEBz9erVJRHERSTCVqpHjXCgVTLrzfaLnL4SPHVAFGS9CAbSui3AyNC1R
1774667336	65UKw1q2YTSj7NamkHgX4wRWngxEmrwVj4k2aJmmrwvohNCCNdzCSQKC9QxWCcurQe2qvchTHiv6EwuQoFrxbVAr
1774664896	A7tpxvFCqoMgTgVgF2gojbwhwFSxMnKgt9WfR3PF8LiCXsnmNH9RpvLSgo3SYCAH2quTxxduMfhzTQBANyL2w6y
1774663236	2Wf2ESFYWkpwbPZ5yk4BQ88j6okjRH65VZRNeLLFzZW1ru3kyCFFdyhUSCijFyPZ48LFiYZ7NqWnbZScx6rxYz2g
1774661421	2L8kNhvWwnVbCNgGkrEPF9nyJSDR1P7aEgcpJ9YygknU9UuG5GiMhhnBBvWAExfB8xsUJCqSVWjS88VNRduc6U8p
1774658058	3cYKJ6PgeHurbfHX1X3adX35gnCayufSJEnDDcoEG21fYCnv2LnnTPzWhxv6ePeHoAVANNnUo7VPHFQ3PX8zN3Jq
1774658057	nnHB6T7TRSvGwEDw36uHnHisrk7Bd5QFTE27LV6dj1busRVQ8yvFUZgrCwh3AYtMfw4TYokGmjPkrStcj6VM7Pw
1774658057	9WqVtSG4pKYQG2MAmf9kHLaCpUNE6nhBy12MsuDgpn48yxXyASxgLhMuDEGDyMwWs873u9q4QGbpLpQkmYsaSdo
1774658051	3YGyS1WWkBnuJf3fuL3pFYaBeEdMkT8FitLNj3GoL8ho1F8WojaBhxzqnfPCCUXDmYQiNgAMpaBRRiByxuTPFDTW
1774657506	4wdsYhJneeg1C8Ga1qBNGv3uMfcQUA3JcnbVsVDhnbB1DH5SFunuxKa4LHktr6ri6Aw8y4tXujY57Lu86QiDxiXz
1774655782	2cWWnKnBJqFZd9e5EpYjqMrW15m7bYaqvekwpoymon17f9sYqeosLWt8U77Ud6oBXyC6XTXdQSrFe8V7wXhTkgMg
1774655782	mxW9jTM3X21WmDMyagMRs5b7QkHCCc9HUWNHEBdLPUdgj5EhFcbLJMXQnzngKupuJqdcwNMQTU8uLjdXj5atch2
1774655032	4tkaXqjtsAmnfy2oH5NHuioRWcZCdg364jKMV6LZBK4vxiiMgK5rqrXjdP9SAMjNxrNwD5M8L2oXon5esDQkdcQz
1774652569	2sogKkcuyDftz77LQNyb7bxcCgz9kzmAWSyHQLidvm4HkRxDode3G4UnqYJXXVWHD3c8hFbjUiU5Js7qiRJyMUGS
1774652568	5udHcrwQppiENbBd7zMNzpFDeEF78VS3Bh49QBTmgQL5wydkVpsFJuhjcc999hAGwJ99xBgqC9SyD5C7Ddqo6qGs
1774651942	Skh6hmUvc3VUw2Kv1qhgNGT5tf8tZN6dtbYFcVJvPHarcW2HGTLNRV2rx7GBJBmjdMwd3zsLhZQrcJ8xwZisqJC
1774647835	4eiy9TLYjs49p8f9a7BTdN72vgTkt6NKQHZCn87QNYsW1CsJbSXzDwyZVobVN3voFYAGv7Lx8FS1x2fCnLy9DKDe
1774646896	2MUFMMg4EDBaJwsP1LaZZSikzxzh7yn2rE4jfufqF83JxH1hMPnd8Y1ydzqAr5CgXmaGBzxrUvHr3Ny4UwD9qMyG
1774643492	QbDRMyJWUXtWLi5CBtV7Kr6pLh1MBk1fYT95vuR1z4mKYjH4TkjPqd6EYp4dNxEyU9WnG3LAvaL46WFAXBUx9wc
1774642123	43ZKu7wDmXudf7kroM5Jdxf7sdkGEWEm3bACVs5nqCQG7HvhkisbmB9sVwgnumZqEWbmS6sQppf2Y8kAbwZJ3XqJ
1774640506	4iDGpW35oadNBvP3AyujhHEKC8dT72CARCxE1isvhpVVKt7seeww9vCNp1jthAZ515YYhkpMmKvxRaSXzuvsZhxk
1774640439	55CZokRCTcicMVFcpQERgnuLdNmB3bHmqcxV7DXSQxxpdQtmqF8Af4LesVPCDTx6XzaxAehYjr8pMZnEyEfMvza2
1774640438	5azQ5UYCfe3p5YEwLrprCJJNtogXcfumE19xz8Vg7JFX1p8XQC2F4KaVBJbUCYD23vS8Wjm3E6KjV2WnHq7aNz9Y
1774639693	BfK9msEqGSJA3dE2mSM6fyhAYyWDsRmKPNrceKmc2W62drfq9qLurnFbNMGD7GSarkHFVseTtqNqcjVenFS4WiV
1774638592	3c38GqmBvZJ3PdYcn5RrZeNwbaagjdVAVe41bVqRipWZLFY4jNde1DUYsgYzQZGv95ptQiNfk1EEsgFxbGwr5zuL
1774638003	3bWJ5MVrV5VQ6jn196u8tXKXvCADpP2aKc68w8Toix5snuFAjkAt48MLDatLrwhjfeWe4BMy9Hb3SGJdC1z6s3ip
1774637977	49DRn4fYQttCzwX3WoqL7fMWZe8f8y2WGcA59tNuGaZkgxS1L1HoiouJ3aML1Hm9BMv7RAjQ1TLVqEVyE56hXC1
1774633188	4TDwaB9GDHaJUdbJLR5hKucDeesgWW5wFZg8UcPPbkQHgTKEfBpHgTyknPoj1Qrm5aJgeDLBoru2XT9VYDsGveHu
1774633186	5hBmtGhegeMvoh4tEX9EYRprV7pSLp3QWsBNLJYRGWtkedxomndmgZRr2Xh6J59EkrszRC1jAy9pKXAaZQUF8Ltw
1774632338	41GsfwUuGVVH7DqXNpZvQbRHRbQmrfxKxDDLTjzhb5Szvhgfuzre2omQz2ndh3PJHZp1xfC22mqKTcvbubPv8JzQ
1774631732	2LzEcdGYbapXhHohBYKt436EAUtGWb7tANKPdbrBjUQt2kSBXSaPaMDfBCT42o7GLQXrzKBF5xxXern7VLqNJuEK
1774629821	4ccAo8AcC8dD6Tn5dcqzdG1EspxW4RnwrHTMWw8QcmQS6TWPCbxXnL2yWqjexYwFz87DgEQPv7kpXLboRPf7K1Gv
1774626142	4hPWJv5CMtNwW9wbQZm2zkpbFE2Jjp7F8nPxYdFxpZjZ38vU1ENGCgLgmmW5taNzeVmK8CRmCndVvg9M1VZhAax3
1774624419	4pKbLKuEA1djRPfvL1Do1s2CBr2qhiorMeTs1hTSppUsFpYmqRRJNmrGY5wRym9D3TtokqdKVxRi4pu2sfJUSYTJ
1774624224	U2gt7kFnYcXsBvawwJ92TUpB4BjHyUZEFbVRp9ypN6hXbzWuiq4Cbw9WCqWhiERcgqmN8NbkEDaMNFixAfSao2W
1774623482	kBmWDSW2yansFfKxmrQpwe5p2HbNEbGdmLpEsWGzuvN4DC4zUFpu8VgSsCJkHjFwFReXNaCUpMtnGsKefrK6vEP
1774622919	3YoVn7QHk55simfj8SNw7mwTU8VdcP1ffCWKadgCaofbmdsn4homMkUBR5vDXvNoTkqm8aY9c17BuAEr8byUdypr
1774621809	3HQS8ggvphHnXxU2Twu5to3yUCgmYQzYCsreHzSQ1YJBusfEZDgR9MUPZEKxPQ1tiNQ6vvb6ZzSyMnrLkeUeGsCt
1774621493	Lb1Ga1xk5QkJ16jTeXV4ibeLemUaiwT4TfXjz3DHEWYDbdLDEW6sfiGEzztUgqFr1VhLGEG45gQz4nM9YmBVs8n
1774619899	63CSRf8gim7wTxb1hWy4iVoUa8kL8Gk6idndKrKtndCkvayUuoo6ctuKiFX3A4dW6qVy7H1u5wrW1cY6XN2eBwp3
1774619889	5ecfpfpfio7Q33xz5GFAJTm15M7aFPRkbWvEZnQiuMp1VZdkUvR438muF3hRLCQYqAmRqxKmCG3oXF5WRuZhKpEg
1774619887	48SVyZhy646DHau4FFV7vGde95xpwhifavSuT6VSAKtBaW2Ss89brXFCGVLNkeqCKj3Ug8qoHbYg66S2NsUyErN2
1774619887	mqANfH7eGNbEP6qZsUTqUyiFbXya9wTswyDKWTWMfZkFcwmLAPd5eF8fqUPncYGk3xr6zNv8YDg8kvq2ESxNv38
1774616886	3EMYPHPUD1KLyVTSngEb33RyFkk43QTASerYKdEGMG5DbmyjJMD6k2WV5RuMPDYtdPddJcMNfL8yuVoeuFm72SXx
1774614734	XjnRDc45TLZKp7pSWtcrWBKJuZaxm2jLRS7tbENg7NR5THcwqZ3nrDqioHCVUUBHQLB5UoyQduyWpcqStfcRGXr
1774613357	21W3CU1tNGiBsUCoDHQK6MqZiuKUiZc3dut99WBWhsHc42qZCJ44QbcMtRjkVmui6YcBaUqP1CUoWtVjGcf9pHqN
1774611908	wCkFjARGceQ2SZBU1szavzeW3q5K6JhUxKxuVLsPcczXH3PFF2Nf3RsXTvGqqXs6AVBG42WCL9z76x53e8cV3sw
1774611387	2aarkzTaNZFYRpVenhbq2trAAs7TBSdXERVdDpv7knuHgmERMQ9aqKsfcaD6kJN7SKqSc7jr4oPUMd1R6B3ac3Nu
1774609273	5Sjo77qRrSD6eurs32ZAxwS9kdFEnmaqAFEZZphzFnvUV1oPD6u8nLwD5mREdMtNX2Mue9fWRsXz3SYKjevjKAqP
1774608933	4gtwB2upu4YqUE13VpDKG9HVxCqeYTp6zJjKDNnpzoyMJgas2iqMgQu9ewT2y3z6dUGFAwg9NWXERWSYaTWGxHPV
1774608932	3AwDfXFjLG3TchBvD9odeMZm4LiZEDLF6NbqVyCvmi5DPzor4Yia8XWDVmrsnUxUjnH5utoHsRYz6R4chwiu1ABU
1774608906	39dbqvcxA6e1Jmnb4oQ7rkKjohmdexHjtzrCWagbdUvWRr9nNgZXMfhdHAjSDnSoxx9dXZYxziV5gRrqTbDeKGfi
1774607954	2r2TJpmMA9fnbbukxJUQYXoiibufdNLsDXCqJxuFsmtf1H32FHx24HmDpMjVE38qdFgEzT5nhhb46sYFFTp9aPLN
1774607953	5bWCTBMf99mZ2U75mijT2H2k2EdjD19YK5d18ghN81BhxJGo17hZVu9ZCFpSwm1Qcc5Sjg5azBp9cYE3v6k1BhF7
1774607933	Eiu4aX4ZccLPim314km2PrmX9X39tuukrLHebKh9f8ezLJ8GHdH8cRqx4bq5cHs6yKzyML51B5wGRfaAckjsn1a
1774607932	3VDCXiuUbucD2uUfjRS2ddBVFfVZ5MUr4tevwCYtAnSKBXKF7yQQhu9D4tLnJZdtmJ4ZJ5v9HeFcyq3yxN65guix
1774607929	4S1o6ANWfa4AYhL82itrNVs3Td8Pj2FvWcVVN8zVGvDGsRbzJFCMu8v3tPMiK2AzbpQYsatwvJj2sAzYrqP36hw2
1774607926	GVjDZCQ2yfnfmmU8EUaFqKuH4Kgm5UrUGmmLg5j7ijHd7dgyr1m7XC54s4Cggp2pMx8CozDQeMCgfnSQvvR3n19
1774607924	2xFY4CXVejV7vvS9B9sXmGnnq7uDAjsobgKJtQyb5VWk2iR19fivd2Ua5NpdV7yGb4pp4mw6ayzFf4cmZpixfD86
1774607890	qKPy8tzbHW8Ru37NTqQLBKqxi9vPxgaUgrR2sR258w9qzV1ZycnHuTm7kXibwa61Zc1ytHkVxfXLjAaXjZBVTuY
1774607866	4nY7FHcYeskFgPXZkEi1CJDd3sgg9961LSsFiVhWdX4xwfaysYTPmAbmVCfyMZuia69hfuraSnj4ypXrUdUXZHVh
1774607864	5Fej6pSM8R5kvb84v8ettxkwdkGaxv9EDuz4tokPFUirSJdcWCBXRG12rS4aVP3dJ6npB8hL6B7irV8kEqZvz3zY
1774607861	5NvNh9Rno5tARGVdvmSqK7rWnePiLMUQy1qrpfpoxPDQbgkNneTaHDwsHW993nEP8QknP9bfSsA5ZN7nWXE9Qi5j
1774607846	39phfuzBc6ryznqv8P33vRxSbsqvVKebwVPcQ1nVywGj3WhXAuVSgQT97yE3hSnNdqCzK2PngRJAcGswALeNXgAU
1774607846	66VQ9bL5w7CKuzuNkcaFbUyxHc8vBafkZBojbq2REC73BNE533PiAyk5RZGXsTbdfAi1qvC75pCvojGzTk1WajZb
1774600609	5qMQAzFZwProJxYYgtoG9UxXXFNn7SpTqyfA5qYq3Q9rc6zcavy4webmzxD2JXNhtiT72UrW2hbPJza5yPkTn5VK
1774600608	5aZ2nu4KttCD7YTRtbKnx8eWSYp5FK5ECoNykfBHBzRxnZJZJNuRa6bDHrh1xYXr39EmGxHA2Bw5EZZofLFPL6GL
1774600608	vy32eRFyAZFoNFAXckxk3ZJaSNwHnR92V1ATs3zQ7VS4XPEhRTnbtqeAjmz3P1W2ZMQXXDk9kgRKzVJXXdPdnMm
1774600608	2np6jC28qUoNXVQKWiqQypuiqJneeSwNjmLjYXUEYvmtD48z7h6wSMVHdsKvPaMAhdRthTtgCtCn39VFiVQ2wVfW
1774600608	2FXMvxNpzeN78TKNfWRmmkSruWpqju8TBJbYqy2LKv2ParR9bm19jamQK8JDPUh2QjGsu7MQDyVrU1saHrciLkFe
1774600588	2nNihtFcXMY3NUbym1K3VpVQj39pbiTuvsY1QEguJUoRpcSdybPYXHZ95UzAeCANQmPPeoGKU8JKVVLUGmz2oKvU
1774600588	4WTdTHpofAExdeFV11rp5G2N9PezVMNkpGgatBFoLdL5rBDVfcGfVksnQtfpuC8aXYwjz8S5MjEfATmReLWePYw
1774600218	2ZhxU6n9Dx8JiGRevWdNB4KKTJpSNyXxcFrgZvhAJhuisfggfFeY8AqYKNy3B3FHQYuVxP8aGYM9zHomNJTsFeM1
1774597543	5sndagKbPTNgnebTBGd2KMHLc4creyv8eKQSNVhYCSrp6M84g6Yyi7Zjb13gPSHSZYdqu7c1YbEySMDRFWQQmSez
1774588119	5HzhtwqyUg1T2bWRfJUTfe2EhiaJovuERaK71SkqDMjhjkd4YbBDjNFFArekidNaYvecYPKztj699EqfykYa6gGf
1774586119	31QbzUamRHkozpWojYVjVLChaZSbiV1iMQ55LnwhF3rezZ9uFUD3ECPAf4FNrBzkoVesan6jbr1e3QTnQ3KQtUt6
1774574567	BxhzePYxGQY5bLLHaCLGnkm4Zt4UBE9GgUZzHz7EQ24cCbekrRXiVHKRDt6y8Bcn1yPEnWYu6YYsYxjg1hZpgWa
1774574567	AVZoqEUqMZJh2taWHQp4cjrNfd5RRiGQ3bhqmuKfjcmQNAPdJJSeTf6WFEFeRpKyYzWTxM6hcjqjLTzj6rA36W1
1774573555	3DaFzagbvtoJdJNUxHZ8LXaL63UHT9f4D7u5mmNwuF1Xax7R6UBVBXw7jq9sDzFGVQqjG3iC9K9MBbEBdEcc1c4P
1774565533	4Dp2YnXnCPAMB7q25C7w98CKN2ShaKACepGWFZpefvGbcZkAe75ithDxQoFcoh3kDKCsDSkVFcqqEBidveKVBuBj
1774565533	sadKBsdBRU45SeE1cGSLJ8RW4RRsSvjhyPGQWK7dadQznCjd7W6Bh3BmKQ2U3Yt3MRMFSSU6nVa6haFDyBXrmPE
1774564335	21BjMGnUfjBy5RmrFQb6oQVCaxi4uWoJCT9GnRdbNg3GuhBet1FfFcEVJoGdm2eWiAKVLLn94sRYo37Wqu7Pk9Jv
1774564335	5G51g3B2swmK2XGMuhzZskbsd75LyqKB6xx3nGwZZUq4egAUQJVuVKwwGrFffAwjArM299xN95achVYjNDHnX2kc
1774564335	2RW67pWB7toarbi4yVXELwZEuaBuY8vVqEcC5CxEr7FNdaUHehjXDGsG87ML56qr6sYKkgCaGsczSW1izQq8AVcH
1774564335	2mvCRUzEhZ2KC458wEuwPCsf57KdUQcn1xRe3SBPGWJ7vBfo2Vx5qWbtbcAbJ9Quf5hsZaNXWeGYfXPXdvjRiiHw
1774564335	2VSzoQ7h8V1M73PqcjqiETUFdwcuXNit3wttHvngQVoXgXj2EsuiiafcVbiWhtJ49inFTFDa7JGiaRNrPohqZXB6
1774564335	QxZcn7oRup6aVPHNRJULbeFWX6Ger817Ec9ZWGLjtGJgrTSUDqqJo2Kuwmf2jNxmbGdavZdFxuGg3gFNPJyswxD
1774563868	3XVtXtGdGFxsmdvxp8jA56bw9kNKuHNQFsnzA9RAGK4AcKaAtRquUzWf6PJGDZS7DdPuygVwpjrqFxTtvXpUG3BR
1774561444	2g5c73R7eosVuo2FxWZ4EgVNLTYNvxGbNjNXsUtDNmw4itpQamoF5xdn3h1LdNKAj8RGVccFx9NNzeJiUrYPSTkt
1774560446	2oeu7sv12rG64waK8Aka3sSTvsayDSM3WQXrWhcMvAW6KBpb8zyuhchPWYtWaEKQtF15NkvZDHNW656X6DwYWvkX
1774560424	QU2CX47ZDBtJNZaD3j1WCgH3S2g3yYiWQGvAhgMRTcGSuJkDtwWdF27mC7VsFG7NnoReLMqFUZHiBvkU7YTv65Y
1774560423	4CfcjeoSFwz38igZc6JCzaVYSNfVzovWtDGjeouG53WMDRvbbL9vnunTTE7gzAuc4xFWqqdrYer22vaWaWsEpsuP
1774560419	3zwhH5NBEXFj5hrzaCVkeMXRoCFP5s15TTJZguPnwMVdnN2WNxUXwhTAqZEpfnqY5A9RP4XnELGdnGPtNZXFFDqm
1774560410	t8Wa2EqR1oYiUae7EDLhKsvy2kXg7SJ86hUNgpbCBrB2W37sHDjpVwuKuLVcdxuvWkNUtSuuMHR9QLwVBNn8ijx
1774560404	2WHgnN9BYExWaiCiRTFo7Nq5tmmgQxtrPbhKPkBAbzh44Q9nsJAPhPY9nNtYs7ZHh8vUSzqkjCXMPFc7A3s1XhBm
1774560404	36nicwSdUfhcKv1izLpY2QiWb8yk8ogXFY24jGXWNtLERxm8nMgeBjdkWxmtNUeBx2EmTFXbRsGSQE6f2u8pnXqU
1774559704	4wFXKjNPTmVt9ZGPNCuZteNnqPB9SgW5osb8miBaFmpnxWK6mXLWskL9vUMcKbHrFFFB2nS7KkFhhZ6jQ1cAr4Jo
1774557668	4ry2kByRA8N6XDo2juV7yL6BryQqSX2FWaWv8FYdSuwRwzi6dpyYJcYqFtxWZwUEeuqHKqf3qFkqRCMLLUTVAi3k
1774557099	2AZmaAytYjCGvNEk8XkYXuqtRLk8VoeKDoidsDGVuAvEXfqCjCauzPbLNbnSmZo55NHYZ3ZqWQNxkMT7p9ci5WsQ
1774556247	5CK8WN2kPDXJr3jEaeoN5Yfz5nk7612HjULGjx3poqHCG8ALAEL7SrKxCMefuizUyjzBTtR1HE2zmzyPQRd9bWPo
1774555951	4j7uY3jxv9wfbUcjT9d62VLiVh26oCsaBf8mf6CbpmCEUdot1fMivXKbcVo321dLPweFWvm32phUjFXS6C2T7fnB
1774555951	GV4zBrnyY1gxTAUKXDNwZGN1eS8ejUYoFF3HSVZ216iJdii7yHWrmTGpuTk45f5TD1viTnd997GsuzDYCbUvRd3
1774555951	2EyepK1mmSFkSc3zPa5Y3BqkV3vDPXDDsC2YUy6TsiNHMu9vUGRgyNb49ZjBZWeAEPmHaKRRyDNoj2Hkp24i8h1U
1774555943	op4aEnqeXB1rsMa6xn8gYcU84zESnEMTb2kiNff91qiazSwThbmKv7USGSfi8jwGMBusXewu2gQcKXroEGgwt6t
1774555928	4uHNE8qxq67ox8qAxNxpTEnxUv5if5sVWfNiukCcTVsAxs4heUA64yt7ae9rjxxyr2M7713NCHzTfSbgGP8wuPJx
1774555928	5y1FMHCz8UXbwFA6oj4h2FqrCxs31GSz5BTgHx2pnoiEPsYQvoo5MAFNX5r3DZrKxDEmGg5h4cp3v3pSwuR9xt4H
1774555926	45iCHdsHEATHpDqfbALH3YpeBeVoWfxLd9A1DaEC9bxSqMaGY1QddVLTp51cTC6ykBEqyWHSDd5wZtWoxcA2GSnB
1774555926	PD7rqtgH345hPU6DJvGTMQ82vFVcnKNkUpSc12VeLrwoMRjQMdb3LhAs13UFhessVe6tEuH4GS6HtFphdhFWh5H
1774555919	3w9ruS6xK2TPoSYhgguG8EP7As8bgu3Ue7owEmkHDHnUy47sLsieSdvyjP2PzHkrnMiH7CLEN5AJ9yZQ7cqgbpTG
1774555916	smiHsfWB7KiY4WgHDhAr6p5vtvoXu3wftxHQFAUpKYx1D3or5J9NtLCTYbPJ4m8s2FUNSbiHH8nph4PdjxzSp5q
1774555916	2oAiBhH7vsfnbMMDqxMiFeSaWfNq2bmHe9aRNV9RBgcBLDLdAAZKo8mHb8efpzwQYHNrvrssbPXM15QNk51ecVDM
1774555268	3hmfYiATVzrWdwQeuKaim7LfNs8eJMgTkfzRF9gSHTFW6vtWbDHuzXuy5Yo2Qypd3oudtwdWj2kvgYaRgynge5jQ
1774548423	2gVoDpP8a2xjx3yLfp6rdhSzhB3XjGGhbtQeYVyUJudgNNSK5pvUKMW9eUWasD8XvyJAQ32uHbWAMPZU3bDAkTcp
1774548182	3BSGWup9nDBpWZEQ1UWGhwonaU8DCbtMEf72oN8BCK9qjKibhhSkkDCbkHfUMpWr7CNxESeBJUYa1Duc1E2PeUKS
1774548032	g6LS4yqSjt7ysNsEszz1HEx1x26mwAVpAAeVzs1ZMbkqvXYnbcr9RGx8vGUs57vrEBwjP48K93C4Bxas5KjrRcw
1774548032	2zoB7nkax5Hgvt5GmQH1X2CEXnB9gpZgnVFFhaYAkUyCEYYYEj9B12f89k621yuAdd1M1o4bBDs7S7PekQvMYUfk
1774548031	3hz2YcG7k4dwyGcmtg76hu2BWeaPyxRgk9kTHtUnQ5n367e8h74x3kNt7SGjzNYfN31ZaVhuCmij1K8J47uJFVnj
1774546136	46arpViHXc894kvTQLyqogW7gLD4amzpdZxQrb1oR5GxxbQN16wwYH5596U32H7mksZAeh5FhxamqB178VfZv4EW
1774545633	5YnPBpe1j4Bm7FyuMHbHGQgEzEKc1Dj7DTXCe3yFBCK8B3Z3PqFVPHyZEqGDNdUrEB8oPFkmG9tpmdE6tkd3zgtv
1774539896	3htyTWjpLtH6e2xekECE3JWQt96mhz5kFegXiC81Ld1tZE7v7qGhiov9N7Wz3z6gkiKNSAyMEtzu819HFo3fkxx4
1774537547	5FX9Yp9U2P3fknWMNUUzWtM3U14TXJ79yGEP1tagU8XsMX4GUBTcNWdh1zbc9WALBfheRAspuMc8D1iyUHTBH3pv
1774536387	2wthkxpvoX6xcfy1XyMusfg4TBPTAPhsL2e2AkMdFVF6onegjiH2sWQHugZB2ZGuwJmHdu6DaHitvXr7nrbG6tzx
1774536386	mfk1QJ9fxfmiMM23rE3Ev8Sd9k3WtpjUQB8ESmkhLXb5yrcSihmeMJSb8fsxqADJU9pRgUgSbG9UNtcnaKqkYkw
1774536386	3DzTLa4QZrrcv3Zf81662thTiBKMYb5riHXjGBvRJHryJxZa7Vn5xYTWgGk2tV13aWnjTS8dY2iTwWCevyZcA7h4
1774536324	DgZCLW1GRN56y5hW8dMT5tRn6LS9aNd7ppkEyMVceZiCpVdbW9fg913x4NRc25Rv9kjfYsLp6Kf98hEg6YvBbdP
1774534288	3R2UP1bS19QLpcMwaUfmwthpX9i7SuGV75mb3zsPn5rfzHsFYhSwVfRpFCfgfeWVKJkZBkjGXBVZ6KJ3A4hAAwdG
1774533361	2ndEA6YN5MtvRPi3JdK8eYNM4p7t4SwvqHcFax576JrrZFfHSiHaU9Nr8oVVA54DDvwGpc58fcoA3M9m1hwCdzTM
1774532485	5McEZJ6yDCHAMCPARahSE7LUQUjdymvLvuo1EPbb7dvhUFmyDicydUUyByujm2km9vqhFJopDVw9x2dtPPkHJRGx
1774532428	myYnSquJyoRSXuKvKXZwQan9jwjiunQU7cnaMnFuLktSUjQ6a3pNMKodZVhARFaqv2b4eTG54uSm1mdmPctF3v1
1774532377	3jsHC544jX1FsRYaCKAhCY195o8ZBpEAYUcYZUk2zcXXePbkq7YidB4kXdb1B7cQXtQ4MKMMkZ7C7vWR7kNhGu5T
1774532139	fioUSRzBmtcizSWK7rAJiVFvRD2gfGebMZL4JBcncSw4a9QVsFLRRVUcpfMJP3M1Jb4yhTaVpbbL7Xxkkkn7Sxg
1774531086	3YmC9nr9eh42sNBtzSXyTp6HxGjZJBdUTJmDPjGp9LNq9WtrbdJn3qhTZr6ZXw4EsWEtxqKjDhNVkbmUVK1Advkb
1774531052	3mvuj6u5eoXe225ePcEtDQziysbPxCuJUnkZvTimwdaAGJThQ7sds1oPHFNre26DYQ6yqCRopMJR9Sr6eht8j5cd
1774531034	3fKFJuKE3W2d4iNkxRxUEivyaLoc8RBfcsPR63ihPy7WfGVqgwU1mdw2GYTVhos9WAnUoKPZ8Vcwwc3MnJk2cjus
1774531007	3kFkFkhKEfG36NUYzMi1xU98S1qhA6LrkmNJTVN5E8Xo4QgJeKUeSPfJTmdk6dn2g6S2oKPdr4Ag15Ee1TVcTKUZ
1774530373	3t2QAmjvHgoKuaSJQSLvKmFxQVctkH2pWpQwazYDYe9J6HMY22yvskd8YxiAREtUJSpuoNd4ySRzWGPp5rHPcbAb
1774530359	5EtV6n5p6MYxFTsFmF4nzmCbcTrnb49SXrme4M37AhiMvtUKdCGF17qyZgJJYnG7Z3fZJRX3Q7B8AtbDRq4aYWdC
1774530337	4MnMFPdajtSDxYiUvqZJvBuYGkJGFy2B119kUCDXTkxP5z8KPa6ujucF91Jt624cM4kzvi3qBhKug2986aDFQjQr
1774529794	4SE2eXZBYKH1RyMPqmyfJRxm4qVbMuzq8oWjZFNNDLd9DHT3zxX4i9XKq5NC3HF158eqYcCJXbP22YGq4X5XPxBy
1774529774	qN8q7gG4ZMmjzVrar6c6BAuLeWoiyLQNtd2ApawVLkdZeT61rHj5w31thDV8qJGPd8cG5wXqPP6hBR7z1cZ8zeq
1774529739	2Ftqn4E63PCPVbYT9a37FPtJZMRMeNTfnE3fU4Za7XZu5z3hCyu5xLuVjSCLJR19dR15GcKJmaJ6FJrECghweNy3
1774529721	2pd76vS2gFABfJu62nipYs6CmYsXu64nKRHoxSyfMHkPnXgZPV3Gn2TL3FJnH2xKehkgMrVkNTfdo3R3TsPy2rnF
1774529686	5MNhkFatUswdMe5gyE6TZQMyEwYVj9WCMG1RwyrVfpx3Fh4yJbZce5KK7U61dsDauk2mtpaVbe8XUm1j5jMpBxDG
1774529633	3CrtZygPh1cW1yX9k52hjnxxtMFuTsRcT6qRos2bH2s9hqogtWMBpVJRCdtgjofGMzouYaAWvc7doRi3EB712gH4
1774529612	2CzCn6aKDr2nZKxYL8CGqC3tkzcMNFHiMDCNyA5vDFVErQn3jpX1KZuT5t2YVTRQ2J7mRMokwPbG4BuhW5HHHf8U
1774529590	5AszxghsWayRZYFhW9waXuNvfCSCJVaPCtatuDG8mwR7uR7r2eLWpxdQDixESRXUwBGTEBBv2WG8NbMDNA8Y94nW
1774528654	5aYaxBRtvicxf2mZ1RjZE4qJCDPdLzXN6EWknyrDYMrTur3b4pK2KvouqDwCWARZmyCji4tG5mJu4DPxJob9VH8Q
1774528536	525igstuo3Ng5Tp4J1EwVuAtWEhZae9a2U1strPaHRxnApujoVqBJYKmDsGmRMjNGNaayhGuH5mcdT1Epd2iH3of
1774528337	5FeQpctqKiVbQWLiDsS5mEY1EgRLzvWbtbgSKCn95uGSCbiAhnqdqj1fHKYN9kovbi2dwLWzeuVgPAcPF6xEph3g
1774528134	3NWGaEvycs3JBGPCMUP3gxfHRSFmBQ2oCtPvpDzarRjdpcf9YF41KdYmbkBHy8kpfxz7UVeteN3iLWQknWSyWGGZ
1774525874	cRCGVkdDxShbTj4PKY4H6W3RU2uZBDAFTgNfHiRGSTfFMZasXRywWMVRBXkUTx5rJpTSQdLdj6hjbTybhvdCpwJ
1774525690	5YJD9pZMmbad77v7NdARkFTczqRXwVKi4PPcbNFYq8CP3sY42bJGQXuucmSy84jyKTKa6czVvioft9WW23xNqXMT
1774519879	5nzhdkQVab2zxyKNA7Spr4G8FqQWJ8A6PCgpevsbq74ohs6F8GvyHbehzGZN46JrnpCc9MqP4mMxnoVwHUPgc9a8
1774517677	wnLhoqWNTobEjQdTNGQsq1LfwVQVfLZWWSQZpJpJ4kWpcbbAM2YsSLYgYspPL7L5msQoNyKtiXXuXv4FKMdwyo5
1774517677	3cjwtiKUVikDfijcDKDu895u54aE5GMeho6pbSkkzGhvSSQiEFTG9Nfpv2gpsPLe4n7sHgBCtKTt4mdfxXUx2bkJ
1774517578	uL5wLnr9VnWAKgQYxZ8fiHpCz6UhMci4RTNZ8bfiEcj9GzSLC66z51BVFLtEgF1Pad3yMA252DW5pYZzsYgHcHt
1774517578	4ZuLWtQowmU7cCtBN4T9qQvoPGZMAnbHAFbU6sGDcv73ZFpLtMKPYmjoF47t9XHwJAwkcZGCifuRb5y86sYQHLJr
1774517513	2Qtp9zwNcoW6TXau59jWh4ZxKdHLpaAp1xJ9fiUCPH1JiAauh42965EQnDkRsLamwtEQ3232SvWQnMHBZidL47fp
1774517512	SQm6rG3gq4S79xgVHRynu3sKTFTkTXLznnaFt3CoMRpvnAHYFvsjxK8bQsDUXDoEEMXD2t1NTnvb3JStREH4YjQ
1774517510	2Dq7FKW7zhMVeKVpXKWZGrYZGF8xrehcJj1V1xCdCd1Kv9s3BCPh2c58onLgURRixDU2eFfVwi5PCkHZMgR4WDXF
1774517230	4RnbEJ9EQKPs6ZjeBTEodFTaGzKZHbuTbVSHMGC8XWoHXxdU3CajwbZ6dQgfAsecKzyWXaRAHcFbzaHr7XCYn9jE
1774514081	3okzpNUwSWsTfsZXYtncDb7Ee63faEAh1PEsj7w1cjta7YiTNkwS2SyjMUJcjkdnpRDXeatKrfQyWNbRNWGg4RfB
1774513862	591UaK8R4jjLZKPMYhLEx4xq7dJFFtYEBeE4ZfcoUz17pYehmH81ZiaTiYBvD9buajiAmzK3LMTDSTrmS3Z5Vja8
1774512955	2Cn47GoKYTHHBUbKYyH5SYDCv7ue8QPHGtDpJe5wVZLHjaE4zCZ2EkTk4AKDiFJPa5gftj7dtrr4uR3rWP5Si1Gf
1774512330	2DnyFB91DsRJsDjMHiXmy8Y7BKiFVg5ryFygPiQ1UZqqdKocShpm44Yzd4YAAKmhwNUsc7QtMzcrkT5ikYDdLZef
1774512260	2pN4dz3EuTtDXUzhMLkjfhjjscKLMQrDHyZgPHawesyJJ8FbqTYeNvADSPGm4c38v8VPMgXGdhjmum9e19FEPvCH
1774511315	4tcRYfJcz19b34368VAgpehbramqbVhvMatCvd1xagQzG5qwcr7NLvf7r4F74A2UWNijEqF93EapiAm464dAN59P
1774509410	4iNuHvReJjKHeD2HdMuvSRvdjiWMBkoxJxKqU9Y4jsmPL7RFJfP16sfk7wj9aEn6LrB2KFwsmsLwefNVwoXZLQ3U
1774509226	26NfEdyhHXDrLgmu5deThYHnhJC3fMJeX1C4bigu9kdkLCv8UiS1hWSxwtSDNBmGVYSZbkTfYds9tSUwx9X3gVH3
1774507921	4cQz63i6iyXc7aJR4BkR59UAZSvTVwdrpLVf8mDMXUGUCtCmhpJdW62sxQSsNjQbtxRb9LbJT1GrxUa9uv6Z78fX
1774506358	3Yhw3NYeJcAi3MdRpvxCkkBraztmzFn2Q5j3GtDshmwBETChxz9z4DbPcbD5ec3Pvq1u1Uonm5QAE55Yq8zmdZu1
1774506358	55aGjBRiuK1KjyjCmBtAtdh68CPrYkVQUXWFVcgMzs9H7nZkJRcNMKQXZudWc2c1UnFq9hZRXkUPecMJdSNkX9KM
1774506357	RfGn8Kxxo4zmxcYo2Nj6zozwhvVZbZFrYRvc7cVLLDkBkgeSxsx3yfXucUq6wVypdZTUKwBkKBruz7fQ1aWvWN2
1774505949	66ZZYyKN9S5wtHufwoRXt8ugxzxyHQ4SUSKofFVmb8WpXYMFGJBPAwgvrBC1UeijhNY43xQZciQwF2mASP3azWWe
1774505879	8MfRSYyK3NHvDhhvkojW2QNjmYm53HsoxBU7JPHRxr2vmqTmxKBzgdgsprLAxLCJYf5TJVNYRewncg9SxkrU2Vb
1774505855	3GMv49JL3BHBpYXRNqyDrWL5oYS3Ya8w67PUYCfpabdGvSr6LsgCcrF86wvdtEySmv4apzQPLbNV9oZtiNiGfVkW
1774505839	32urWcueuP3DWv1AJQuLB77UMeHq7dNCvLEh3dvP4yg3WoLnUHgsdS5wUTdK5mP8YyUMtgEkcNCTvxdftyiKhUHP
1774505828	aE8a7KuK1G5gVcaBc2vCRcS9JpxZpBETZVjWLZMWyWtgxUiyqYU1HS61UREe9GoNjrAMTDqrC2bMpGJRrK1p7Fo
1774505762	uKKsPPy3pXbt8egirjrc6AvPDS11LtJ7Xw5S64nxrrZTxptGArGm3aH7fHWE6jLRJk3Xg3uJdz6Q2QV5dyHADNg
1774505717	v2TDtHibgxTi7D975VJGiJxCk2mzoQYmNc4MQ72PR761b7yfa22xdLU6iYpEAsfTsghLjVoUPmLqFM2qP9mvFVx
1774505676	AqD4qcsQWcghX8WPvQqcUKhWUbdnSTszeYAh8GQFT2YuXQZinKHjE4qPfGcGhxjjXQhkrAVvuNKd4ESTBc19gXU
1774505666	4sKXYsPgTDi1MKG5pATHroDoDwxEQpspGoF8jKrapMmixQz1TAEixe16PQz3Xaj91h7jqjgBRhozao1RFwMDwiEd
1774505656	4FCjyq9kZxznAebPP2uvDhGR3JmWYSS4n2jvuLgJ9yJfmwNmZoirF7odGGMVUkZ3AUyLhMVoHmfAVXLirudcWXn
1774505609	5bCT1r6vs5g3ZVMXU8Qgs9Sei7fqsf3VpmfJbCjXNmAyikkhidgMnHdhHV95rSJQc9DRq2XC6hqqHhHvNFFKpdWu
1774505601	4w4p4DqS8CyvnLHXjQvnqo3E4XxJDYdYHF9GDQfapNy8bXH9jt3uq7Rm2SnuFEivRv2ScXCopidEfS1mceYgziSV
1774505589	4mBmYmKD82cdv2zXqjyNG57mN33g5AhZWZjv9nCj4KZZjj2mLHbDRWpfGCZFwU1TQSLgiJuz9qpdJHGs26Pn7fLh
1774505581	3zajg3JXS3J4Kru4D7Vj4wQvo8dX7JdmN9ixZaLfyNPX8nY56TW7RN8SW2AUM6NChd9nQME41sFgj39R36yKJSF
1774505127	Ugi36xJYAwtqe5Z6ndH3nyFVubKEyQzDa6WcC8bwmoJcdTTUGQVByxBbqp2vtpzzGeeYGULGL7erCPkPzygg3TQ
1774504863	4tYkh114XQBJm7KP2gaW3uK3iFJvb5qzjeRRaKuTmMcGrKUtRDuHjoMV3eQ2M94RAe71L8JwU5wBFqU3gDobDykc
1774504439	38E6iD4RyFzHFuoVbgKHWdYgoKqLTgUcpDpac1CZqNvKMPRtkQMt1otosupJzXYzDi3vpzHu4eCRau5Vyp4kxFAa
1774504306	2dsRD2QXpeWoeVxKTDKXqEFF6tQ74YeAt3H1UNkNCZQquKLcMf3LC6rpfkPi4GtWmQw36AUaDAeVCTnT6T4y5Yjp
1774504028	5u6VvDjVxMU2drZRJBDw9y816tLzHhaniky6dUSXd5uiXSiscBzyvHcpH2mUDV141zvNZerY8FD2k4zaBUTdtWk4
1774503970	jtznZsc6wQv8Frchq1AkT1xM2PSoFx3d28HWr5TLQmphYLBFsosKaW1YzDnYyTHXAArMVFuJ8UY9Nu23GvLj224
1774503956	2MB77a6QkAtJBU3CA4dFr83zbq4V8jySPmf3btvwXczu6ZJSvaq9VexQANf7kHcA7fx2pqrMPCeNtPiiuryRhDZK
1774503934	3cSeauYZHZnDHsuchhGzd8XmaBcjnfMm9N3C3Trq1G2EzMWZYhJGgqD8zsehsxskbmqGoT3gRmpJ9Kg1aX2jvern
1774503926	4pvoZnqhvjBuxJq8QuSxEJwpWfeyoGEZkCDbhhn3dRyurqDxittb7q1Mt8dzSJzZHuBE8EaH5RiZbvH1nNzFPFLL
1774503926	tif71pxpPdKdrVLQ76r6z8JiqnwhLfVL3JP2AnGc1zaJph1RCr1zHMcgVRmxgYWvYTBTgNsaPEdMn8wXak9YWit
1774503926	3gYbUvZcG9yB5LJxhRcns2gu9oBEwKzfjM6BpDbdJU22tW5VBXvWifSACuT5Pg38PuZKKxRLajkBbmrgrwVFgRUP
1774503924	3fDJC1CJv3MRdthroFyX6E9rrC6kc3DY7HRZg2Y6RqvRbWSUrm1aV9oWBWoCLP9oHD89bbx7CZ16HB1YUNH24LK3
1774503924	43cNevazTGSvm4zfNAsSQH6HYupUs53rYZnFTCs7jpniJZQpdt8CAqGHvWrZL5d9TE4FAMtTYcypwdS77wTTzw1m
1774503924	8Ky15i9rDLxjMJcY78ToJ9WmQnW1vRMLcKdSkZVkpp96WKoykJBDpdf4kUyPU5pdYgZ5vdbbD7YBURxLg93Libq
1774503924	4GX8p3TVaDt91KnsKbD5Br8yJQNpfyj2ybLJBKwQGhQHAf1eV8tBVkA5sXSsCmW735TJinvFetfHb5yEZHCLme9H
1774503924	394fDUZ54Fm5qKF4q5rCnjLH2rwJvfsnre3H9o1ywoeZazsyT5t4nweu6igMkiukLyJmVb3LckgRJT5w9T8CumhN
1774503924	35y5DJFaedJNLBzckj3nLSzHnQda4SgVXm4vBp3hR2PGZGMzx981TywQRY3xgrkyHFwhqpe8WUgwywtH1trfTaML
1774503924	55anVHqmQKm8KPh4KWF9wyg7fWvvbVzyqFc9BqqfSHmgkq4yp8r4L6NJoYUF5FrwAJuu87hfKXSQ3mi9di6WQw3z
1774503913	3UFyDvkUUTXq3JgKDuasMAZvUcwZAuPQKtNo8CKAStFV4StchvutCvviuKUYF39h8aE5SQtanaFh9vr5MzruqWUq
1774503868	gPyg2W3yZZabUSvDdXWegWR5YDJNZixTRNMDH8Vy3VEtPNUYGfRCe2WM1CmwSBuLP54nxyup55aKj1AWeLES5cp
1774503601	3cqWfzLkJcEUjnjmPJhjHgvJm7MqEu9CVnjwvo381jr9czXxCiRCns1xC63XJMg8wtAx5ZczkuwrcMpibz5SKoif
1774503552	vatBBLWS6oMwFSBZaqYDudkBPysSgdnMxFpBPiiBBqweEDueZMsK1xsuXh6KiqhvdkgeCRAJ6MnbZJd1oY4ydhW
1774503503	grfmTci5PUJ3jsLEEFXMXRfU3wFX8yS67z9RnqHV9ayREiAdSL7CMhQ1MkSzVpULS5dD7yKsbuU1G52gGzkH9bi
1774503456	3xWVqm9etLoM448PKsw4RR3eaQYrwE9BMuWCKGhut4SVjXSqePwWQbnbpGY3HsFpeJYifXHjqnRgLTD81MiwbiE9
1774503253	2cYpDAZGm3ETvWk7W7HYYapD84wp1qZxEXkiNpwbFM1Qt3ZjNRVFCrLorWmLXCiyZBn8kfh9pJsdAfKjsSmgKooi
1774503202	2dgQ9dchEweEUzFgfDwTfB16U4q9ZWCmQ3JU1AeTg2osdsQTgsoRmGeKBhmewzyZaqTq7jWjM1KfVDNQg17XCUK
1774503144	4ghuTHytE5jbPZaVWyovnMj21waFAjDin1FTACPEuUZiNbAEGStPdnzQRnyts9utPpZqAACf6dzBq5bQrf2ErmpN
1774503098	2MvgSYpCcD9xtbV9KTY85JQ6JHZRmQfnPND5W6XjrfQ1eGL3qZ7GtMpFLxY1Ldzjt275nFtCEZ1Zn86K3nnyUQWd
1774503052	2AYxiAFfQiMjRjjpSnSTZpVo4JNBjqUxkFwFKcJ5X29b2F3aTsKpD12E3acWqyC52Ykc8ht8KH3nkPCXxhzDCUH7
1774503006	53o34DLhnqQLM2k6YA4kUYoLkemRSiSMheYW7xY5hfwVru6kZkEnYLgBbaNmmwcd4FMTxaKwA7cvpj6D363NZyBE
1774502941	2bfGrmWYTx3CBavfyMjr3bkSWJgykGcB2dXamUesgSsKyfdNPN7yNyyZRkagjaNh6e4gAz5k2ribKdceiLYCGJTL
1774502768	N5hSrarVjdt5Swj4kjt3Cb2Zg1n119WCsuWAvWJJycbBU7PLzeSZZ37viQnfpMAGVdLxZaakjUhhudPr1yQ2LZ9
1774499124	9vxHxYZeYS9b3vHRDLLC39nH54snv1JCSUKbzSVDgP2rnHhmb2ELZmcRU8p1hJG1Dh5M4tNipLxfPoh3jb3JwJJ
1774497115	2R9v26yeZKwvLWvrojKz7GdEhZEBEQxayuB21Mw8RYgKox4hDdRKdURyu7xRUBFmZ8a1ps4EKvVrJrgmwLGwWkTH
1774494024	3muehSnxY2ML1mVfgsKcB9cFoGbx5joWgXyAc89KU1tHTsRnf7ZnevKjHfEVHJyHzqwfdzxjbUkRjGqwEhBiGDS3
1774492790	34BCH8cbM9HzknNBrz4XZemRh9FRjQQaNEcBmFUrzB9UyboUaU7B7BdLEanFgvSxzJGVZFt1EXxBanyXZ8EDTCpY
1774488806	5rdDSEW1Uc9r5TVupqH3GUbGEgva71qgm7rQFudPEPF3YnV2nG7inQjHEEXmW2YUH5VVsvKxqTvbw4drM4TVFhip
1774488632	5MAMN2iCR35Uf3JY1wUQU4iAjhEvJS4hW6djUBLzR43C6x9h9qJFgkiR21mrLQ5dhCXjR3iUCRGjewNdZ9SW2dV4
1774488435	5VtzkeNjbBdLXFLP4EHw2o2WBG3EotrRqETrW5dsQEEZALncJpD6vEmcSGx4exoX6v72jsybgUJEoT8LvmTqpDAp
1774479019	532LzR4wG1pY7k252qA3o8NqrBTaaiLzYsK47weV8HtW1Nss3M7dZ62LwYUiqyQB2fWyygu4FR8Mo8bfLSPYvdQE
1774478913	2eSaybhqzJxANu97CyXH5HzQH2ghwWvTyMftpSncTjdYS5ebPYojvaK8PbjFjuLDNiHxYMEoSyyKcYwt5S9AmFBN
1774478762	4PJFG252fu9pGJjfEP3hjYPeYomFnhpyijvEcmoivYqvJbBnKQUFbm1jkP9MHPgMd2AJ1R9o9gAfAz8mXvHZzivW
1774478518	3YxHfzzbcVKB5TCXT1SZCCZxxniAD2ZnTonP15H7v6H8nLvoBWpZ3mrSxzXuE4ZhLWxPNcRsNsuP6marbvxsAKFt
1774477612	63sGoBL3MZ9sHNGmnohzus9BUo2rKcuL78fDQLV5JpzyQNYo7bQCG97dqT4sGwG3k61WQ1jbVydFCbaHL5Q2ax6D
1774477239	3aQqsiykumQrJbat28WMqVxhi63qmjAPC7D4jJTGGaeufTmiHGu76iFZjckfAfapRsf5bJMLjiVGcqEVBeHk5SqM
1774477239	BX47X92ZiGoMX8WKrXaCvqdg8FJ1PSLvSnD6Ejtu3H9JEkVNYLrN5c485GutbkE4LtLKTc1i4SCCwaZFxXZ5Ln8
1774477238	2cXbseGohMtwVe6EX73pRCZqJjrdVpoCQztyGbZm6CHZwiZ2pgv3ApE3uAZpu4BAx8LR37cP4DomBP9DQFLcwNRa
1774477238	48bTGq6kbzDJ3jd1Wzp769ZsmLarpM3GnNdK28ZrNTQTw6L2ZzSdVNz75B14xZQcGEYvKcmzJpJ9V8CioEW8QQ2c
1774477238	4FaP8admzstxhyXgh98Hmo2GQgkRqjx5PwDU7Fmg93QJmrHQfSRZ57L4jhd3TNoCshdFPzHn7x7twikcmkYatn3H
1774477237	G52JE46JvWMP9rP4ogeHYri9Az2kKUSeJ2RGCKc1z1atwufxG2CqFZYq7vBCqfPFNFjvT6Cb3mDWVbJUHGwhiWp
1774477237	2XHf1c1vzVU4sXTKcypzFgbX8D2AKj44zm6kzHkR8SWcxBceTt91P194MxLS5YtWdJbb4tNqptxhdVpXiqbhr3DW
1774477237	5iSABJHQjYwJnhxp2TWZVaBb4bxg8eMkC8zFh25qsMFnhphtsxbfQkzZRrPmLm4caVohpoaFXJySncj7fNYdPS6L
1774477237	4dYr8g8tHX6ea29hFqu3dtnT5RsoUcEqM57AHoizdHhDSuuNq2JTMYfCqYRCNSdJAZoxiSN5Qg11eMBPsNF9TjM6
1774477237	3b868B85pLkYuwiXCCQsKecA6soJN6fkhtQ4CUuiNt111k7A4EjCkYR4idDWyPx97KZhFei3qFbYNiF4CqP9cuRA
1774477236	3bdnLovJp9ZMMPUBHyhvUzrUnsrJuJo2dyLDsRvb1bxywuCSUxv24NTqbXrBUbgQQvQTPGByMptKV4kdBQtmfRwM
1774477236	2wY9NerBfXozuPJthBbeGVnAJ8uma3FRzKMHREAvhiAAXhTmpiDDAtx6j62SRpSqvHjrPiPSMndihFc1KZS4u8zw
1774477236	3N3dfP1j4JrtLmj8U7xbGdbxyiDS2KVvPXxVVKw8kdToTcCZk4WAi9Q44HWnvwtHibSSfBUqWQiRb6rorUT3bxLA
1774477236	2suyXsjsQkgqEL1e2skFY71aMSRT7jLCqSU4yKcwiAiizFdgcwNYShifp7VuUhsiPkSqgtprg6qCHSDjU4nqKeS2
1774470287	2bRTQAveNqPaZN8QXiWuvajvHAG2EHoUUqz45BeXJuM3cNRHA9nxsfrYcWRhGcuUWtUEKRySD7gvudrhonBsGcrD
1774469932	4s4q7GixJhryJShtnTStTz3NuNjPaM2WXZCJqHzKfLPzcjFbAgbTYSEGPksKCHGddqHNQddRnBhmY5ikC2sZuSQp
1774466996	52LQ2qth3Wqcc8VmzyG4VNzkSvG1DNhzMHP5ryXAaGYv6DbFSrhE4HwaegPrZM7RdsxdVWCnemmZtnAZBGAqv4kq
1774466886	56AKZgYXdxW8tQUQDvdAhmipQB3bVCNujF9JMXDshTy3Gh9PfdfVx9pPCUJahchnwrgawYBeDVPrjU2pLXFfUgdC
1774466566	3musrrcuzwxyNHh46fQkfivLscc7DnwMd7ZcrU428ykCncBLbBn7mS15yazsekDqcJfNXT4PcXGDs4AZi8a32JGL
1774466565	srxEvEgfy3SdgLfyJtdHh2gKoFAnoNfLwJhjUnA1ZuctSHyTLxinP9g3gtoxovouCRBvUeQRin48Yq8NCmwTh23
1774466565	GJ5WgxPt89mib1TCxxyc6p55UpgntRjcWEzk27C6Qea5KLaUrTKZaXyvsKHmfm4qDCCTKZf5qk2mAcXZ2ifRYCo
1774465993	4vYiHmBCJN3J3XLkKVJh41pnPP4n5B24byTXhtTpN2PjpY52uC4CmKHLmQv5cyNHnZ9wih3h2RgM7QKtPQ9DdPbY
1774465893	5Rdtd7mDdErkLtV8Ltjn389ZJ18FWLbSFHGMaDdwodKMXU81EjNRTpUKmLqK5AhMq9c9hipr8MjcLBn12ZB4rKT2
1774464639	nCVv2WDGHY1NxGkLvVJCbQk5wRyn9dx7zXBDMEcRp2gfTEQXXEwHJRverNuATz1yBaviNMuhTUwm5qQrn1SGHEi
1774464638	4kcTJyFgHyzHYWbyhWSpgcG4CuvGBV4Vboh6V2Vd5EMi5CJzEFx99oWgdSw1TMLhXvC71p6EK52wbnoHvaSq935x
1774464638	4FwNhaCfMjtUgqdSMvDp9PmfTqjt4wwRmLWkFpFeFTJhtbsK8cHmbAStuXn8uNpYJywLfkCxETNsdUxMcK8jeoDK
1774464638	5yGuT5qUBe6kuDjbngzvFteTosb3s9J4jZytzGFoFe4zezWjTTX4MSJHqj6HbSbY5tuauLG848GucjMR7ANmAHUb
1774464638	24uTpoDWBp9N9g4v8ooVms8vZ9KrSjgHEPbbymZL91tHcr7kUszcJJ8HTSznoenrkCK5z9gbKTqRJtFBupHoE4m4
1774464638	2kjDxhoZMuQifWaZmkUgxHNaWMbZrX5FgZ9E44ocFpPs3ZwH2hzB3fDFo6Mrh81uLrsPc22DLdZJPanW4VqUiY5i
1774461504	iiZVy1hBq8cUUme4twJyQuJY3nSrCyEruWD4vLbDxUT3ScRNwjczggFdysEUtoCSavQZ97Lao3CSEQnZNsYDET6
1774461461	4b2iUzggaanqZKhQ6G1GShV8s4EftqgKhnK6jLJnWSn8AbpRhSc4REvM3cJQX5CAedkde4pBbCkpnswshyWTLb7t
1774461434	UkEtZThq4CER3yn9YB2vWFK1Y5WUTXfKKxMaso9jct3DbHJGMwZbwmsNdWFV4Ljgrwo6yT6r2VE6B3eFFWwYkme
1774461388	2ThKz7wtT2LXdooXMt6EneAM3oWpcYdfF1tCuUyT3a1YkjWsn2Z9ocd8oC7oTSTZhMdkTtw6E3bZd1oj6rz1XZLh
1774461362	2BLYQANNgqVN3RkPt2MreziBZfZyCKwGBPpDMfeCWmQDxEU7w9rBQZQpbbaj9AFigZ9LQ2EJ9vrrwkEZ8gyFFohu
1774461333	3AUAFjhtxfk7iwNXXZvX6HygM2i5poJGtvs6ijgxrMPQan2i4Vw5ugKiZK9gK1k4JpjQAZ2PoSkgaJZTSJUBCLnr
1774461310	4dWQVfrJAsbrbyJDnfDhiKZPZg3gh7jF1BqooXLh2Au4fEJx3DxWENMhgcxGLopWxkcn32NvtEAh6HkE81uEjgUB
1774461290	38MNKqwzdSLi9R7AajHJfDPx1zsEvTrBgySLkNbXkHQMQHQLh6JZxn8bgbmezJhqBuhPbPziBm7ewmXihfaD5vA5
1774461267	3faLaWwKbS1NPbP7H1JZ6k3RzBC8VQj4UNvrHLVzbR3eTqLEa7PtKtALpPjSP9UtgsbttTcMMiprG96bu92KtjsS
1774461246	59pzBimDkryco8vgKGHgmBQSjpkgEZ4czManNJz3skioKfaqJG86CfLf9aM91XteY8NRYDegphmVyoQRLkaF94on
1774459615	3M4B6z6NvaG6QKeKA97ZonGb2TPgQ6sLza5tfrYMToT4mZgKmb2VbaSi9UNfnYbKvDRVjiLRsseHVJUwgDcrhKfs
1774455302	uALZKL7W4TpUabeHBKufFRnH3e7jCF8LHXaJaCNz8VXuttgu6vbhgjgNom8nFEiQ49jpzrKqse3hs5P387Lx3eF
1774455302	2CmPdV9TAjXR6U1YdV6L6Btye6A8G8ZgbLT9XKaSzFDnkgqQ4BmbB27xJ7Jm6J1PyqdqXfgYc9bSmdNYQwAayAUs
1774455302	29vPbwLRJiCMiJAZkzWy2twEeCz3BXGuyUvdEcagk8tE5KiRdiTirx7TPJottms8c8g6nVp9nsmSwyUTpWoPfSWU
1774455301	28nwbzAYfrPeF1siXps8Wzc8YFnunwSSknwaavPZv1QTKBDLpdwtDms8BZwssegWLUZFhaJw9kYUoAAD4ni8dfB3
1774455301	41TK6evD8U26esMFLcseRN5EVvSgvgtZmNUNgwdCXnnuEQPecd7xArmFmAX4NAhvcWKkmVAdQrNqYxKYudm3ka5W
1774455301	RQmbXd2bVHrPMcuiApPvU3eisP8CRThew8prGoecgaDbkE9TCzPnvHpbwQVfCX8Kqr7PsDKLyemzPPG32MDrp2F
1774455301	59kVCRAWdnkfVvToGa6BvnRL2Qr54M5bFVmdNqbc8b7M7MdY8r66MShzpEGgpLMHVcezsQGnRD9yK16dscG2LS2f
1774455300	6RwX8Gwhh7Un9rEWMh6FBtRmJfp7eqh5mrKE6RP7axabyAcskeAufyX2PZAgDaNYaMGHKKcLHQuJGSs4QT9A7bS
1774455300	2MMVgLBeHzcHPuqAQbnUmJ1WqAkY3iNyFkWvnSFXfU1w3wNAF4D8uiYUcuvEH3C8ApTwJLU8u87FyervAyLgVSne
1774455300	3cZCWk71mXAw6bDDSdQhKL8mMH2iZiNUxNekkxuVtvcmbebNgGi6hR3HLzJawwsMk3Hp8S8JDGaA9HPAcCPTH6UN
1774455300	5EhGf3GYcXxamG9CdN7eM1oUmx7EbsA7uA3NpP2k9eFahbZstcQftt2TKZtz16sMfuTU83pdexTmgDxcvnBNnJ2N
1774455300	55dChrRg1XVjorgj1f5tXJNWfd6pStFWKXuwhwVTkZ66uG4rD4f7G5ou1L8PrYT4Ppc8oRa1qNbv5G39qoQRPTGr
1774455300	5m8p6EnTgUneZpwqjigmQBk4CV3EhZhjfzpg4XbpMH5EK2ZZ63XZHe8jUnN72E3sxP4QzdnyXvc36C5CstQ2abJE
1774455300	2ZHsr6FQZggh45uCAnEK1AoLiMHs2j8mKegSACCnagKTnm18JvPpw5JSLzxPsy5kC6KMbh288ST3ospyJjs441KH
1774455300	2ufpfwEds1F2X4GSQJyYuNrMePKGinE9JVTVWDmXhBVhabse2sSwXxskomAYHegXwsTiYfRCsPLHhSxm3GRwyWmN
1774455300	2nVk4j9aBdermssUeLS2dHswpZ58PwKRkCHQd7kdJPfk3FceJGiBypon7zqtEQELdwGuKXKW5hDxSK3kCcaGEz67
1774455277	vhZEw2uT6Xb74j7AFKxRURCxy42u8V34eAsK5JKDxGyUrYHZrRvqyWAYaeSfFw5r8ar9WLdT7EKz84Lo4VcTuKg
1774453690	4ZHVxYRf2pP9t73uub1zErTRY7mXcXdcEuXhg9Ye2Guy4qHAb5VVETaELj8YYXJNgLe8frZ5fkRXAwffcPmK96Ln
1774452374	sWWGewcr1Z1njKSC86mcnW2bCv9aoxAvQQZXdG4GBjGBwUL3PYrK27LBUeaTbEfPhR4aoccWk3J71u8JByif4va
1774451853	9REFMRsbbPbDrfSfbqXbPWshPNwxtGa4BfPd9EnKGecxayMWBxj26s7LgRNnAreqoyFHMsozFkDhheAX81hJvS6
1774451852	5LZZ9GyXAq1fVsE26gxAG2RL85KJQycmcBMc4GC3G6rBexoSGrUtFMJrUJ49XKEuhxxZZExYQeTGTm4j9Zt9U7CT
1774451851	33tdDy4FumZGENA7R4xtQn6M8wchxUb6gMboVDswfac8zG4dCzF5qnEMtQ4mUYKvSAjy744h75pERVn5mYrum9LZ
1774451671	2iwUUEHfMvoR7YZvqv5jPQrB5ju6hjcz8ZoYNxg4riSUKafp6Yz8qpwAYE3FngkVB4ApxtQaMEfD96Gxs1tdrnXU
1774451662	4UaWE6URKbEZc1PSsPx4STLbFWtzvPmjktyFs6DPyyZSC6TFLLeW55FoT1Q9oJcDaSEWJqUWpz18cypRdqUHY6xh
1774451371	4YHK4A5JAqJSooWRYkTQGLWe3QqVjp9PAN7HDaTVakyUwWis8bRduHcHMkfGrDDc7Y27Gz49c9co2vN9rwjar7nE
1774451144	5ac9NYYzFW9z6tpgV2ysLCJJVCLkPi78t3YgPYyeu1ERuHn1dN6gqwCjYxFLmmxpVjD5yinnWUDKfdf2MhSjtz4U
1774450227	4UwWhuo8EgLyDRsvK6kC9A4E1m2z7Gqfkvdqjsp5boHpyH4sEV7syvgB9Rh25YqeAN6MsvYS8ET52BCyaLuRqhxs
1774450003	4z3tRJQQMGVfUuijpLtuY7GHnzXNdqjyTGsNEs3uWjtdzQ6hrTU1EKAsB2uHz7DBysH2xQiyPJLa1T4gWFVU6g3U
1774449381	5pYRE9CGCPGxtJcWexbw4gPbUJxuGXPXP1RkvsfrpQ1ExcLhnsdg38DCa4d4VutWAQKYzGqjEsT5gRsHfkpXMUU
1774449147	3sKtHqMW32Egt482X1VQ7YiVQ2mxFvWtv1EjKhkpMP2uDEi2BmC5UuirsyK5MDwZz3fTcfr7vEZbVkJGx8ByH1iz
1774449132	4bqPGPTuMPomVKSfSz9bwUkQbEKsYhkH6Be6HkfgGpJygUHi6iH5CqqPmTucXa8WoJ6YeZ1ctwEY5JoY5oGag8v1
1774449094	4D9k91HmUsTpkSXZHqWn7oSahB8fXnvz7tsk8ZCG5VuZS5uRvE4enpkxqdMgLbUezzuMjjPimtgNxXqSPiBpE4AX
1774449064	39Zhyy5op3HxgUJYwCzomDkMuBxC9zAawbgASNvSUFANmdtu4X4BqQxQD2sDeFKpRohiW8GQe5L1sZE4L5C3KrDc
1774449040	2FyYirHdZgnUBnbRNWqogm2WfzL2kgaspFYZDamtihQv7VqPD2eZcp1pos48FtpQeX2SAv7o3BTCbD9tjydrFtqu
1774449019	2rQoZUbASREH6Rxjd42GPxPRDtyVnkgtWgBANeFc5biCfemwijSKuHww9BogdAbu6n5gBKnspNp3uek5W4ipwspL
1774448998	5yEFWukEsNXSeiN9DUUXKKsFDhUQcmeHFFxJHHgb3yYsLhZKtHTxn2KtyT7jp72X9RXDwdYkGsC6KCayTNJkdYLf
1774448959	2uxmcL6qwFVnGbp6FvhLs4sCxq5K64o9Lpd28sM9BQu3U9kZHjTwFZnKTujqo5y1Ku68NwFgH6Zz3uK7GwdiLyma
1774448899	3wXt4KZB6c7LW7ZUpTEYzNBfNtvMAa1d27cacLhsrVzrXsY3gpJGgUfibXfaBP7gB9jaiCHcK7CKmaLYUnSuqimh
1774448770	5sD4Yc1oB2bC5jrcSVdd3Eh9kfdAmzgpe6UJTDyPYbhxJXPR2Y5ebz3MdU9ge2VXUc9mrYxGcQspwfxMHZxbjeWm
1774448657	3wkRPQGMLHFM54SNLYuguZLhSLWkvzDCMLmPYFzYprrUfhzfR66vmyyMMyqQjYXSk1LBpniAfDAGdH3JiXmMb3SE
1774447536	5VfrEzDKQh8QnbBYp7qjPv6EuuFwMhxX2aNNA8SR7YB4vKTyFDqQgGtDKz269foyucDjcyDYEa5HPS7miL5tY5av
1774445009	2AsXZYfXVx6iM2Db8QPehyipP6V9JyEVNehywR7TMRgrvi3CLL5WL9fCwkYVjAgyYBgncoiVVj37Nfx313s5DCtE
1774445008	3nzSuqWJPMnCKikDzp5ZmicgKaCezAoAxjLxZsc2co7kjPvSKLu4mS8DzygWTftEiCmCDF2vyMnUn2KxxC2YpLL
1774445007	ocVFLP9Jq7vgV1qHHkGLi3QhbB8hNoNVQEzYvfF9Y3DESWPrQc6TB2ZWEReMS2d4Yn45V8oznzWZpchiSGxU2hA
1774445007	581tAYRdtxfwH3PHLSDoPVBpY8hKiRUQH4eLCGzckmbSSRNh2baU6DJiSbGekeTkhHXyQui7x2ae1rqXPwgu8QMJ
1774443937	31Cuugg17zdqoK4BH2VNs2VL4Nbr8zLNysJ4amWM7m1mYs1Uag8KEk8SPv5SE56maUsfAHAsr8rY4XaU4d4qbpj
1774443227	41zK3PdsYdq9pkRvS2CEGRaWLH4ZuQyXdxQefFLqmsat92nbvsBV2GLVcXrdCLbP59sb47qkQCmUJ1Ffv8L5zTEZ
1774441694	2H5jB3Ckn5QM1McxysdjjVsf4bNe3uRVwodAZgKZL6hkDsVByyrHpdcYBehhb5BTcfEwR9XbeDzp6bVoxhPvdxYL
1774439799	dtfX2biMHs1Xcn1KN7eSFphQxFi7oF72QQXFgZNknKxMuYUS4GBD1vFNYN4mRFq33oZ7LnaRJwDiWpWsvLy5AaD
1774427761	2cVCyQgVroMTKDYCnGwyJfM4UVhec5PCyJt2cKYNsZ17Gjh6p2oDNrWTcqc2YgtkSNe7JN2excZeKjnEq97Cu9rw
1774427395	5dA2djSnfmejKEjjnGQRxpomVfP9GzWeMeufAYjK4xkGeoefbSbPDKFrvYFzekSH6o6igX6jPvw1NomM6rjZL1Tg
1774423275	2qKh8dbN5DVXEi56ibxzYFyTtt4afNrcFjHUYM5jKCQWjoymn8YkKVL7h8TdN3aq6mCJ5BdpUgFzv6bgf8apr6V8
1774422660	2EGywgEi3yQzm9nThL9LL5YkerSKJxSEXH3qiSowBz8qYCF9ygxCtXe6apBkZc6W5dtNgNzJX1y94grgeAtNU2jw
1774419886	fuwmjDWw5diBA4VQh9hDx2tikcnSj5Gh8CsoXbmKoN5GhV4mpLmfYeVp5FoCEGNijuU4wimviqKBKq1D664tssa
1774419885	uQC4wn2G1ynXaNCTH9y9a8k3WPFcocGz4tG5PaUvNVAzDUnk3VCHLeEECwkCNYcHKGEPigWDz1BpACRfSg3R6pn
1774415307	2vpuivRyt67VKfSarXmaZycG6bfwdi8PkWbrjmKU4esPziaP3fGC4xx14KzV93q8nzNct86DVCw2An7eDmXkVe5Q
1774414825	2oMiXSCBBfAWmorL8FH39a3sM6oLhoGkM1i9BjaqcGFLahj4HGrYHALovxCAo37N36ZzUAKd22bjbtoNAiaVwpuF
1774414825	32sP4uCHZcSGoMo6phGWcReyuVxpynKpUSb2pEXBYxGaeXmt9RcK7JJRyKEwdEa1C7g9Lk29SvHv5TvkdSDSmWyE
1774412379	2TyixFfE7sCeaKzGr2Xyh9ybW7rZR58Y6d5XA2h4anQ6yVJHimKhwBpuWxGDoaxZanzWQ8R9gNB34f4sHExy8u36
1774412379	3iUNcu76T6U9SqXjZwedHiy7oKTqKmEUsEkWtQMoK53DaR5TGUM3i8kSTP9ZwvHiPtxFEuZhWhoXX9SrTru8xhjU
1774412379	5B1Sc75x7NFs7tAmv7dMGXGzejiNfWdnQiKd96Y7F4mrHJxv1CJHWogWRvm8RVWun4dMjQHc9JXksBbQN6tzzfom
1774412379	2rtVHy9zKHSmdWViicZWiSLKctR3QPRVRRFjNKztUi8ZyZsu4iy6SgESkmM3eFvcU2vsFki8VqygMwZpgYCw9KSF
1774411310	3hKfoZ27Zyjqm5KnJiHUhD3xuod4AYbJMspv5AtWpW7DioUygFtHsoXashAxGi3nhpeNo6gAbqdFd5JY451uFdv9
1774411009	4HeURF5mXRWuxRJMz5o2uHHqNfHLzNbtRSzdEb2ESwUVCLauUEsdVBQX52cBTvAjsP4x8bNUeerYqHS1PaWrVP1b
1774410991	31y2EkCKnrKZwPUMGNmV1GgNedzkPrWkHZUHRdhubrAPQfaDfe7djRPRZmNhMPhprVpYKZsCwBA6J8MSRdaD3WB5
1774410420	4g5wSnGLBSgCenab8ddwU6qEizBDgzXF2FTe4KKNXMvaQkb32kamuDkn4Cztp3Tim3iPzD9G1S3VfRUxjeFrLG52
1774409004	3LS83rYDbisVCv1KFSEDpo4ZdWRFdbZa67gqzmFiueXLdKDbV5N1G5MJUawseQ3RH9cLCRdxH5zLvtta7B437xSz
1774408061	32bUzSPLXz4MdZq8LR1mbshM3CAxnQh7P91rDQpXzRo6q35QgdSQtxemgbqeznKHU9eQKhKKc7ZFagrgSdPnJ39s
1774406696	5acEuDeyadpfX6CEYSBHiJP3m4bHzyp47BT9rCd24tZCZY2hJ6vPQVHoHxFY1MZa8SS3GXF9LvBadVF1Vvpcb5LD
1774405676	43h5E2qEvfzbbn3VFjUVjoRK6yJEEbKHxs9uf9dENxMDjp3RYHv3fPYjX4sXRr3K2Fotk9fWvhm8cx1AzppXcqB8
1774405676	2TjkdSCjBXeA77XUiLf3ahmwsBQ3pzFhciKurDKYQkfVfQwB24s2ut2rhWn4zEUfXC9YNTKv9KuBYp8u3MWekFgK
1774405367	5R8jiX3PCBqzmQiEUsCtqLDj6owBH79zteVHZPwgCcKmfQspDTLwquKx4ZN6zzihwC6nnY8An8bvNchaY1qXqPPM
1774405183	3aAWPhK5A9XZyjnmB8ybkrJuGmyDFKrn71shHLw93cjYmYcftEuzNyDXU39Q1iBb7LfkREKJ3bZxYTLkZY9QbCcL
1774405183	3vQL4kgvZStFrQSM2vCYvaKaH5MRSGgxEVYWuEpcfCuLQ8bpiUbZX51Nxf5qk4NVR7f6PUgN4GZEqxmG75Mrha3Y
1774405182	2jwpLM7GcWiHDramjHBhQegTeXgvNVuH6q46hG8SPxUPHec8tNLfabDbQLPQUpagq865NyaHsbigbGZWfBUJdivo
1774404808	2H9SGwR4v5xnzAGwkKuGL5vUqvVYsEcZUCGnjZDeqAWsDKT5bKACFj5y9CxbQHPnXNXG751SQyx33B936B1NBisH
1774404284	5YKHMUMvN5XvuZkZqtSmd6XeoymjDvPaTYyTVFUJrswmcrTJ9eVUvCoawJc9diN1uzV8sEj55ocysGZtRJ9A47kn
1774399734	4o6qiNzf1ufhz1kMV67NxX4CnuXBABCoiBkfo4cQQ5HZaUxHitEtSreXmvzNTWtyMQtMJ76Hvf2G7ufubYDzV2js
1774399046	4JYZxkF8RADcXkKdPtuyFg1tsNjLtTtJcbzgUWUSgP9xjQwk1uuw4PKqpPzCjquLMUyU9dyNZJoBqZbfw1bLeJQq
1774398802	aLbo5gngjuuFgAgxySBZzSZ1Qs3npKRHJqegSwEw32HUNzLe3yMF68LhL2XMKC7wUeRCg3ky4gZGaCFUV16j4hd
1774398575	5cxNBjnEGnNUn1xEvA7zER9Hd77Bysg36pb7WT19P9naVD5kVzoqb5KZGsXjbH5y449oxK5FZ5u3ubmxg3Gtj7A5
1774396375	4CvNFQo3bCwqAVWNQ3Szc9RVGepE6VNJrTKZMP8gModWZkViKKJ6BQquAk7U56p4VkxyMzsdkghE8nLErCjjPPZW
1774385311	2S2DrjmGWtYgcygC46DsHP8fscdjmqnXg2nCcokyrsDt7wQZaghwtpviAgWRU9AwxENFDuPyUN7f5k3fuLzv3KLq
1774384737	47o5xJMN7hCjV9znzir2svhYpcuqSAHhc4QNERfbn9n67WV4vTv8eiWbG1xe1wFAzpPqCtYkWHjoX9hdpJfQ39af
1774383334	5aUWn8WvE7W9qdaZ9vigPtkrci8FZASomHsKmDqsNzrtq5nYZqEzNKChaAkcNt73uHEmjMUn5FTf3VY681rGngGG
1774383274	3Pj5EhwXbxXR1obgXJvzGLZjm8QRCZHUhbaB2pdWqr9FSz2mQnW56c8LiYunCCP2rWDS16eGHoLY2QNoDhDT9r4N
1774381997	TX2AjP22cikLx3ns68haCzVfb87WD1fnrGyJbsHAg1uvqYmVgvYv9B1syJc8HdHXHN1VhHrdvuLsXJ9JPiLkNVv
1774381408	xWAEiJcNsmw7MLBSANqFy4n1TVD9yFG59tgYR7eNaeyQbPdNdH8TfpLweFwV2bSD9DTjKrKMLgy4W2xQU4kkRme
1774381404	xDtT1iqJne717FCdaRXxGCEffTzX5bhSnPhAYi16fBkxoUo5pmoDJ8wJDpjSXe4DxnQgn5D1NcSTjKvihPCFfoZ
1774378666	36KBaZ3LwsiC9XmWhnuc69FSaQtkduZ6Wcj94RjMG8aQhNFqLheudYMT5TRjqRSBeT1zxdT5zvTRrUoJyJLVyYgx
1774373012	2r3tUUDi4ETwBfJygge8nYuMcELRXVDAGp2DJJm3g8xT4msuUNMsJXkNdz384pjDEpB4sS3JyeNfWWTGrcxRB35o
1774372588	62MNRAWgPYRm3ssHUMxCysD4FivFAC439cS9F3gbrt1o62YG6asnmnmnYoA2DMqRT5g7WdAPzz7HYaWQaCxgk44a
1774370225	4H1dC5HjXEd1E4ENaWiXzWrxHeWo9TybohhkLK4uJphekgrJTq3thGiv9ayafTG6SzsKba7y7YuMhTdkNsWxedCX
1774369114	4hK5uc4q5DqgrSPysFweivMnVATaNTUcBuXJK8HzX1DjbqfpKmd8p8yeVFm3mRZ5pUAq8Yp9s3FFrGJkzYwQGG5z
1774366496	41baMqxXYUmcrkHuSoFSkBXf2CTh9QKb5JsrEuxwAbTUDB2GuTY8uvRzdKizEbKUjqeUcfriAMaV3LLvRsGBUDop
1774365428	5YSZ2jqjh1ZHDi1j4E2d3sgbWJ7TmZZVDcdy8zbFY7vFa59KPK1uEmk1HgzPJe7iDisB9Eixr8kvhECVMWF1npZg
1774364657	4bXQWyPydjbtguS9BYrbm31HaAnaqLafczVDgjYoAW6iXa2bxRJfaw2KhG2wpUq1bhCmcn8E3nU2o4aDn4H57g5n
1774363827	3Anriw9LQWeywVDREtRYm89QZhiUt9j8PdeDdtTxPZKLmib96U4yFSWZCezL3DdCxqx7s7kT2ig1c7sxMaVu6Vnc
1774363825	2Sfqpj8cg7UQdcWceZfWnxrJ2pGdpS1QN61oGPwAr2DtZFwyn7ysnpRxFucYawk2toJJQ6qd2LnghLZVBYhuFUYC
1774363803	2rk1fBK9LnDStbpfZQ4XRtPSSzydf3nUQdMVeXo3N1hUi9h9pbd25SkKDJ6NwEKQRUbxwBbKdh5P1qx1fTKpyZAK
1774363376	AyvuDYUkbuhF4kjUphtVfgnjgBWNiZpEKeNrCir8DLifQBnCFE6ebgR4LsDH5Xyw4cCFAJT2TcLSQyhNBpiTXDT
1774362694	26D3k4RDdTT37VkNEiuxJHLBckBA2TNWeDreYKPJ9h3XedgJrhfsi4G1X6vRhKtPrWLQTadMRqH41GdSMr1TPRZN
1774362332	5Tnts95wQWcX2fZPuTgGPfX8QDpaWD5VSE9HqCcW3ZRaYfPF284ndqe93APrB6at9mB641U78aQ6qwUpMmHi7xNE
1774362064	2Gr2Vp2pZdB1gMHa24GAcwcRPpZzzY1houPz8AJPnSzU3XTZ71hE5ErayVw6t43VxHYtGd9e8EMkU9hd4uaZq4JW
1774361949	2Ky2Gsi55UhzFgBKKtbDahi7JGP1KRo3j3mhaXZ1bTkeE2D8bujDjhdWdjJAyR5Gn9vwu123UWJuZnndVBCcDShA
1774361924	2H7qDLzPWYQaSAzp3tsbMocaGiAAfBi3MNN7gfwe7ux6jjmeLMA43supnJs9SuzND6BUUhRAuBmhW4x73V5SobP4
1774361922	3oGh3Sz9LPpzMtpCo1JYbe77ZFiK3evUEVNTFJ23BUTNUeR3FKHVnuW7Mh7ScELjF8J3CjriSjahuiCmYQsCwdiK
1774361559	jKfM5ScXaxzQ8zqRyYQZBwY4DriRZQgGAkRu6TqhnFSQXS5QEKZs3GbQmFhs3MUG1YczxFsdrnT3gdVUmziHjE5
1774360331	g86sL5tiNejh72SrdTAVEfGybaHQ1mZhiyMD6c2J5DbdNTDC1faRg8oUwZJrfYeY8rzpNFstnTDZd82tyW6wQG5
1774360331	sg2uzm49uGeDNsa65ZyoZEDVXRwkeFxaV1RNL8kar9DQCXXAdPqp9HnFA6QwuUBnhCBVAYVQiKv3yDm345A2gxc
1774360326	2FcHK3nRxwkueezFcTYAUwHGnZdUqzCnSxoeUQsM31GQYjbsnk1pbfVYpm2ddSRtgdGN6W6NhJfsBqfqaqcHaFCB
1774360174	3jqhXTgSSJPmfFeUyNyX96L4tPyBykWUDRUKfGr41cPHCdYyFuxwwbhxnaFW11FSvgVF8GhmYR6GbXN9v2ED9y2B
1774360116	4EVfoiFZTUNdyDmjRvdNH9KxWHedPjp5tPkxgXj66ezFaBeMN6PiY6Lq3efZooTQeMFExY7GvZEofqFkHQhNZjPK
1774359919	fks1UyGegd3qf3WfJkmxvU1vJifBERxWLS3fxzh9kHGEyS7BxENnusszVwfV5GLsLtDBBUmQgGXhCSHn3onp7FR
1774359836	2zxv8ntyRFLYDsGoDiqTNr9hyJNeVFXKrDxsHgLBfkJ4ZjUvt7gCafbUfU6xbjW5HP8jLcyxkF8Hf25ExprbnaQk
1774359759	3XzXpQKrvtsGGXF6KMCwofuq6amrJ2KGkedfENDw3EyE2Ljy5xhqt99JampWYwn3JX9zJMhiDh1mug1ReQyqCSjG
1774359716	428wEz8seVuXe2uNMNMRhCfpGmoW9Bvb7uLH5NecAcjigBjkt8ErcMg4Jm3xB32N3jPMQFr92pWoNwkgQQin1cQu
1774359712	2hnzjJy6uM7NPyMPqQXQmu94XfHzJmy4QzeBSWMiqJJWw7gBJjqtS5QH5HnYt823Qga1eSysBj3Td2iHVR7r98zC
1774359709	4xoPmexCkQBmFAEgiz8Rk6ybGMSK2ZGddLWsLzZz5PmXPyFygUQWayCDHjabxwMZvS4UsCSJ4nQTqPTXfU2C5NZg
1774359708	U59aREiizTGGWYEsskCX9hLEYnjVcHZ5iFQAK19Jhc76BJzU9ZwayBiYSQ5az2P1y9Rc2fE3PUpFeYxL9zmUkbv
1774359698	23mgw4URZiK6peT81G3o6Pq2hGrh9azb7EdScmwM2gr5AzL5N4nhCcuEE1fr4fHyuZFzA5oB2DtFVA5ggZjiwVwX
1774359679	5ZdwMEzzQsuGjSkYSNbuHP1Y1wnu6TD4cCdCUNEB7oMWbhEvpoB8MSmZc7hGLuz7jQf2RbWC5ZiKF85zXQLQFQC9
1774359661	uVH5cQLEmEWLdZr2fVZ9fdAwZ96sjNxSDyfRf1F2YxvQeAR7pJECb1i23xk9HTTEY3m2HJ7gY4DcYpma4dp6Qs4
1774359659	3dtjd2LzBAZmomLpcKR9SPSEHrygHJERdw4f83z9iudARa6TW8WBLjvzrffvqjc2BUFof4vp4UA2qK8CnNYz2nbn
1774359656	2FucefD1iruV5KXxpj1Ld3kqmzbtToyGc3aLNobMpKCjS35rMobomChTJ2ESy5bjvZKwcJj2vG18931ZRAEnYj5w
1774359623	4jeN4URXwf3At2YV31dCUw3ukZMZp1qUh2G4FxmGJ4PC6x49PGK4qMbpYYFSWFhCnv8Q4agALi8yVZc1mVvbRoVv
1774359600	29qU1xJz3uXV78JqpzsbAD4RM9e5E9PrXdnH8s4PKVR53mkpt8nN9yiJGbY8WDZ2HJDbZvSPzGAy23kZfBgk2hMh
1774359600	2L2W3VbrqHw8M3mvcFXMmzF7bTiRwA3L7y1Mt661V4uxjVRGC2uN6Xe4kafdTnLyWHpBSTLD4ctaiK1y57Ns9iKi
1774359576	3SZtEwbunt2iZcuPc5dR5bAat2DQVWouCKQnh6LMCeEjNuvV567cH9rNes3Vr6rZPA5XfMDVLEx2CsFEE7wBBbL3
1774359564	4TrZWfqgBBEiazy8BJGPUQWxXovx4LBjHS3nRoXbkktw4CRu6hy6QjemoPC8fox4o2CAxcCVzViCKaqYpRDpJxMp
1774359541	2ecLemX72j18yD9MXG99EJeN89NxQTcRzthPbQKUvdacm248uCgGF3ZKEbuNvohJ3Kwk8rsMp3ayp7KonVJCkSup
1774359476	56RUc54BzYTvtULczrcNhpuDLZsMMdT2adtXS4FMfWpmbVLiwp6NsPDKdfqP5WFYWNKbskoLeEWhkmxmZRi1jpw4
1774359431	b96TNzMUX8FxZ84j3Gzh68ewbTPS9Km7XACsVZhw1rHH2HebeUR133V4BvPNFGnCVJ612195aZ4wQybRbYFAqzw
1774359412	29wA3VS5VepZZ96XL9w1SrannNWrfaJyNeZvtzSNnQdZaq9VHjdgPK4daKVoWT7cGBvE9yutfKqpSJfccdtiMH44
1774359394	4apRVt42adK7zWqnhxxcVWEfRAdTKNxJGPsYaE1aPmujRwbpEyWhSiR5r1N21FG9iX8aVG72MdpTbZJVo34kC1Yz
1774359347	PtaWA1cPRByQ2WtKoVKrDsFSPijc6gDC45gZ6uPiqWgMCZzUtdHuWqnyWkBqshK9SLwwKMqGFWFWrT3G2hr5UbN
1774359300	f2xdSVZUitRtz6VSsBNZfYkfGC2A8bFVSLsoUaijiMxzt1pqkgACo2cdxidNpsqEdeVTTDJWJ61GHWxrcvBAwzS
1774358587	4aG9Ydc4YitMQdbHs6a8Cxn8RUFebUbr2C69J8f7Pkojjb6TtsVhyc9UJhaqzv7GyMpC6wjxqiUADUYCeqKQsa2m
1774356783	fFKA7WifUsoHQojmMcKruhokmsrufXeaozJTepa54CgqFQsGscBWoVf2QNQCRw6KM9MsxtDCP2Uth6kfn6LDc45
1774353604	UWpUje2dmCCbdzbYKZjHuFJujmZHXJ6xMhBapxgx9Rjdeh7Cnuw2azBgtdHm9TmbzwhjWLHUSC3ECLEkbjedMY7
1774353431	4QgNACU32Y5yvyLR7Gbv6muh2f365v2iv7hwWAiH35N5d8rfx8jNV8TdQXZfNFrJcWJhMv7Zh3vkaSBQEKA1mtnn
1774353344	3YgbLU76Ej5ymxnCEqgCsGmGYsgS9eQCSB21Ri2h3FEBqzQmKtzpVpLbsXedvrCGyZCUPzcCx6cP6ViWCrh9ArLj
1774353310	2J2jnPtcxEJkbCKusw4QAq94gtVbbXkY6U61neTtPJUDSRuq23T2TFudzNJq5zQJbmeUnTuEfeDjPL7rrGZAdpXo
1774352924	5gZiTayqsubw3ieP8JTbSCS1946BmNrqckoB5iaiGQiwYh4xd4iyMVuytY4CDtMsnYCd7nS2aCRwST9FQjpqsSQX
1774352365	2BNkJuugpVBFXTjcBiq2oERRzhmoctgyBgtM1HtnbYqHimog1DWC9F2UQ8cADaei5Mfka51piojaeeAwaqE8nBC9
1774352303	2TqJRfeKDRhGbwm73DJC51wvgcUNCSNLKjgcpKbdktj1WXNSEeqHzSHHMLneZW3Vfdgomcn1HkoP2SiuWR3Ki1Ms
1774348089	3cEfAF5a2LyPoicEkb7DvdVnBbqXCeQmLDMbuNF6ARKaoXs39CkVcavXagbnh4GaUpkVBsc6tZsVMYSzceHo7KNu
1774344860	4HgpUk1FG91Yqy5sZCHNrt6NjNzYbC684t38BQ9c5Mz71hwvimch9wFf4JDNLgoba76LcRbxaocqofFAD3ZCiYzd
1774341914	4pxyxrdb6TFFNs1RQRnf9FFcjLz5x9bPfQ4PVdARaAguiRz8ZJCUeGJqtkYypQ5sUFPa2TzhBWXSbsqTBvojotTb
1774335217	5azNmkbdJ3PMfUSMHDC3G8XzpgQn3f1dhv3rZvtTZKyzTuSqchjdgAbpHds9embQ7Eg8fLsjttxRyLghAjiw4car
1774333240	4KzokYSKnybri3oerT4pzSxUyNHVKSVsLJW5jdRtaQBNFFAt9ixgP86JbhssmJVQkWDjwmd4EJnQ24oTJ8thPetw
1774331591	9Zht6ykMkPNjqa4Y4iEtAwPUUAZZyuTZPYFwTKByUWKg8otmJU5Mgy8tj4VMj8KER5koNFMxEy2ws1onoFMBBzX
1774329848	2bHdCeym7cvtq3n1rmdvS3PDxLsr3MV4nuE1oqUHAxeyWEb3EjTjWYjNhKisFf6csXUTTgQEc1PFs1quDrQwFW4H
1774329651	3T7S7WDmVR9Kk3mPq11HEZaXAzXAMidN7EaeHpbkhe9LQ1J9cSBFP7C5zUVWJVHxbso7UiLDfu4UoU9kM814LNdA
1774329651	5aHhKxyNqrnn6rfTtGUQYGWg1QAHb29ZdgHiLyLpeH3JHWUJusucssRaT3upPQmxYEa8Ne69vHjepBwtgoxX3enR
1774329563	3HiNgtCjDt2ExrQAktdGsPMZbm3SqyJfXFv6VhiFL9Y2kTFriGzQjhBdqJqWMKxBewAaLqG1n6mGPVhtobHLMe1A
1774329433	65qtbCy8Nu7S7mWznHZEiHZTbohgyGESmEjHYUMP73FuQhW1sdFrf1TiP5aHZKCSi7YYtqrvLwSVbLKsB2Wonp1f
1774324296	BeUjDECeBMEZyRcwrwofaJQSYjNAx7ggubP5gSanNqTwVW9rCwBk9QaNzxbaDz8hP5w4BC7Jusgr5Qiz3LHZs63
1774323392	zFk2AmrdCkLWCVr8C7a6zTdfL7jeiNUnhcjKQKZmwf17xrGwHrEAWFyqGr4EP5Eg7EpDZ4UfD6hmdKV4AfBbd3P
1774323250	3cdguCs6vyuUq4CyRJmdSxvAocvu41rbxSMuWMkdyQXQf3ztN4ptLqTBMTNQbk3kN2QhA8dLbLuCRnZk5LYk2p7R
1774321826	DetZaww59DRUKMN2baB2fBCkqJPXXAkytYgrspmbGXUKZL35rNw1RcSeTr2T2MT4FUAfMLc8uv9wYNpWDcaiN1z
1774316868	JCanWJyWnFPYeCfnJYvzxU3SFLpZSJ9nWc8D2z7WgU3DgtkzQ7pVzETLL8BxrkBy87DgkqqPEMgtiMMeyXbKigy
1774315146	Sk5knfFCRAo29MJSEUFJPQnxFTXHkhQaf6zoYqdfk3dCzGCqteW6anA6VeYK92Nu2KjBQWKw1Q4kGtSXNJPVk2a
1774309675	m3bndcgdSQVzmKzSS1CfWD3yu5vMGjKkMgQi4X8ixHXwucedYXTM5BJTLRazS1od45zSFEUQ23oaKqW2FfRSnoe
1774308828	3aVMAeEieHvf4cERmjhuj7HrB3SJZt6nGZiHZmjFS6YahzofGpPEdpEtn7BzydDdMDDvdBWYEtjNRZYvLW81hZPk
1774304800	2Gfki1VFPt4RTZehrcLCP8YCYG63c7NLtAgKDQx3245TYSKpbBHNHm2Mch8L7HQVfA4KR8ELUGbFt6mq31dvg8U5
1774298860	49yXjGQCargH94eiCbcboQzDpM2Lb5E4MdfLHzNJE3G1jzfF94LpaRwmonX89g1QcxTEyuvP8KgRf7y6t2cTR8A2
1774296548	32hsV7pwT7AZwMbuK7SAaohRmYYqoGNAzBagaEVmU7rNubL1cYRCL43FSX8NPLJY4711sTPSsUctUYUPfzRu4wGE
1774296113	3u6PMr9rtk86pn9vfCYhibuJfQfdJRTkDwdbvELPE9c5z11ZsNcRi7B2hk9DfkQQxf2ZoXL1RkReVKHK4VWanajd
1774296008	5akSGWQ5edzweKC4vgy8NuFm76ELwKVaKQ55mNtRizBbrjkVRWuG1enFA3ttCSQZ2ASKBGjviVoAsTea14FYh1ZW
1774294863	3Dyb4MP7xy3qr6KfebtUYzsmU85mfNFWJFYqwcovXeMnvBTwK3coBwSMjYmftx5hpsZJTNh8sSdJnkvoA4UEkFQj
1774294383	39HcQW1eZJv53S3fY9djzVED2PEY8ieTbNj5JvCxyz1zEyUrsoheEMcHr57XBzP9tEpuLwpb4DeU7cMbmtLCZf2a
1774294291	4dQdYpQpHHTCcCuDtSVczFmR6qm29Wjmuas87Keveh2juZu4mx6nGdpWTGhrbab8vnJ9vBkRGZadjHGQe48cfEwr
1774293808	3MSt3bT26QZ5GmwVUZupj4K9tg8xsDCwNKMTked8mEyyw6L7XK3thsfZGscpBqjnPzAz9wWGM7c15yjroS84WoYn
1774293788	5JZC6jgDhYkzoRWT82QRuPHhfMoVHnyfuyphcdBfJTXWk7XErHKq1U28rxppc5VHsnBYL8wEvvPnkaKZ26UuvT1u
1774292732	3Tz5Pcg1NLeZdr9fvzP65mYDJAKRd7yKSfXCsdQpWdMEzepuh7PWjTLAmhJs4WAZEkuM8st3fBprjnvamEmpugbE
1774290792	2mrzbnif8xTb1ynxs5zfnjhicasZxkMcQTQpqSUc1h4YwoMNCgzPztnCE3t2yA4q8eTUSMGMnxBxuUZ8sEDLwqgL
1774289294	54GDqy99sag9ymbo9E9JUeZuJGWGZfA6kwMcaU42FiZD3EcVgT7qAyNRLHN8876n92ztqQkDUTnuX6yN7ptj9xu5
1774288361	4Zv9tcZoqFoCT9XoZFNYKh9xmJysz4QmzusUVhLSBwF8m2rrMkoFFTMpJbYbK9SG9bpFWjy341LQxSEwapFrNWCU
1774286850	3HX9TcoA3NbM9Fd9SUFFk8scNmMkH4Ufe15koPqacp44ADbLCLVXbXmF113ikRiCMmSnPgpkWDVCXFCJ2AP8Vfnt
1774283909	2wuLuucwQGa99dnrPVDBKXmv8zPAHygAiE8zgXyScr3xMd4qA1QZpVLoAUfxGuT6XioLfGnrUTGYxNsgWg6zXNZz
1774283351	2ZhJ8h53r5mHAuTRgv3s33Jr2npsV5VEs2WPxQTLQiVdqBKJmmcCyNi9fWZcFLTTYQm2PYu72ByRa35f1LBEBzWM
1774282718	MCNmaUkgnbYX8ehWR1x46xQA8HVx1udkHAE4ezxeZDTHy7evcR2Cp45vjTreT3KNkb7h7PipjJ3iZV2FBnWB2yo
1774281505	5gBjag3XNMDFpwcPk7wi4Kjdzznp4XegBRyussWL2xjCduEHfwBaXcCBf7W4BCqeccHkuSZ4JBcBxN3WoQ57cDdQ
1774281365	3EyvNiZ7ABZzFJmRSYK4z47PeMk8ghPwrDkC9S6d5G8zoepf4Ni6tmexKTwRy395J2xQD5uo1dHjzVhtxHseDPu
1774281335	J7Lw8hWxCsvYMZL2iBqNEz9KbKXYSWKo9PTMcHVo4be5dhx4kcwBdNJK26Q2yuKRT8FbyiLRNzUA5XfDjQC8v52
1774281335	3y5kep6A4pyg1ZfN6isd3UTWF1GvszCHk31jfBynAewHjbcaenN9Bn55RiB4JYuJTQeknHdoUBu3hcVLmJYv1Ry8
1774281334	2v83Q8F9f1tj5RhyJmdvi6QDGdDay1yCLQwLbWmmrZeZCf8cvwX1MUF1P1F3mdN2yWHNKcTmDeufARAS3KxZzU7R
1774281212	28udWeh7ntW8yttpGn6N6YUBPznkeTHzyJgyhuKMJfnKr3k5yEmP24CrdK2iBF6paJTvJyun8bC3WEmVg7txia8W
1774281205	24U4BQRjvdUMme5K6G3sZghGk3dmpxyNHoFytMoH9kEpN2uRvX5KeqLEwFaeXGrnWzyZJhx14H7DLi8P2jjtcH4t
1774281205	cjpfvM2QxoKhR2tpPXySyR5AjrbGJ47GkFCMbWJ4oQvXLLHvpYS8kmGXgKNknwbs5y9DLS6SMSMsPJnQ76e1RAk
1774281205	4EbNRj4UmueU1vVtek3Eg6NAeGwZZhYrU2yWNEF9ijJ1VXuyHo9iMcJaZenKjTxae1jspZSyL7nPW46zXpgfA67P
1774281205	5o6BuhEPESYt8Wfq66YEWXcdPM1uasKaVDHobQcGLRz1F1tUemt3QVMH7e5u1RL5tL1YeC6SVwUX7rRcBzUe6CZC
1774281205	5irjdU318PsA4Nf4cuKaL7AVf8ca6bJXvzvQZK7P1uHVmFmJA4zC9Th42opv8kAtCpn4wCDidp7bGhq7VMxP46hE
1774280831	3CTRDrQaCAbahZsowFhXfF8v97ivoBDR35oX6mtNEmA8xHQqhhCge1FeGC7xykYZgxfovgHZCa2Kshodg4s3L6HW
1774280093	QQ6s7Zhm13dWNbq51D5EMfXLpLrFBf2drtUcVLaXciMsHG5irNmw26HshUeCfL3g5u1GAKShaYhrYzQoQLWR3jB
1774280093	3eHEMG46RJsW4vk4rQ5tpSQWKtGzZUc24WoLczsaJni7gvbEfvdYSKKvxMdAk7ZrjStVb5zjzmtcP8a6XKyZ6HoF
1774280093	25yxH7LLEUfs2XyLY7bTtxfjmgDb3QBtyBbT5c6U8TXKYUFYKoCn5huNiFfzZYAQ4K3jGR6YZXJ1B4CVpWXSoU11
1774280093	3ogYbH8mftvnPHXsE1pH36492NES5oQWUS1HaHK9iWGU3SQFwMHXhW6y7arsH8yJ3Q8Uo7LXsurVwANK5bRSCqss
1774280092	5QgknRTgGgUgXudurdD4aw6AjLRJizpHPBvCqJE1bGXTcahPGFiYb3nVShgaHK3EuLexXoWRZM3Z5FCdh6xk7TvZ
1774278274	A8XMj7nkipKB5RwRX9YyVLuwfmN4KcfDMYxwWDY4HgthjJXZ4sD4ELTf3x4LQBwJ3zxLetwPAw6VQSfit7odWwz
1774278167	4BjzCYEMnmDXthbNcNgxJySe1DMepd5NzTfTdMcF2E2hdH8wG9bRQEAa2ApuWNT561BFvLXi7a3BxntP5MqhUpy1
1774278167	364n25NCyu1xqwM1uHnhQLp492f6Hokq5ggXoatra362FbS3sxBQUaQaTPPfjAdYq3o5o4YtcmJUatCxyrZdqi6Y
1774277966	HKYRcyzUsHL9WngvYbKXWD4QiRCoVBr7CvjvbvuUAUoK8H68XPvqg7CfULX1EHRiEnePaCCwE9gk2KbEJADMBwg
1774277966	3QTtjNbtfUnFSrkjTkmxvewvvQGYzNyGNWtKjLEnoyG51JWCdsXxDSyRk5tB3y63pJQoNUaFWyRGwL7m67BKAgSR
1774277966	4ehfTKceHFcFFe3rgFqJ2oukHZ3paBfcmu9crqEKgvqFHWKqLTcGFU9GszGaeoge8XChAZMT7TVw7H6xz7ubLXUT
1774277160	HpnpZwRBiLSnoRC1rsoLoh1qmgbTXTkHxkQvzasTNSqxHN6rhCPXg68LqXHBi61RB35eXHUeoZMgxzYQR7TRokz
1774276333	XsUrQjbR8ywxQPoeUndjYG6j52fGxUXzyJWqCHgaRVNw6M68DnEWSjfuxPE9Vi5LCzcVCUyiRzBUGvUiLUp4ScE
1774274304	34AKi5cTeDqvrQB2yfmkZAspjcKJviupkRxPPwHaknBv77Z2X2QXG9poZgCqtcjMRnSzsuStoFtPM1JKeCD9Tndu
1774271635	3vSW3Be1hXQTja4xFbgnoMXf3PX6zxC32S3GfY973uunc5S62NKa4v6oNd5VtnrUr8UWpZNqGnq8aLaUhsvjcRE1
1774270744	3n3j88hUdyZZLvBzhvExZxZUGZBaJ32vgCd6hrpmZ2iP6T3othhxz6ppAaZocuNqKRtsxWRyM6izt9Xh6GsCQiZv
1774267294	2QBoAjQf66VEM1vz4MruwUAE4YRzDr42kxUWEW2mWmGGnb1UJo35euMRZ7nLshCbaWsUZkxZ1yJicibmyoXWMWjy
1774265377	5wvjrBQUBjwXNjkd6sFGHBd49kWJ6HdWAFzwpk7avCnvnCoNzZpaK3h5t5NYJvQzwuNQuHPtFZNrHvGbSmCTn1zQ
1774264394	2pS9Eyyx5rhu1UMpFjqiGNQrgZddScUCLUkD4wYamaYRLQm53AtZ32zUJxytYPHfbYXKGPsjQhCbn6dLpGVH1UGH
1774264393	5uEmvww2eHFcHmcoNFgVwK2Z6tkQFiCBG66Ewpu8hexM5mExZdpNrtYMMCpdbdduouV7MVLU4mpT6A7n4Um51EF2
1774264373	52z3z4My9LdfrY1k65AZ7bc3s5mfXadXJSuM8ZQPjcuniJkXQYET5RTGWHTW52o5iWfKYnUxEAJJEuBagY9ya4js
1774264372	3j4se19iFim1tHRS85akyhtHsd13CJqZWMxvKQyW5HB2oBXRfaDxU8KaYdbLXecEhfEwgz3VAuRB9x8maVKek4bf
1774264372	2jcYphfRhwRm14hYBcMzWcd64C4cfR91cPQPoqnk7YE62iJVFn8i5bgx9rXSXVNpZa8G9hisSoW3aGudkcQtYQUB
1774264288	3ntRzRJqBkcKttGeVwpT4oexDhjGMApSaK5u8ZxSEKBLRVX9ShPf4riWe5kgMuXmeAsxvZXjAsSczAV9TJF92hWu
1774264287	44F88EDxKxVUreup6pcwR7rnELxWvEHoW1G5iTPNpqpPHixP8QLpX8U6hu9WuQsV1awKBN8XunJCphNVK9ZymQic
1774264204	5XuDc6kMDnx3y9ajX1YPBLxm8KjSPsHKnTuws95m7N2ZaQQHnEDQyK17FjcETzJQb33v4sf6BrpdZJfTrbgug9Pv
1774264182	5sSX1W1xv8ZQQcSRmyr7cHAPk8u9aKrgsonL9s8qHe8HYuAg739ikP7WKKN9msuQwGwoe1BLhD8n6KuEcKe19m7U
1774264182	5gvJaEmaKeimMjoL84x1jigCDH5aKzEYWzBvKtBnjdBcL81VaxM9A7La2a8wmmicWFVeMhQHgiGkZPYv8sgf9Kec
1774264168	2ZA7y4zKcERsb3CwP6sHnx6xxPA6f7UXcHDfHVLNeQgoPPMJE3n89Fi1LY5oj7Z6j2dNQRMdWBC3gPAZHe8KnmEW
1774264157	3xBq8bSeB6LhTqrUxqaXKxMLMxKn3NcFVH8EvRuCfVuceoAxkhE9HDnxPMTb6FUHm5JjbB9kD3wr45s8PjAJ77Jr
1774264134	3jNF4jDuXkYXbLce1pZkeV8pEa33N1NVcqF98dc3PWX9xdpEaPUkzi7pQiDLX16Tv4xT1x3uZvmtdXquRGRKnAHu
1774264134	4gXcB15Gtr6crG2Wb42NCfbA3bkH9LYCXYq4sjfzDyGzsNZ6KGSbV79HDmWRs9d7M4vpvJgi6FaSnAqTAvdpWrnv
1774264104	5nVLshzyxipzyVdnsMsQXnNvrT5cb5aBVhjaHXmR4g31JjDvgdHpQb3R3ER4xR3Edr8BPgtFKYbVKyASfCWsQ6D1
1774264104	5pjrMJyCkLwhztjaUksbee4n8rkXfZYTjbiFw8uwn6Wv5ayTeH6FT5mCJaUiJCCrwQzmcQaDqr8EeX5ybxT7PQE5
1774264099	4j9nrnLkPWkKxMQ2A1W4QmEKbjQnLrBMLphJEz94Wo9tcjnBdqfscJVa6vUBxr6UqXtiqx2NNJU45bsQ1tPtxSnJ
1774264099	Y2XWxVaufmNYJvjXcMGe9H2HZzTWxbYQVzdQ3L74AHRfQHpXWY4mko3416o8rzvYwCisLGdoo5Q58fbukxCMzK2
1774264099	4vjiPPUWdVPLpzc99dHoDThbUfdwFXVzvrFHW2oDHEHknhYd4z5QXZXr2WdAsNRDcR5nTtvrdYfYK5EGagJtgjJT
1774264097	5wrjhu3NR1WCDGS4MNgYnJ4mTLt6vbMJxDwzbE1vdUZXdA1BEQtDbeSXBzMqw6WujDmPkXW5C7Gc78EwxMbu7otN
1774264097	J34WjDHapCKNNCBHW93g8vThhAMVxpCmU7sDaJgFi95vTM1c5k6tSMjKq2Q7xbUSokj47qrgx12YhpheU58S9ND
1774263950	3BpgFgUSsZ2HfBDmWUKge46DKNvJVsyL6j6djtQtAAShER14sbZzsWmiUzE2SLMLserfogdzoYfnYNYVcBDZm27d
1774263950	vstLzgTLc5eweLqe5svFVipqqhoE8wvGoRtRf1RibC8BENcEEdBdg8NfkFhBptYtz67psqZiotbmcHcXZh3BixP
1774263950	4dVivtpuUhbxDDZobRVKuVCdqHKsm6wKNfo7Tjg1V6VHNyy9QwgPSb7ZEAZxervM3aRQJVdq2mcibioq9Ug39enh
1774263927	2iqupPhU6wyQZZhoJ9zbyuFEKGZoCH6LpVPkkQbajL4W7R8dGzjJyx1Hx8Av9gzEYxDMgLNRYAnTj93sokQtktyZ
1774263926	3P95yBGWaY49iGdP328Tm1NyoTCgiFpZwDwzM6wZrE5Xdtg8eNmsiUnHwr1jozekT5VHgsJum9QT9JKJgqyN9W9F
1774263314	4MBvo4J9STjvHmN3ezZZfcNcx6DuSCeMExZHgxAbTNjHPN1gbiTKiFCN1n6sJoMd29HuMqfseEYvHiQf5BNx7psY
1774254196	2vzZpaGYUgLymcqhWtBNM9dbkLpn1LznJ5meAiKpBjiQTAPMPwfwBqiUdUHdi5zHATjJASNJL4ru29QurzwYZd3T
1774253757	hyu4b7qEAJe2x584atFDqFrzuYYrYEm7aUcNT7wMxeoY85NKhS8Q4UncpvTmtMsjRG1KGMSX4m1FeeRMnrKok8r
1774249669	ehfpmPkAgtCQM5dsji14kALAavRwoGrs9wFBbKM8FaFNZ6BayAuBBgrVMbF8m88DuRvqyGHPDuWdG7QEieZCLWy
1774245127	sbWXJzo8rzWnJPcjxtxtKESMmxL1vsXWpS82FoCMxDv4MxQeEYXUaz47iWunGN29QnA8fiiTrYYxQRW3raxchWJ
1774241490	3eSKLQxzgdkUXsvKW7ucgmV8Atkjgf7882p8tktkdnW1qFhhJzXx11Yy9sgDKoay3fn5Lh5Lvo7Ag3LCvFdFHYHo
1774238791	36LqXJjqwe64F9j5XuxpeDSKFCyngyKQ5XN1xk7G19UYDZY3TZd9GDCti4VYhp89E96a5d3VYRwKzErPtkHBMsqW
1774238134	4F6qrEVvQM3sZ5J8w3iFGh1UCEnuJB57A83NmqCpu8EXEHi1CYeanToHgJ2iEqeorsEGJBScAneKFNgjQwYodJSP
1774237139	35utKSLuqLpGJdMhc2Ui3Khw7NvMm8xfEWsUoB5t8Qt34ef5PyeZ7YXyNTdgytFJxiuxUyN2VaCknTTE5LCd9Zwg
1774235084	5WsDyLhghtRgUMKg71bBvdbM1WX4AAkGsRgogsR762jxAaMXzbYqcsz6zZJ11dYxVkK8At8M7WmbbnoRVPLNkPso
1774235084	ru3GJ9p6RV1EhjkU3xLQDGMgyamN7KS9jcXd46KcrKoL516NbMaYtta8SYrxZ5YQhSSwpiiDMyppxNoH8MeHVqd
1774235083	3sDHXzjAZW8jT9TVGtPpZ9osJUAVWdtfUtLiGhwYhH6fMdwqiRAGxcHeuVwsTkaheWCgP9dga4JHkVUxxPeXKP5t
1774235083	FWzi2mJgjpm4URM6z1ca72Mn6LvMh7EtcDtsAxiBTajMwvWAWbxgYt7ko6kp2FupScJhPdXHnxKHFEThvxmvPnS
1774235082	4mtVUt6XFGKSGNaxgcuC8DojQTTZYLBYaXUEzySMrafxmSu7eTHPU6dW14EnrxU8pS9thUWPkqTXrwenwZng48P8
1774234467	3TazaNqi9oLTj12DeC8e3oChojNccXUR1VyySAfLtkmk4NZA7CYdokHiSVpo6fH4XwRUGrsAGwjqvTo4M8CUnQR5
1774234099	5QDdcjm6yL7aP9CGdFAUqMQT7HFLeZAgK1qij9AY228RdBoJ77x8N7YZoxGRzf1c2HmupgXykV6GkeeFgsH2JXJw
1774232781	kpxGTPqmtmaK4qQB3ty9C7h5ipVqdUC797B4yTFqoobjx9sdmnp8H8J3jrXgVft1LKTDP4jXmioUqK7ARbhGsBX
1774232344	8pX85F62mcZHvXR2DYUgFsCA3dXFiNkSUfKZ5uctNzrmc5gk3ypCRLYUrTnSHzATwgXvWWFmTbQ2f1EyiVu7UBD
1774229016	5d9DUQz3A4rtyLDktDMtci4te9D11gAEH8qwZmPtWk9p3BK2rkh8iLCUMgBeADfq6E8nqVpwYSw3GZDjKSNXjEnz
1774227613	62mxjujujWK9Gph7AuGGFfaepmRENrSsf29nJhNgFNzSFk56xddDUgcW5yNKEvwKoiZpm3LLn2i6EKUAzqp59N41
1774223951	4kX78GhfK8o23NC5VH4z8FRnHMPiucRiT8Vr63Hrne4ebJoJkEgruTkYRNWcw2aPquaPfc1S4dbK8CeE5zZkrz2k
1774220756	58cHqZUqtVY8xrZ5eGDc9XpP5BgWNJHnV2swHmXg6iAoJwruCUs5CP4h1Vqjre2XbNq75ViWRhEvyhW2RtMGwoXh
1774216940	2s88qs4p2umyumahTKd7LVdsxfqHXnSW34CsS3KDr3wxswWZMDQokbsQSZTU7DNtX9M8vG5ii41ZLZQnBSXHzoRu
1774215459	4SmMwLfWVXnmytGvvFVQ3vY8fQkipKp1VF61WkTTcXNpwu3fmpih7zyBcG6r12WBTujfCGbx9jLU4e4S1mo8sL2a
1774215432	33W6FSpatWsGS1RXJ9aXBRm8RsbLD5yqtfuii5Mv1PgbetbmLG71B7mnwZccAVs4dNZW2DkLrW8TJQ4Dyj4tzSzV
1774213377	2Es8dfJerovnjQ6SKkmd4aTmT4k2Mci2ojFjZcYf3RijTuAEc2DMq3eojgDU8NR9nh1QycNXBFdJ2ooyxE4KEs6M
1774212741	3oMGpFswZVQfMozEwfcMKM6wNnGYneBh3Y6tVpaahEAYoTkzreft2LT5xE7cT2f34V5QDxd4XdHUTKBHMHUEP8Dm
1774209788	5qq56go97XZwqqC4bFzPWJkRunBxptV4N6NTePA84ZXEqbkc5FsLEEtej4PscjMx5X4K7rS7BTPUUY3ZSE2BrBm4
1774209135	LJV5ebtxV9t3nFZQmuwkA2Fa2DZC7KAXythkosSz3GLfsmyBDc8zGYqyNkY995AXsZqTt68vKn9eysTRYixwiqX
1774208876	jzg85jZqR3soLYZMg8qfcjRt1XpC4azFDKmhFPpvbKkicun1BKwLyC4rtk8WseZB4MaFBD5bNt2GY9185VuKbUJ
1774208875	4K7cKpC4EJP7eyxjiZgZpSjLiK9QHN5bKGobgbnYHqEMsf925qpZojNEk4cbhfDRHvhQzFWTFRzzxbh1KRo8w68d
1774208875	5m3r5Unr11g8ADQThYdghJaHrWagPYRsecfMFTZwtSBhbNHw9vNhQ2Dr6oh2h3knb39JsVrVu8KZdzFxaxMu6wxj
1774208770	4ENmfKzTnfatYoCyrz3RPPB7GJ9bsgFMPB8MC77qDJqNNsekdqJkkELqD2pmiGLVRkv98PrDk3bnsRZEqvyEbSUC
1774208770	22WMRjq9zkEvCTqoJjFgpoxCepEvqWWR76w2DpEyNSr3TCd7Jf5ByxR8rrtXC6dyA8KKNRXnK3rdHssjTMj8cwFT
1774208769	ECvyE5uT5rpywQWFRL4PJBEm9Hy4kJwSCufXGoiocDQJRDffhhjCRh8N9QAT3mbrKKg5cgrobgUQpc7bhAWHeqC
1774208769	XhqaKCCTJXVbLGVoXRdwAayg5v61pM4ZhBsHZvfyGXb8D7Q1E9fZq8gniN8Pjk35b3WftFyA4Lh9KSvYT1ucCDJ
1774208769	5ZXaxRLau5jZGBnFFXdTYiNLYHqyP46a8HiGpcdkxKekNc6Bid41H47dFRHshfevibrfpGTdK5hQMmzPTc9Srmg4
1774208769	5mzne7Zm9tqx8dXHf1jcLTZUZT7Wk6rAtohPjzECziuk9rckvJSjQpknqXmFZ84HHqQVeSd9drfTqoEBxPcWof8u
1774208769	2xKuVMn1pPJS29r6tpu8QXhBuA26hoLwCMKoTd2BzxPFuBshr6WcJe5TVEpuRV6XGfMxijKzU1nxVXPoaZaWB8MB
1774203860	8E9tbnEwd9cpE2K7cuMazT8njftjDFqq3ixzHBK679nDX11KfXHXFvEKhn3KLZbCPTiA7mJCAbJEmnH2PwSGSbZ
1774203860	3znFGPMZ4bh5YLtJmahqMHzGprrnGNbaAMKEyyK5rUg1PN9HoaeuQJh5TfFrskSJnRrBmN8vCsySF2bLw7EyWF2p
1774203859	3uujdHVNKyKsvd52iE1iKWdnK74jMRBEAPT8rNvv5aJVeJf8mGhzjBvjw93tbP2tcfvVLCEk7H69fBsGGXPMyYXe
1774201846	eakmBASEjDzKzCUWxHNcG95STAyQYXS5xmh71jJ7UHMW6fY7X8DkkGVEFrdHL2ZdySMDyn6iGgkAeWU5sCc1yjH
1774200578	2uq8dnt919jWepapMMzDMJrfs5GHt1vXd7aapwX8PZqrJ5PHBXGkNmYHPnAkWDVSN8w3knQVaDa38bGSnMacCbKX
1774200413	1rGARZwv9fH5p8MfS99kEDrTjpT36JjkJru51XR4627csaocAe1FJC9U1QuAc4HEkkX4xWB2wUA2k7TYaWf2wTf
1774199373	5Q3JQMEg78rJKnWchs8ie96s3DbBEZwCsmY6PWXHF1GLjAkRRKGx2fPU3PZfmkMj9TytVTATyoBtMsL8hn5MkLxo
1774197733	27c3sAqGYcF2hWjiuXbAaBojGTz37qn7oUSJJPMy3uBLGw6dgbPvDQvYg5VZKH1ouWtfS2xqw38YhGNDfPuVPGHa
1774196535	27seSNyB2d4MF3zxKsxqHCzbxHmU4wM5GAUmN6nq15Bu97N65KSPstoeX3St6MKSmCkh9fY67j6oSdSKjMfHYhfs
1774196535	66ppuHRFppwyoHxbfJi1ToMLmSyhre3bLm6YVPGdX7gqoLcHgtp7JM3obGPJD9pWj5yYJJ2WryYmvbpiWAkon9nr
1774196535	26G3HHnrP1qDPe9LtyLwPi9npGR1rCsnbR5ExHdzeXe7ftLhPKQm5sSsjKB8T5VSQFaRf5uvJQAhBHrGuVJFEJhE
1774196535	5F4eNGoaQ7TSwQtdNer1Dv19RTe1ukieZCcGfqxJsUuLHHJT9Ra7V9vooFiM38LkJq1Zx1XSYPC5JPwrkHiM7Xa2
1774196535	5xsp2XHx6VnKVcQJ1bBDYyGz3V6oJK9uTYEAtryqpziBxPuTQKQoBZswH6u539oTcY5NJ82KzCYAK7er8BphbAtE
1774196535	4dqjG1SEuGt4iiJwDpM24FqNipwCgjX12MNgoRbEdBQBzz7MZvfQTvGssgksPf3naSLyGNC9UXqLuM73N8zKAHwY
1774194882	2nqQh97QgTjXpAuhu1Yu5zACYRePLJ1c872Hne5MzEe3sZP2WS36R91RU9yruYsg1UaZ71Xk2faTsMQY43By73EW
1774193102	3pwo1Rk8mwyjyg9nyx6jsBER2TtNHfayLjgbR3dGbSukpingzkukZkCfzY1RnxP26Ry7UYkRxgYisk6pp6Tzk1fh
1774186749	3WFWRczmyDSKV7Raj4gYZ8WzZCKj8Sm3KvdfaiN8FNoRKoyU5TT5g9FYzfSUAw1vjmKghqaE5J6DSvN33w5pMXDG
1774186531	4RxJmmwq4rrJLcrrYGPR6F5DgzB6aQtg15qbvuwEiYDaecQZeTrEZTywtSKBnbr37TgSEukeUSpC188twasRcv1T
1774186530	2zigGtVDrSRzdkHT3KMV26QSTREXkEwpfUNGckd2v2bPhhtYD3XtA7v4S6AX8WeK3irgs8TKjWKT6FFZLgHd3uTA
1774186530	3iUwYXaD2kN6JCpyGfNmdqH5Vmu3gEhbU4TDov6L7qPMELjHoS7xNPAKQrfUtjvkSqpZXRdRXYGh5UrAiseToaGG
1774186525	5RzEPwv3JUfUmuScRT5bqMdTYdpsUnweC69aKZDFQ9pMJDHPRrWCjpT2EnkaUN331XYMQWZsQgrwzLXTapjk3GVP
1774185753	3MF7QNFr7aYF3ccz7oqMu2g3z6rNJXJrtFKs8z9CnCAdMmBZZ8WgUScLfsmmmTM11v3FFm6omNcYrnPnQHLybLYm
1774185753	pzjiHxNmACLQxT7Hc2jj5PNQVBajmoELhiX3GiFf1j3LcS8EnyvkAFctDyLRh6pqs36zUqi7RRGouMFwcSUxbCX
1774185753	3qpUG43Yyk2vjKLv7o855xCVGQqVzPmYihRFXvuPPjEUxM7xwQ6tX32ooidjqB1wkfDtK3DTKuQ7MXsyeCcbbTSk
1774185753	5yCzRbXk9b27AM9FaVQLMzVvGEAV76ReCBEWVhevGTmVztLkfrTPc91XiF1C9sJS7Ss5jSGgo7TsJ4aiALty5Dco
1774185753	3bZqR8paVYQ571ARhUAzp3rHTsavweuL41jpPULu41RMkAjrbYF7KDpXBNgveUagA8kXTKAJX6gQetbJ3h2RJ4DR
1774185393	55g4uC6xJSErBwJJnyzr9ukQoMAaPRqCeGjL8WbBXi5ttEtTi2AGKuKbugHXNFVBaK3bYSHvpa2iqE1Q1NRLwtcD
1774175840	3PVtd25cQfEQXN7akifMkbYn8gGXXLo5g6Ecf8SpeMyQ6fQC83BtQYNiHQ2hZbg5n5QUNEcLeaG6NbANyoobwUiT
1774175839	3Dmf6sPJadXZLqfhiCyzu5LF8ezznvrT1Nez6eVPsoLvVMqTzUJ4khZJv4yXodbtEcURaiA5WokBC453DfzouNm1
1774175839	2neDzZcULVaTD4zLiwaFZtihjbqRB9RfSzuGuzCQH2WSXQ3ccfWFh44r5XpG3DjPvPk68k82utJ1FFXtGfFL5qSE
1774175838	3xAGUm9VqnUNdDwUHgwLyjTHQt5w7tL9kv8nG1MoztGhg2HA7EPUFBv92UwbEjhggPyFsJq3knUspVhijGpCU5oA
1774175838	2ZpgJLTjBJghftSjmFVsWfzgzQceYsBMsFdcUDrccBWm5tm9M7scRWJCBZPbjYWFLJK7TfLMpeMdyTwyT7m8QRH5
1774174894	NvVaWUHidc1UvZ1bJLSw3HNzsn2uwgsq6RRGnr3sNNQxGSsdUMG4LaMAkTDHF1RLiLJ2uC3tXJNcRQBLdeGMf9p
1774174655	4wjW4ZWbaK2AYYQBG5WPKjCgtvJPgbPyn7CNrBK8b7MR6S8EjjUJ1147sxdxJoSUusdYuF7fd1Q1MhUuEFMaQ3oo
1774171426	ZKgTvPath9vYV4KVu7zGhnqJFhCjkBMDWJmTBtshHkC6uvNNNnHwNRFyighySjxcEF3jPFga5WKGNpEntRsRNXa
1774171167	UD3nBjz8K1tKqHHFnAZj475aZHYW5qReWj9JuxAdjqM92JCkTsgZcmfJgSXRgVRLpJUt4p5HzaHCputoyRfjzcb
1774171167	36kR98DDHwBrG4JQAyvVR9AcMvhbbuMS37p8tcVxvDiRqejxP1vgA2wiEm7HvQ9bFs32rWyiQxhjcc7MYqnXuDju
1774171166	2eik1xXU8AchFUSKRsLcP8UaMxfVLEwcQVD6t2dNgrRhZSDNXkrzYXevuF8oET3993u67V7UXRjUeq3kfqNyBvLK
1774171165	5VzZUmqcXPKbfDdiz4fcqEkPbUQY51koK2fGYMpYpQS7RPiAvgLNzSqtby3HtzMHRJjbE7baUbSVfm4odZo7Rec2
1774171165	4d2WnFbnw78FgX3PDCpA1xj7266EKqqBzCWkspp6nNDD89fB7ATG1VCMSK3yNPiYWC7AYUJxQfR8gRZJGee1bSFp
1774171165	FdSUPshGZRxfZaHkEavDrBQAW7f3Ry9ryXCBkjkRp3Vk78GVjsAqR9gQGCN1dLHpfuDq4pvmXJ8v5JtTf1vvKZc
1774171165	5xL6pDBv1rP4HS2B8rBbw6VRJ3Y4gx4oW2ZUKNMCWLaURvZnnGyMu5Ee1mboMGGUVQiA14BZLRiR9BY45BxYBudx
1774171165	jufM7bzj7EjDwQDmbVkf79f8yS9BoLPkKy32V9uQ7mz3gQo6agXvVtLqwkDorWBibgJ7923ivA9rZohb7RM72Ao
1774171165	27KzjQAEkmN5RV5Zjvudz4bvpriP51bF9grvHFLHKs3NUtUsQ3n7qCQUwxMPHiumfahiCFhHGoJuW6i5RKWvXdUu
1774171165	2rsZj2h5cJwM35bV8tYuhCag3mg1nguik7Nn9urcWT8Qn2Zgvtcqesz8Gd9Gr9VQuoxFUVGjWrnCCGWTz1kj7rAj
1774171164	PX7qpBu2yas35fT5TnDMS9cTW6SAaauL9Gts3QmQPd7jSgA2bq1ZT2oC33kY467bidZSaivntJ5JUWi3L4uybMJ
1774171164	2VhhUE945JQNtaYRuDDLQ4JRb5K11h3iunynqrwysNkDzAtco2gvVgBtD7Q8c69f28zobyy5qX5z3bCujUroe4Gn
1774171164	3KchZZzq9nhyYRJ5Nfrtew7zwFgvWdsSNXj8LnG7FVVmLwH83q1XP278jvcv9iEkuVKVRC5tCjjDQYz92bX1pkyw
1774171164	22qN7i55fwHefNsPaJdthpbiBbDuFV7P1M7pSa1CT2Sva9sVYBdZdhm5ZEGHRsziBLxJQbHgJwn1jnZFKi6fpzbu
1774171142	3emsUhLcGATjkMaCT1p7jC7kzHUHb75E8SyycGgGHYBo9d85GFgp3z21gjzgCUznrZkcpz6M3rYTDnTbn7g1uhyx
1774171142	5QNFbfKpTjV5X5Zso3kjkZoo68DjG1KEw69Sg4MEnhD7e9gbYq6d3zopGcKnJpw1UoMHj3r12rB6hux5WyqpcHgB
1774171141	trp5ciykM6gKPYD6zVXRtuSN3KLJMaDd4rpiiu3ZdfUBXQvCfvmgk1mHhTiHwUU2hybcG4Lfcr8EU2jsx9jUwXA
1774171141	4icDnuGbQXq5Xo4jLgzwQ3YL5RxiqpZDDWHVQqSQJezjXZ6gervA6vUWTcJ51tHeA7hvh5PyUwhPzj7CWHh7DPYb
1774171141	652tjfguouoFoqTfn5vjWMVFURyXXAJVQhS5ztyv1giy1ToTLCsj5JxMAfc4Db2HgXjrjawcKVsjU9647rEMPbmt
1774171141	LdSZPL8KazUeVu7zzDiXUDnFp1rXiEDeFzyNuqRZUtypmhd6uJFJgR6c3dWfzKkrHab6SGrfr2tboN8V4ymukiS
1774171141	4ZCYYfuTgWK3AQWaCKvBoLAuhRBvAAShfWZhQPrHr6SRhVyy9keYnWVnkECCTbfKZwnXQfEi4Uja1P71eA1LLgtK
1774171141	5tvynZ3zJbjYTAbErL8BseYVqYLXgr6R65TxMLnyvfdK4spGRCWpHMQLU1n1r6nyTey8uj1WKFNm4BZTUhthX8Zx
1774171141	4eBwFjL4DpPAjCh7jEbhG1pTAWv6f6AvcqLizF3aNwhVtqodra8DW6dHPJvx1DHmrJFFzsKgUjY1FrbdyEteLaXw
1774169837	3f5LPaCBzY5ykp486s4FAU5WrnbwEkYTPLXcwYaxYRNqAWh3R7h7ph6qLKn14hbyoEyiTfAJEXzyM55ee8Qa8498
1774168293	2NfxiePPjNyLMYmXbfPFwXucG6Y46Pnx4eX5dqmaxxDDq169qceLG9caWnFJm3Yku7A4dxD6h6TVPQKhEXLmkcSQ
1774167638	4QrdkSDDZhprzAAKRep4wE4xXjfNE4qdRTDV16qE9EfM2bMRhRth48FCz3TGaNrSqmZUU219aTaHYqL3CXS9JjZN
1774167596	4qxDdbNqioqbWt5RHjtfUovydj9BssJtiUvUwBYD9w9qErT7aN47GVEhiTCf9mcE5C1WoVXrZteDiAivzsM7dudP
1774167521	5hi6xeh4o6E1Pr7yzjF6NQNYwjv5spqcnaAQwuVHZcNo44yjbANuUh198c5UYScs8P6GZEq1X59vL1bLPjPcjqFY
1774167519	eABL159RNfQGe8XLCj1B8y5othkgs1DPYZzi6nWH3ff2yPs841Cie1naA9dNL7X73PAjyyA1pRLoXA5tnqbH1WN
1774167186	2N3uBRJmkghrsvo7rEsmFSAgm6KVTuqxYh4EWAyRkn7ygeuZX6iB8AqJGWob1tgJ54AumXLdBb9MS8sNgFfe6Btz
1774165582	2G3wuE1mhi9zWgxPRbopdsLdeugq1LfbiTUAV2L8XcFiXg97GDyKb3gJFGQLD2JviWUZQPzQGntKBytyxv8xvkr5
1774165450	2Nx15XK6Mw81AqkGK9mir4DL2eeLabuue6iXN2k2dRxg3XMNLCFA4Fd8XDjrCuYi38a6RHK55erNq7TSHmcki71x
1774165448	mHBKzDpkjfojuAB6UbAZYjtQM1PsXPnUD6y5LHRkg9hxdfMFXWySeN23WHgcw5FpTiyNFjExxEUe6tMaMTnWwLG
1774165257	2dRs1arxq8FXqJ4TDWde5MwHn81KwU8Nih6avhazcG9bmmhtDXrJQXiBjPSVGt7VqJ6tD7bis7gGbMPofD8tC6Ti
1774165257	43ZxQ2c6J1Jg5VfrrVeQZox5eZLUFa1gsG5HkcqGVcQ7kZY2RmSg8cioS2NDgKzqcnrPGP1cUQnVevNS9jycfSXS
1774165167	23o8HShJYnjSofpwoMAX1chQxLKjYMkrDqGDDd5kt2gbNrpDFBR3kR99Ysh3ExHz3wiUxzigKhHvSKKjJjhJRzvm
1774160196	4oGDNZtfaeeS6uWdwwP3AYerBurDMy5EVXqvHbeJLaZrnJDDykw56uVyfQEHxUdiAFmx11aUVGR5pAnF2uf1aRFR
1774159717	4Step3LP5tNGNaq46y4yErkyoZBRpp5QDqdCbP4hi6onABMhNRCJoEk5ezdzFxvrypnPY8SosvyAshvRzuuUqM5W
1774157638	476JqDVCqDg3cvyXnifbCheVeWVAKWRHBsopnMVgYuy8qBEcsazTrZ5Fsfr6TxjPHoZmYEEPyt5x6YyLnG2wLR7J
1774157363	5ocemDvKb8AnPnEPeJSWWuEj29yGq8BbXCyCtDthVg48mJ3rYQ8C91Tt3QiH5VVu1xXTYEbuUDAuKJH1C7CKgRME
1774157244	4T9fFsf3mbFxDzse8zHbrswjxURsuC5cHCTaE31N7CeWnYTLFxsbxEPvb2nHV9Kx2RN5TBgaGKjHYJsWkLpfcT9J
1774157242	5zTgiPYM7TjPMHZUYEtqNsE2okCA4P9tztDMw5MSvn3qEfkRhAD9NGqnHXDNEuLskFFagqhNsa4aAxVhH5mAYfDQ
1774157204	3W5hvFS5gG5y9GHUSnCmnY3mBPoUbFwoUbp3KyrQi2fGZdkmPtePK6vmL26vJJhGTd3w9RCRDcNhoxidrFcYeDWp
1774157123	29i2UHqStJA6U1DrQ8vWoZ9orutrdhV5bqddDM3hwy8sAuU1S5PAu4VDcpXMXs7qD7WrekK6s1cG6iTqo7rZKotG
1774157076	5BWPD2sZsnBUZrRAkCkfZWnMTRMvspCV3dWrjxhYchpHs6rUbfh6aREcHLN2RjQFWuznLoXVhahmPdYMxfNVYxj9
1774157022	ZKdu4fzPLyVDKinFT4ia4GEYnWrMNtADc536RQnFmXqsfw7jGK6wBupSgahgzgfKDQu5BhSTe48TYbmLKzWUTtg
1774156969	4adud4Qk5R1PqLWBpVcBEafjZWXgi2RRFxHeKHN6zqYCSspmK7CoMBDVENV4owqKM4TY3YuELTZJtbRvpP1EUbnD
1774156916	4WscAZpUncx1Arh5ZhiC41WvvwDxzK2yaPPJCFocyE6PBMd7JHzC21ogQmZnKtsuWZmiMaVQrZKBv2FsJ5QpR3Yk
1774156835	5D5tm9Pm7144XDTzJrTZBsdKmTxp6njh9BohWqbfMPBxafNNnKVKSYqvUo1pnp6wdQBBz9CJRL3roHqLTgEy7fG1
1774156787	3MtL7f8WUvYhEM1gZ9B9uhw2LQnZYPmKmXdSJX9dBcXpSQb89a8thwvZMQfhD66ngkaqMB6xdkxFb5fV7gwSbrWw
1774156738	1nL3fTBP6cAzdnAPKvbSjLEtc8pjdx4Q3Q36mP86icR6fdkbWZfMENoqfiAbE9htWkxw6rDtj3MFCPhyYbChCjB
1774156662	2dZrue86vtbLDYC9aTszBp6966xbKLjVgaW8PoqxnHEuwPwdxWtbtt2FmouvpQXRRK8zFTziRfPLBm1WYj6TANJN
1774156569	453tyfQnvGABoY3EkyKMdt1weAeaYjzZMAeNKAThJxxj5XiBBXDKVaDSNhopLpMpgHrag1YKj7ACNP421SF118h4
1774156508	4JoZ5g9oW7QHMBETxJEtfjcPdLi8Xfftnt6wBaqyLd5fPfSpNV2AFsdckGoepFZWLNyNLVXvpTgjiKJW4uThyLs6
1774156483	4d8Adsbd7CY99KhZ1SHy3P1qELvqGaqpQgRZbKJDjsJBuSbHDcrSYmc7ZT5pAsY4W6xVC7YnhNGnhDQHQgEcrrby
1774156433	2GQxmUj3fjuGedYAKnpvSpDVerkt5J785QNTjGbTfS6RwqnUpuAT9KowC7EUtihyaLS8VSXZjyVfEBThnBc8myTR
1774156363	2KSdCt5x4vFZnpohauePGVKKp461xoJCH2fGjGNvisDPdChPkgdqjPD4kAKCfCzq9wky7C12UHTG6EpogBqtHs6q
1774154041	vYAoK9ftN61MeYNYxp4L3hxFSkRnbPhSKD6YGMTrgST42t1i7SBbJg1dqgG5Pe8q3jho9w5AC8PjCPvCFRAGgHC
1774150554	moRp978assVis6DK9Mbcb5PCQyRCHhRGLTmnHPBfXfP2tvtgaZDKVSznKxB9N2YRBBfJFSqkR4DzniY5sFt1V8J
1774149279	3xjr1CVEHjZwzgEMzFEy6xsZTfDjTVfa4MMk9xX916Dvy7eZm9WCagfm848kByx9iWfGBfrb94Vm9cjr8usP8U5T
1774149279	3L6tJf2HTrYbu11HV8i7yLz1SVUpyqzALdPga8thBmrw8xbFSZbfa2ejKngaBpKCqqK3AQ4byyxRTYuFxmChkpNK
1774149279	3M7CH55Z6DNWsiHMwLNXfa9zjjoXi1uVAxVp6zJ3YHDTbisuLH4vW4EbfYteYZPFVpSPkZ6TghP7AyKHqPBS3MW3
1774147990	m83FWeiT2ppeMVmw1NEPg7XviwMeH5hwV46Qr8Pe95x6fj4xBfTSMM3QskB3BPi5XktNZCFMUtbWxVMHn4LP5fX
1774147989	4cHY955diKZpSQDuq7hzGtVzkHf4vZx4uzYFKByuNTNw2qBeXuwg7XLMMSCSpRK7EWc6WEcjypS5tBzDAxqpqPdM
1774147929	3p7xxd431WceFCESen1RNdvVbtEFhz1eyoZodEC3RxjNGwdFv6uuy5RJ39ErTBqWcgEvzC13wSfL9wHRXxqXAdkq
1774147622	2cud4bZCkJDg8m5hKQZX9hS9NrB3rWTqUK7EtYhJBufAwQMnbfyFP2hp3CYaTnK7oDpqFCdXZc91amuZektuQpG7
1774146544	5WmEaoH8ZpXqdtgZBzZJj6xYMXwE1yuwyb7LAJkuXd3Wb1kT1KRyMuXCN7Mnm64GTrMZN73EReLEkURubVTpymqD
1774146544	4JVjpaPn8GVh7tXBbX54gYLoWY3Y2GhCT1A4wk5nvQ66MY3YvaA4bJDA8Hyj6GbR1PV58hb3R3WBTa7z93J9sk3P
1774144231	4nDVXL9ECNA9BY798Fjb6HDRPH5npJSVyLvpJGMJhufPafqgX7hVz1N8EWUxMag5RVfj1xVTHzbBNyZFd5DWRfCf
1774140033	5EGvHXMSKf1zMYsKKVnKBq3sSB6eBRhdtWTiBHKbkJBvefYv2aCDqCKq3zyJM1aZivw9hiR7G76gGXri5vBzCtmQ
1774140032	5oqScKTKvTK8gtfvjsminvifKWP3mmgev6sG7G4DWyXqpaeNpFGdCFvN2yogipZrScmzafmLuJuwWwRwd8RkwoWc
1774138083	5cTpdfwE6f4gdUf7PZ95DU7Cra2mQ9L1EY59s5CGs9dy1tadiyJTVJcX7TMRfxrKpNFTyVJ39GbCntWwo5ipQm8K
1774137632	489BvEk9SPKB3hvD66e76xm86Dd9YLeSqTnd288Dmd6sQDNXGruJsy2ZembogdvAq3a8gyxBugAa4nkQhNfwVtEq
1774137632	3ADD8Rvsk6j2YqPNYvsJaTJbEHgYVWL3abRjEitMUURdsLFnCz9GXMaZDVeFPWwGsiRcEp7KXxsLjXASXvySSxRa
1774137631	qzC8WCEg8Q9emwFAgU3KWNaYEzqZHke7wzuS1EkMCrhVvhkyMHopm8QjTRQuCZ3hJw3SjB15DffF55YJPafVkoj
1774137631	3mqnZdqVRpDqEPWCSA1pihoNYARMmutPuv3oymoQhQHFbgSLKokqQK81W9KCeaiLjgAYsjdpUuYThSuQhya9gnGH
1774137631	2y1oRhLTUf1iiT5WRdBfrc8VSn6LhsahY3QcgXAvSvpeCVjcy4XiMiC4F1N2CUxdHgRx8K8geGiChohr5JTDoBAc
1774137631	eYkFAFZYSu5NMHmFXE53dQ92F8g14mFrXEKAGJ3iYNcHRnzGTM5f3umxFx7MaWzvaeCYtUpuQ9MGj262bD8eKDB
1774137631	43kYYmQgNnAD16uLsfdkJn7cpuWhnq8ye724K7voP3scCnHDq4aAAyndJu1Hjgrh74ZtgQzxVg6RE1sfMfeczZpq
1774137631	3UDiEZiHd8hKiNheFgB19GkN3y3qY4nBrwAeatDouYUxPbXCq9E5pRA2woa1whY6CJ5WvjJPkgPtj4frZRBhpiPq
1774137574	1QLSeCmK7CLKLkfpAb14PLWzSUrSERdCxyA7tdu25tENuRp1vX2wG6HsZFPtrfbyuyuWnp3FMjqdWe4xqFeNdK5
1774137469	jmE7AWvZpeQsFmnGvnt2RGqH4Bbat6edFq9gMAzJinJukV2PPqLKue4KmmZY9eKMaAhJhnwX7LkzaThiuwdrkyh
1774137415	5ayrod3nWZyqWtygsrQD4WMkTeFvf8mUEcS2dZavmFTVmJ4N7Jv2drdGvosPJWqRXDwcKXEMPvB35Rh3tWEvFiyq
1774137414	5cVLYsqutEy7HabpuuZYKREZaLkaDTBzp2wWyWNrS3hLxVNfPWadpRrzyZKfhaKrJzQ5uxpHrpZv49WtHfAb58UM
1774137156	23J5MVggUs67WwZ6qHFXHvRvNKEv1ex2SyW4RDeUKUkNKrTRkzSmjcibRDgXPyQCTh5guzUJZz7FDYa2pcC1JEiV
1774137155	2pp42pc78PxMab1q8HbEiy7EPEAWDDgHeRHN7L2w9HYDWbeKsQoDpHyWkLrEnNth5yF4X8ijxLkPjQ1pNotk6HQv
1774137114	t5KKSbVCDPZ3Y6Swe1Sy8MBWEqCp1MY31D9YwusBL5g7oiaGhXwsba7Qxx6bmfiTcT5szGcPvZzjhJQJwHrjenA
1774137086	5s8rn1Fk6tAunYHNFhMUNK9QYZk6hRcjLrHxmBeq4h4husoWNWnuRbk97jKMJQrfbY1rdoe24eexDdpnxDUgFeyi
1774137085	5sZSMY313p4ofhnwYnK2Chf25Mu97S3yxQi6shQfxzVqyraTEM5KSibzS6z5Sh4zxE2PWXQQtfGU7Pu1xBEErREQ
1774137084	29Kk9ECFm6Sib2adD98tF7RsEDbnFm3ispckiRjKwZcDmvPKdNsLsSn1M9xCrCmkLcYXeqqzwiQHiNvTZFPVLLQg
1774129291	2XB1jitEj8BSZq9HbhfRYnMNTmgWeQyT4AyVjfe3sCTUxxNi99kXZ165N1Gma6p95fWG94UWDUyKCrcZecE36BwS
1774129262	5uVHXQg1rqLrtCraKzYxVruYxXnJdoqPUJkxPuUt2UgiSbbnmiTAkPjhuYHB52K2BGvmztuZhw6fc3S21rwguPwi
1774125073	4diRnzjDFqy9ioJX3pXCCfWnBHcPrQ4Amfto36ozBAQq5oXVAKn3JPN8if7wBWuvsbFvNoCcnvVdvCx9wEu1GtpU
1774122401	4ydoVXQA3XMCEHLkvpvNL6Sec1cuAPK6S3sk1NTFpc9BuX21E5R7mKcUdUFxvZsc7snNBkEWdW1Tm5prWHzzQmMF
1774122315	3nmJw13RaHs1Y1uyRvyqhZbSY1xzkJxyTuri3znyQ4NPvmxbbq6iDgMFqDUr4fPGinHiZGvXWayjyVpw4stb3yXA
1774120955	2nwEg77zKj88YUNkXQSR4m1QMZu8MTjjaegEEsUtdi6ri4kKU8CC9TXuBrJ2YjsM88Bx23viWbwM64SfMpf6NjTa
1774119623	4mQ8BLPiYVhsL7z4QcaL2yi6bxTkzieV5Wvjp2qCnwNUNhUvWDYYks3RQ36abjgbHcxoR4ERy7MzmS2en9s9mgZr
1774119477	2Wr1YDYxqt3Uv18CyJXr6oJXMZwXhMGU8UngLMhEdNNVQGaE3BC9nXCnTj6yTr12k42cBSBjFgAXmLTR6U8sgYft
1774115509	zeUJUotuBNMeYfofY2QfcRCaraWzBwrtndKzhKRBLyzryawfAb4ouht3wwKM7ugRVDb8xBZ1Mcbk7BhSZsXp8mZ
1774110390	5TYRUbUqD9uZrsBSDjV61VAbXYU8RK4Ty8shq5HZNxXRdkyVbDWjkvzbtyPjjm6fFUH5KdKFJVeUhTUUEALyivqt
1774108685	4c2s7o6ozuEujcyJBntoDG8SSYsEQqjAfA5bXGxNk7VNTPqiUMUFEdM7Me5oGFfd1aq5LKkLGZczoG6FJheM28m7
1774103899	4TLqqRMvof4gU9zTRszBjN9S8wY3iBLBztYWg8Jac4TuaeB6SqvX2j5y2WAc7wioiianNuHgvabzJzuHphNnkRaB
1774103726	4zPVV1nNMHwxJTxbqypHMvsof8vz6J3VCnvWCnRcsd6vcAmkj9wZUtBfABrbCG7eb7DiCd37tEUfcXbrhqJjkYpE
1774103726	31yiy6i1PuiBFX53qYqVHpa8T1bPvVL7FUd3RfkzGBnVyVgHseQSqCQESUowoWogwjYJMs9wx16PjR5WEMRKaEie
1774103725	4kHv6ndvD6kUBkZMCZddw5aixUkFoVF64DhWQVTEt4EoP4ifBTzpq42aqkE1obFTFnPBMzacwemkMsKaxNHTJm8y
1774103590	2HAGzcM1tRA3uq18ajSNapN1vfc236FZViGYRdwNUnBDERfLa97aPKCbjwAB7zSnknnboCAn5DFGLRLaA19YZP7f
1774097874	CMZn5jXEz93P9HxjaQ9TeAWFfhFo2bzg1pWGDVaMSTi1abUF5uR424ATcrJSYq6UgNgSshTPCsRjWDYuVH4zNJY
1774096577	SXMpsXT3Qy4xqqbY7wPoCttXfGPsJ83H5NorG2V8QEZMafbRxS7vesiMp8LM9tawVuARz7aKFyRodHn7gwD4T8G
1774096201	2jy8WJ4tqQ7C8mNkPSayz26AN5JGFpLs62zVFUac1wPqk4gh8tDjKnLwZRGNJJ9XBHdYxubAZQ1cxo5FPAxifsg8
1774095693	3MHvZGawFzbj8HU6HJiHQTwWPSF2AmVoZ4M58Ze8R6ExotT54hyUEvQ34gRgTBrkpx4C8UqoEojJNXrgSJKeeAxw
1774094540	5WmpeTiDQQD769czkKHH3agUXweKpbhn9AQLCUp1JHQynWozw83pLJejdX1fVRWNpP7DTrCUnLomLzeaRBU3xxYf
1774094540	31kT2MhZxFeRk8JNo36CppqGyWipP4jYNaYeMX1wnbmm7tADcydDZVpphQEqZsXrdZEgXHY3F4X6UTSgZEj6MRjy
1774094540	5qz8XgQuPRd9muQxMbXcwu2TzXBVoxZDK2bPPEdpNfwsoysMy1srJ8qxvHFjhNqsWjYiCd6MiHPLokPXxTgGWxo4
1774094539	5YThRdS124GsejFbpuYohZA4WMLHZCRHPue7A1BS4SVQs4gt2GXU5D469uYLEkYsLSLoyGDRPeudtbiVnqc9KHEg
1774094539	5FMMwfEZorPGPHWeXSze9s824o2Hb3ZBJ26x4ANzn9cquCoABhhZKrcHTNMJB2h3rhmznW64xMufCVHZ3a9o2GjR
1774094412	3v1jL7vLQLrD7AprCKhHp63Zucpn1AAAhbQA7fm2vqQrQdYmuAbUUGePYCn8P2JpW2jm1qWX6gS7xRUQKDgxRnUB
1774094411	5oWHX4EBB3YwiaV6FJpV64pGEuib5dj19FWiuLLDC5ATqynck4ybxBUNwBDHo3wo7kFaTTmkpSCk7HtvGrMMc1vF
1774094411	5uJFDuChB1jMhuZVmzRpPotpfUW8cEbtaZ8xBbB3iUouUhwrujdCVhK7ijLynGLKgmFWdCVJFjv2f4mXEWmuySrn
1774094411	RKJRcgd3vETcLb8Vwm3c2abrW17s9uYZwbmfbdgqDSmso9NR8G8VqTLTtASC38s7pHzoCLKNmYiALHz1BrsmJVt
1774094411	5vkDYGkmwkKKwq6i751qL5QqKbPKxnnSUd49Uwron1BqRvyWqJjscrMT41ozn84388fAwsCtL18fnXotCsnatDF1
1774094411	3W8JDqKwem5hLr7h7nyYznQRnMsVUmjesTFHPDVcWwKRmCPP2GYdtthmJ2C39C5KDVpMxphucnR1B5VDiRov2ZkC
1774094411	gqYoFk7aUkb6dpxpb94STciJaAYPGeLSYJ8rnk9TJq3LsowcJeyKGWoTodPNUPNtsHiCCD2BkMXTqT9ceTWJRKZ
1774094337	23HxAgXFawtVj14AW4iHY2vJ44quP2VppqqbVs4Rv2HFVDcEtG3a7xCqgF4eZBqkNpYZ4k8AhKgLbYbromBgRXFq
1774093647	4HLJhMXJjcsRLepsyeGTmf8eKe1HaBo7cXXBb6B4e9Tin9rx4qb5hp3Kaoybtj4CnWcJXtsdAx8X6pjHpsUpy6kE
1774091743	5UuSD1AtLR9B1FuB7Mst9BP4hdPG64W1zZtD54uEzCiXaMBH4S12XXSGjQa8FZ7iPBrRE2nipEwQ5BKoJ3GymnzH
1774089026	4Dstbqp8Bz2d7sh545CubodVLMjSYw83kecr8z95jayBzphJuiNZFRbQz89w9VK4zpmLjfp1XdxcZ4vJ4PaJxTvJ
1774088575	4xLvL97C8arwpv7xKKmpHKctfA68TsLy5i5StNAzF3FVL5FoR7wQYkAZQGqUruEJVaqSnPpaX5L5nB3u71ne6eRn
1774087749	2koQPtZBXRwUqFbgExbByyJxVVcvG19aWSSk5odCdetYYnCS7cFE3GFAqJvAx3ZSNWHUyX2U12sjqZNneWCBNrRp
1774087667	VoWHzVdBc8fmsQ4ZcvSL4EuL7WTP33P2jdYeA8evsEezFjV9kqyVqrBZZvWujFYfzzC38kFVkKPyEUYxKQaAh3X
1774086768	3aXSzyFvFZp1ccdSSd5G1qcPZgvPWKvf5Mryt8rT9mjFCwVFJZh32rZ33yNR96ypLVUTysCa2o6TAwep9nNXTh5m
1774086641	4jziu5zTdf4b4MTUYvHwRYWyrohjdtP2dA2bXCysrJpVKW6jp4ZPS2Bdpu5kU1rt7FdTj5ugTGLHyBAE8BmYxxwF
1774086635	CVCuWaXUhdV3DqvwzXQVXABKvhNbmc2mk73ZTV8kdpXfDaFhwT2jGFny7rwPpCiEwm4wpE6UhBUD3WEjXPmGAFz
1774085895	48dt5Egsk6KLb58Bm9CSJFEx8RzXc49vqN7CfpwmWCqSm8YH4RPp2Wfy7yiNqdceCjZ9mutuuMPJEvWx1rniDtmH
1774080787	5HYZyggjKYxXAKd2eemhQkV3ZopzfK62JbPMyB94ejbEPLeE44n428ZRpxTfUWjKpnDn1yYS4o5ERY8W5Tgs77w9
1774074590	MtwSz5wu3uzzgFsZU4nduk9vZ5FbPdLygmorN4M5dtFZfgUfB3h3ot6eFPz3X6jAyb6yywUgXqSNEFSnmuzRfwb
1774074210	fAVqf66APTG5AWRxNH7VGFE7p4vpSgG1KRcZjegjk3iMH5kRgxakeJ78a5u3iR6zQcsjv7a9UsPaaWRm77ngnxJ
1774070298	P5wRGzCSYEMt9XG4e2bzZhidM8CA9mPywoiWkstBCZzrcQs1WRjexwDxxpQftwnKcMybXBZYYCaaxk9PmppVQhJ
1774069882	2557YiE167cCXEJuRXFA7weRUVAoKpnhHRUwPgc3fhbKoPAJryo4Kqsdetivu1gd4tCd8dqzLA4kWnLQrmJ8Rw5v
1774065996	3kwYRsNvMDHxxpQKNaXvFP7UGyBsMXJFXyT4iuCZdiqULWxa2xat8Qj3VLsCKDRqjxeAZ5RKbcRPC6kiDTicirsR
1774065828	5P5axXt56zs9JAT7QiWaE834LmkMoZZU6js79HAwpdrmQDdrvvNBnX1qdz7PL6rqXaqhW7VqCG2ST8CmmKPPxcDq
1774065794	4DqZNjfFVPHSy6N3NwsW1K3b2qjs2zrcC9jE5xY4GAAovswGHtNR34JG9GiYZ3SByDPoBZUETsBpZovFfSt6GEGE
1774065223	3jooFtQqBdyzTfZLtTxD69jSQXDMp51mzjarz8MQ7uugkDepLBu1u14SG2hE7cwenRPq3GLgeyJour7iQJnW3r1X
1774065222	5k9RHp69dUZrHMzoWgsaytSzxPjMpYSPdRrv839YMnm5M7jrfbypmFWU7pwxgbuJKEPGbPL6jdzLReFRPdc6vMWo
1774061560	56DBTyRuSeDPzDMpJvB3GpvcjPGTfiQUohJtc4Y3ih4xEuPHs47wv73Gom7Amoz8gTtTQPquPz5TtYxDwQX4aUnr
1774060433	5xssLsQeRsTdY84NwF1g4hHiQ4965DucWx5x1ocwU488Kd9uDCRVr1S5GHTLnwZtC7M82Ai13gjzWY7waBqBrw1e
1774057947	3ePAGbui3SwwFPLT85SoMeGYx9VA4RfzaTUJ2LAWxZ57g8pErzQz6JFgvpKrBb99yYxptd8nFQ8JqYDyZBovJiqj
1774049505	5MwDwNYJJBwicVx2aVKU3CaWAfjAuv4jeLBQG6arUpCAb9VQfSVzXbX7GEFB1H6m5N24QE3wGC5JKWR2kYan7N7J
1774049505	3o8YYsTGPmzkBerZn1ZXbLRdwmc6r3hYdjBgt38erxSau1EbMGjgEfnZko53NmxVyqyZBdDUrhjQnRbEPCMjmEZs
1774049504	evyBJMUneL54SptXsHgqHPysfSUxcfRqBR8pRKSyRjcrU9kxB4ueKWQ7iSF8hBaEeBaqM4BssupvcyFogAWdr6n
1774049503	5uBPH9yEY3csDJVCTxY5XxBrR2b6H8xn8tWWKji2RUiVHtYibfBSmpbz4Us9EiBLNqbCczAtL7wikqVPWY9UHTqP
1774049503	4n81R9BnPEDqibhYFHVbz1M2s7fFFbDnoK7kgYdyn1wMocRW4uxL1KUoSd38mTFZgMgs7DSphUWYwjWYWLeWLQoy
1774049050	Fy8YFCDSfb4kWVrnxaHJA2vMrTcRGjopbQ3tpbWq8E231Wmhjrj4B194Vw3oTQJV3xo1BPPhY7LaAEvLZVkSV7g
1774048874	5XMLCGxYpScyKs7h17FbHZHnbynBE7HUanAEPQig2tUu29pjeDyNXcPBdHHaZzFZxYuizssonf2Tf4TZFZmqJLdF
1774048873	3B8nZov2V2iMdFUKboU9RebSc6NoxKG3YLY74aXZVQJXH4HQ2v2iUhGjZssB62wrZB4BQLXvEut63sfG23z7rEoW
1774044581	51uCG6tH4XARcM34ZxcJuQeTyVgJMexz8akP5qou8a2xjGNuDPCBeB3eHmffS7STfHaDNLKbb8yViUXsSWLRuWSA
1774043284	2t8adcNBSWeQuCdMCSnSYZ49qDey2tJhh3v37vipNRDQqnPBmYkZsHJwmpKf3JAjCWT8G9UCSB1dRLa9xctnceww
1774042359	Bc9SKxMhGwvuGTty9iJozgkFLrXE1XCdH1k63gAGHkatUbkCknZNz9bPud58vkpogjwXsYaBSsURbU6A1YRavqd
1774042358	7fHdbd8nFMjdGfMGK3W42YBhxpKrGZufZdEvZX9Xwn5KHw5HuEvbonyhT18zzgprAmj52KJRHogwbYEXvP39yk8
1774042125	2sCabN6LvXf3WT9ZVModHEC5W9D8pt489GFDuXkLayLv4zRnbW7ZmAwQKLuTayuUtBiVRY3NtJfaKQKAJJPbiNJz
1774042124	239JCEfHr1L7QmUwnEUpZcWiscYVDeVHDGGRYbwrLhBMcWRD4pGgXywznoxTALVddZVBAsMxwwAgTwTDAKY7ApQN
1774042124	2UkyvGAfZhWM57qtHY19TQgrDDaJni3cwgz63PZ2EuoSh6K7NXyLzLWCmE3L3Qh6u1jFaWy4KAL6TM52NvQoVTzF
1774042019	58mrrbeHcxquXACM3qCPXoTKh1C2MzhyvXuKjp3FXPZeDehJNNbobB9BKsgKtL5tm2LuEH6MZ3vPUkwZFpSDo2D
1774041851	5cFKuSQhRN3cz1kXRLnWJAVgVZwvMJY6xRin3eKkYrPEarhQhH1ErmApCYvMTYysCoiJFurbFgrbdEh4ZCkzunVG
1774041545	7un93JTdQYThqSHcBBEaAbo8S8n8pYBtRjXtEnsTbEsWoLi7jH8knE3dhe5GkR6YUYPpbY2SdwxouLn5RbgF5Rc
1774041544	V3n9F61PKpVawF33BN8EcudgittvzDMnUiLdi3mRoLWvcykYFjQLotP4AULbcf47mH5Qxx4PNVDcmRXx3Q8x74L
1774039181	4DassNAnjDeo1sSyzxcSKfHDCrTY8RC5AiDFrFuuqS4341xzcNUcwkACgx9DXQkq8Ed5Rv4WaxsFwmPSWADEoy4u
1774037674	3wpLLNA5KJYPPtrfGA1iB1y1M2adF2vFKUqejWnWd9P8UE7E14dEgZLhqEj1KAipEiFry9gU6gxPNvfgLh6R695K
1774034932	64etYsJbMfnRgZtm2DNQtMo8pTDojJQH1UawL192f3WchpkEsNTpoaU9eNdcQJcinYLg66En5vMPgwJQxhhi96uv
1774026620	64VG3dLixkE4q6P8LThfQSVXSMtNPDZEhySDa4nZetxm8Qw8PeGiTYSTEfQfnYdGk2mktqc9Hwx5gAMFfyEu2WGD
1774020160	3BLgDUySpCnMBix4U4egGELDt8WF9hXokZKiNNT8s6cA398cxhcYhVFK2PRuJ2GhEt31JPjrMvTpidcCMeeDeYfi
1774019970	39gug1iihqGZHB8ADsEsXcctea4fWjyFnnocXUSf51HJ9TwgcW9e4cu5faot3j7GbhpMFRkTJccK8B7EgmmP5tpz
1774019831	4i6RNrJyxyrRtn3V7PFXWYUvnhfjnUoZ8wLxhE7DPTsLJKCbRMirnxagLx7uwD5B5Tb272UHZWqkjWo7MEAhMRhW
1774019799	3YL9c8VGnjmgKjNWDMXSeDxTyZdEJ5GkVnd9ZHFi6p3arWNwJUNJg116JGKvG1fKtMRKGBHT3fedGDAVrP5JH6hq
1774019788	hfDed7KWhPJwBxTRyuYuxHb7r4D1LEeMixmVk6aotQXsyRqcaPNrjMdGHtooUHpjYUWAeroeNczDAdjr3CF8Quh
1774019775	3GxZjbSw47CPLWhtAnck6dKx3YXXw1DSgCM3nkbsVb9KQWmjNuFPqrEWmjfCzSRFkoyyVbvm4Mrwr5MZcf49Bd5a
1774019743	z9Vi4JizgWc4eFdECtfvRjRRR8ap3GH7XB3UwHcoVYeuGrojiVEvZs9m49nJeK5589DoGndeg3EoDpQCq7KM6uF
1774019339	3LcWur4dK5qgGtRbbZuV9oWzgYipJtGRJiEB29W45jhhuUgpB5pmGodhZEuQZpfVzdzteaeKhmykwkjmTmT5D3V6
1774018585	3MmMMmq9cnH86SUpkbXZ5t335eyJMW7MzrqU7kwhkuzP6rR48WYsfsdeR8Fc4ryq6LZfGPPwhLRJ4NpyUbrZ3smY
1774016671	2DMb8WevgMdr9WUVNZHr2UcvKMj9xNNNjP2ejA29rfnm7xzYpwFpuvVbV9hnimZVMKpoSqWrNt9kKz1vTPZSj1Qr
1774012156	4NNw8HCSGvDwexVeNF1qk2ToZnSMP8z9yFYGWv3kHpwKJdx8HFd8yXP58Sde7wZM7ytZjx1RmdP2gEXMfXfZBri7
1774011923	29tGd7s9oGkNtpCGEvh5R6zhByoXm7Yz2qtnxVwaBtcWyHXWZBgwCXWqjaK9XM9z5ohZBjtM5hDBzNEyhkmnCuDs
1774011333	eQND6SPBx1ZyYCyi2Xne1v7zAGuXBs3JmxNf7xWZBBEMvZ8xo2aKGv9Hwqeq4VqBswwihXRQJPc7veSKVePshTz
1774011332	MWzp9pJoptNgvZGWbYQY6aXqrABRw8fYoq68DUMDbqTtz3X2Cofrap8MoRXtzWjS7qPeXF5S5egA2vjwo9YuQvy
1774011331	5KNHm8185j2C1tWf9WmWSc826qHkDpF9JmkbEAsofwmSvwpAPij2bKL4GdQkaYddBR5E794UNg1b8znrjkqa99bj
1774008336	5TafNtsgKuaKaJKFMsnXHd2hH5baj6awuoJh6dCQ53bd7UJuZWCohdz7SJViPNk5AKSVx6QQpWpTCUySReuq2aBw
1774000552	MRjARi3qQt4TCLXgpxPpDZ5pe19AFwXBE1KVj6LQpjVzCBM4GwMN6azSUif4n13oM6hxRBTNCCKGXoiEaMFoz4E
1773999179	4g9rhNXNn5cCUEP1RGyErW1AZgpPTr5SvUrHzqQoyY1Y1qe3KKFtCwVksLMj3esAJA2fGW6eZ9yrGUtyKTifs4Uk
1773999178	5h1z4QfLNFRRBuyQsuceTiHRaYH4mVLhPZqB87V2TikMYmsxTsaxLbw2Aopz4xYgMUBmecG8crxRi7ZT98daV9Pw
1773999177	24Mofu19N5Lor8aDJopWKnnFcMB1aQtDEcWZQoJufiXmdpYeDXWerfj4WyyeFGaBrsSok4JMFMCha9Fz3iD9ZJe5
1773999177	4YZdfyYYmc1awWNGcue3hv3gajKSukzrxyxWGLQh26cDwJ3TTPqZmSEgYgHjjckdXZpRyNw4eh9ohKDmjf2PzKK9
1773999177	39YBCkWTx9rPJUTSw3dK4we6AZJcamwPqKV83nPnjCfBkkaDgopr8Ft9EmyZpiDGjAX77EEG1MRfrXBBbwwCzE2W
1773999177	2RTMHfrtTH1ydP8Avmg79vpGR386sgfeS9bFu5jY5poHzy4Vf82r5ASEFXzBaMUCnx2LcbdErSj1ju1qEeQnpH7W
1773999012	4BCpGDtTDbNEfD6JKbXo8saVVM6TVKhdrFGTx8Dah4txNuecsHWfzX1JA9TAL3q1Mu5zE1aixHPJZpDots78HmYh
1773998993	2kMc7kEJRodCnhkQDE8fSbaQ8r4NhA4SCvW9nWtg482tAvR37iqyVxx9kHX525r6TnEyze5h5vYMTkK9gTWXJHhN
1773998793	3rFr2gj5nov163F3FhCGYa7v8ZXNArxg5ecSgNY8oYgg6RMLPmoH9EfSkfm3PnwBBb22DuKHqSm3x91oMt8Q3Da1
1773991010	24RuLeJMbwiC3BBs113dp7pRRac3N8FTPVuaar4FTPQvUABS6mbXtiTWiUUytt1yR6rFYQc28M3w1uNaXLiBcnrg
1773987372	5KcDBxUKwABQwsdSZ1Mspf5xvTDhDrhah9PBTyMv8Eo9p6U3NTccmo46trCB5aU4u6F3LMdXpWmbkqp8jMwp6DNP
1773979783	2kEeeAhRyuNXW6vMdAF2aZhY13TkhZXy5VxbqosfQzzcgpNbkNkvHXB4LchhQvaGNGdKViKcXCrd24bUjtQAC8t
1773979673	3HpsV3cTGNwBikwSJVykSYkMrKHp736ggWMAZqrzwssEC5pzZKz8fkvLb5ACbNnp3SPJWNoTfVqnuUhrj412X78Z
1773979673	RUaC9hdzeLPpQREGcnuaq4YvMWSjndJEXKVmcFmrpXKnTSNmGbpJQeuy9YwvxY8qejpfvUnPoj4eFzbiUg6XzZe
1773971211	2b4bQZ7uVrygt8iCwUpijntyY2Up8vfcCZj3i1YaDPRbGiy9JtGHjyjqZkQFH3Cx3qzPC7fH9vggehATqpoEk3pD
1773970107	3LXV6dVcMkXbqZGgdrZuPUFYD2iNTWLhjjzwCf1iYRCEbucMLzDoNNuRiQwURpQyqwQAonVSU9ZwLoTivCgSeekZ
1773966981	61BrPCNRMM1Rvp1fVjMJZTHwpPpcgrUu3jQKmU6uJgrAqMXHxH9N9AW5moCht8mv38UTveLwUf2mLyieUpXNcZjw
1773964534	JJw1dWZj82w9q9i4ZyZoG9dUx6gdnZdMz9FKE2VjJyGnXzLwXUbAjYou3dkB9m8TKZ8k84KTPVy8bxxZw7ryjTg
1773964054	YRor8ddQS21iwQ38UtUAiA3YRX95gGegzqJgAfk4Mzk9twyTDJZBpkW6vp52VaSLVeTrxX8EJSWcJ86euAmjrp8
1773962714	2BvUH9QDhPU2temZBxS69P2pzN7XVwVJR3uUaNr62hx1Q6tmYQAeBquPfEtLSP48bzQEYiKUDvRariDpsBJbhc3f
1773962669	jwyco3mtE3a91CKcbQWrVau9pjKoZwH4vpJ3Lf9qhhymzPAmYGRdKbMnyvCYh8E6Kx6qzB9vephWZ6tkfibRC5E
1773960642	3wbBnpvaxZ5Ts1hkR4yWTuBJ4MRCXt767nV8Lvh9rwMEAvxsZEAngvJjmgum4e9Lw6yA82t5guxsirSFHZTzRzic
1773957259	3QMsWacn3u7FfoHM3ToQvrU7D2797dnNp9MrRqY6fEFMVwYAxPN5Ltvc6SXQWCND6PpCFxnUJ7DvU7BKhBaBNJtE
1773957228	5FUxXM3sLugirZUEKTJjm1qcGHHbWboN4KCkcsLSoLuc449h2P8YcBBXPYg1YkbAzVhMhSxvvK7w9YH1kkYxs4Wg
1773956654	wV3ThcVMdWPQUBYYx1A3M8Knywhk2yWPpZad7zjGdYtgFBLca7f1hpod95hdXbMb8ZRJzavFo2abSNr42oiHijw
1773953867	4N7qUGfWYWPeqcVj9C6ajBMnqsNCTkFa4MfmE9RvMpJBfNPyChWbCxawPjxiB6xoKP1LJLNVJJ32VdnubxBGjtiD
1773953246	Y7BYdAeQeNb1D95xNv54Wado7Bq7oP6q6V7ukS4buU4XKeAEmj3pfAGiZuPULReAhTomPAJJKLW7TthyVQS266X
1773953201	6opxBps4unQEFnP2BAWBvsGz4Q4JcokFcyGf7VxA6NX7FTwG4aHEzjzzMB2yGzYbuALi9sYAz8wKi4iDkMGmErE
1773951573	4a9N7bkUFBB8EW2hKtNDLemjsEpmXKJ8GxFv7nLGmZ8kMtnyXUhcRXBu5rL99Td92DFJgWDP18rJwAacmPK1nyZZ
